[
	{
		"lng" : 114.029113,
		"lat" : 22.609725,
		"value" : 3269
	},
	{
		"lng" : 114.116746,
		"lat" : 22.560244,
		"value" : 1800
	},
	{
		"lng" : 114.037033,
		"lat" : 22.665243,
		"value" : 1746
	},
	{
		"lng" : 114.060681,
		"lat" : 22.626833,
		"value" : 1687
	},
	{
		"lng" : 114.123749,
		"lat" : 22.617382,
		"value" : 1527
	},
	{
		"lng" : 113.899146,
		"lat" : 22.563762,
		"value" : 1396
	},
	{
		"lng" : 113.846792,
		"lat" : 22.601363,
		"value" : 1336
	},
	{
		"lng" : 114.069273,
		"lat" : 22.515737,
		"value" : 1299
	},
	{
		"lng" : 114.147644,
		"lat" : 22.61989,
		"value" : 1248
	},
	{
		"lng" : 114.030946,
		"lat" : 22.671135,
		"value" : 1183
	},
	{
		"lng" : 114.06017,
		"lat" : 22.548627,
		"value" : 1162
	},
	{
		"lng" : 114.04085,
		"lat" : 22.617545,
		"value" : 1102
	},
	{
		"lng" : 114.065915,
		"lat" : 22.523226,
		"value" : 1087
	},
	{
		"lng" : 114.030946,
		"lat" : 22.671135,
		"value" : 1024
	},
	{
		"lng" : 114.042431,
		"lat" : 22.601505,
		"value" : 925
	},
	{
		"lng" : 113.954396,
		"lat" : 22.580677,
		"value" : 891
	},
	{
		"lng" : 114.107811,
		"lat" : 22.5418,
		"value" : 879
	},
	{
		"lng" : 113.968773,
		"lat" : 22.53944,
		"value" : 839
	},
	{
		"lng" : 114.043343,
		"lat" : 22.553419,
		"value" : 833
	},
	{
		"lng" : 114.208994,
		"lat" : 22.648442,
		"value" : 832
	},
	{
		"lng" : 114.116939,
		"lat" : 22.544232,
		"value" : 825
	},
	{
		"lng" : 114.110773,
		"lat" : 22.613581,
		"value" : 823
	},
	{
		"lng" : 113.915072,
		"lat" : 22.532232,
		"value" : 814
	},
	{
		"lng" : 114.053191,
		"lat" : 22.624917,
		"value" : 783
	},
	{
		"lng" : 113.912877,
		"lat" : 22.542716,
		"value" : 775
	},
	{
		"lng" : 113.974216,
		"lat" : 22.5369,
		"value" : 765
	},
	{
		"lng" : 113.924857,
		"lat" : 22.532357,
		"value" : 745
	},
	{
		"lng" : 113.904158,
		"lat" : 22.568964,
		"value" : 741
	},
	{
		"lng" : 114.277422,
		"lat" : 22.728806,
		"value" : 717
	},
	{
		"lng" : 114.028282,
		"lat" : 22.529348,
		"value" : 702
	},
	{
		"lng" : 114.113825,
		"lat" : 22.608053,
		"value" : 696
	},
	{
		"lng" : 114.042579,
		"lat" : 22.520798,
		"value" : 696
	},
	{
		"lng" : 114.053616,
		"lat" : 22.523708,
		"value" : 683
	},
	{
		"lng" : 114.063591,
		"lat" : 22.547375,
		"value" : 669
	},
	{
		"lng" : 114.129883,
		"lat" : 22.556188,
		"value" : 666
	},
	{
		"lng" : 113.882703,
		"lat" : 22.577428,
		"value" : 658
	},
	{
		"lng" : 114.085133,
		"lat" : 22.540459,
		"value" : 651
	},
	{
		"lng" : 114.192725,
		"lat" : 22.639179,
		"value" : 649
	},
	{
		"lng" : 114.079975,
		"lat" : 22.626777,
		"value" : 622
	},
	{
		"lng" : 114.050385,
		"lat" : 22.594336,
		"value" : 621
	},
	{
		"lng" : 113.813663,
		"lat" : 22.624026,
		"value" : 620
	},
	{
		"lng" : 114.05944,
		"lat" : 22.570462,
		"value" : 619
	},
	{
		"lng" : 114.057241,
		"lat" : 22.53815,
		"value" : 619
	},
	{
		"lng" : 114.110662,
		"lat" : 22.614833,
		"value" : 617
	},
	{
		"lng" : 113.809759,
		"lat" : 22.732605,
		"value" : 617
	},
	{
		"lng" : 114.142136,
		"lat" : 22.54862,
		"value" : 616
	},
	{
		"lng" : 114.1165,
		"lat" : 22.584447,
		"value" : 612
	},
	{
		"lng" : 113.993114,
		"lat" : 22.521591,
		"value" : 608
	},
	{
		"lng" : 114.083598,
		"lat" : 22.531374,
		"value" : 608
	},
	{
		"lng" : 113.893232,
		"lat" : 22.55969,
		"value" : 575
	},
	{
		"lng" : 113.835449,
		"lat" : 22.628835,
		"value" : 525
	},
	{
		"lng" : 114.122664,
		"lat" : 22.549238,
		"value" : 525
	},
	{
		"lng" : 113.851562,
		"lat" : 22.770126,
		"value" : 523
	},
	{
		"lng" : 113.82758,
		"lat" : 22.671302,
		"value" : 522
	},
	{
		"lng" : 114.094946,
		"lat" : 22.540618,
		"value" : 514
	},
	{
		"lng" : 114.02583,
		"lat" : 22.536247,
		"value" : 505
	},
	{
		"lng" : 114.272293,
		"lat" : 22.700365,
		"value" : 504
	},
	{
		"lng" : 113.811001,
		"lat" : 22.688133,
		"value" : 502
	},
	{
		"lng" : 114.050987,
		"lat" : 22.516287,
		"value" : 501
	},
	{
		"lng" : 114.096273,
		"lat" : 22.549126,
		"value" : 500
	},
	{
		"lng" : 114.12702,
		"lat" : 22.604577,
		"value" : 484
	},
	{
		"lng" : 114.041768,
		"lat" : 22.565672,
		"value" : 481
	},
	{
		"lng" : 113.856093,
		"lat" : 22.575073,
		"value" : 479
	},
	{
		"lng" : 114.118909,
		"lat" : 22.53968,
		"value" : 476
	},
	{
		"lng" : 114.059402,
		"lat" : 22.560538,
		"value" : 473
	},
	{
		"lng" : 113.931149,
		"lat" : 22.486325,
		"value" : 459
	},
	{
		"lng" : 114.086654,
		"lat" : 22.548981,
		"value" : 458
	},
	{
		"lng" : 114.138045,
		"lat" : 22.580986,
		"value" : 457
	},
	{
		"lng" : 114.125437,
		"lat" : 22.544287,
		"value" : 447
	},
	{
		"lng" : 113.880641,
		"lat" : 22.560741,
		"value" : 440
	},
	{
		"lng" : 114.104584,
		"lat" : 22.54838,
		"value" : 436
	},
	{
		"lng" : 114.265531,
		"lat" : 22.721967,
		"value" : 433
	},
	{
		"lng" : 114.130052,
		"lat" : 22.56728,
		"value" : 427
	},
	{
		"lng" : 113.919013,
		"lat" : 22.581822,
		"value" : 423
	},
	{
		"lng" : 114.037934,
		"lat" : 22.561028,
		"value" : 419
	},
	{
		"lng" : 113.981962,
		"lat" : 22.5599,
		"value" : 418
	},
	{
		"lng" : 114.137018,
		"lat" : 22.572496,
		"value" : 415
	},
	{
		"lng" : 114.061101,
		"lat" : 22.534769,
		"value" : 413
	},
	{
		"lng" : 114.012808,
		"lat" : 22.637134,
		"value" : 410
	},
	{
		"lng" : 113.823677,
		"lat" : 22.646675,
		"value" : 405
	},
	{
		"lng" : 113.965307,
		"lat" : 22.581946,
		"value" : 405
	},
	{
		"lng" : 113.910585,
		"lat" : 22.574543,
		"value" : 402
	},
	{
		"lng" : 114.234423,
		"lat" : 22.697495,
		"value" : 397
	},
	{
		"lng" : 114.023465,
		"lat" : 22.621886,
		"value" : 390
	},
	{
		"lng" : 114.116746,
		"lat" : 22.560244,
		"value" : 388
	},
	{
		"lng" : 113.931847,
		"lat" : 22.533911,
		"value" : 384
	},
	{
		"lng" : 113.942498,
		"lat" : 22.518422,
		"value" : 370
	},
	{
		"lng" : 113.953842,
		"lat" : 22.540236,
		"value" : 363
	},
	{
		"lng" : 114.052948,
		"lat" : 22.53632,
		"value" : 361
	},
	{
		"lng" : 114.252541,
		"lat" : 22.718138,
		"value" : 348
	},
	{
		"lng" : 114.22431,
		"lat" : 22.673079,
		"value" : 347
	},
	{
		"lng" : 114.013917,
		"lat" : 22.533357,
		"value" : 342
	},
	{
		"lng" : 114.086243,
		"lat" : 22.544244,
		"value" : 338
	},
	{
		"lng" : 113.960559,
		"lat" : 22.56827,
		"value" : 337
	},
	{
		"lng" : 114.180646,
		"lat" : 22.634322,
		"value" : 332
	},
	{
		"lng" : 114.097634,
		"lat" : 22.567804,
		"value" : 325
	},
	{
		"lng" : 114.148765,
		"lat" : 22.547688,
		"value" : 323
	},
	{
		"lng" : 114.244318,
		"lat" : 22.709488,
		"value" : 319
	},
	{
		"lng" : 114.08728,
		"lat" : 22.555843,
		"value" : 319
	},
	{
		"lng" : 114.067829,
		"lat" : 22.548646,
		"value" : 315
	},
	{
		"lng" : 114.140115,
		"lat" : 22.555856,
		"value" : 309
	},
	{
		"lng" : 113.908073,
		"lat" : 22.749704,
		"value" : 309
	},
	{
		"lng" : 113.903079,
		"lat" : 22.532005,
		"value" : 306
	},
	{
		"lng" : 114.228163,
		"lat" : 22.68572,
		"value" : 300
	},
	{
		"lng" : 113.886589,
		"lat" : 22.555304,
		"value" : 296
	},
	{
		"lng" : 113.937715,
		"lat" : 22.500409,
		"value" : 294
	},
	{
		"lng" : 114.032716,
		"lat" : 22.55386,
		"value" : 286
	},
	{
		"lng" : 114.163696,
		"lat" : 22.628576,
		"value" : 284
	},
	{
		"lng" : 114.014378,
		"lat" : 22.549784,
		"value" : 284
	},
	{
		"lng" : 114.1185,
		"lat" : 22.600864,
		"value" : 278
	},
	{
		"lng" : 113.999666,
		"lat" : 22.590097,
		"value" : 271
	},
	{
		"lng" : 114.104497,
		"lat" : 22.556288,
		"value" : 270
	},
	{
		"lng" : 114.218042,
		"lat" : 22.658995,
		"value" : 266
	},
	{
		"lng" : 113.817039,
		"lat" : 22.713516,
		"value" : 259
	},
	{
		"lng" : 113.912331,
		"lat" : 22.476626,
		"value" : 257
	},
	{
		"lng" : 113.996651,
		"lat" : 22.532406,
		"value" : 253
	},
	{
		"lng" : 113.943543,
		"lat" : 22.580534,
		"value" : 242
	},
	{
		"lng" : 114.073972,
		"lat" : 22.521799,
		"value" : 242
	},
	{
		"lng" : 113.826874,
		"lat" : 22.752625,
		"value" : 239
	},
	{
		"lng" : 113.924844,
		"lat" : 22.485098,
		"value" : 235
	},
	{
		"lng" : 113.937602,
		"lat" : 22.509146,
		"value" : 234
	},
	{
		"lng" : 113.899146,
		"lat" : 22.563762,
		"value" : 233
	},
	{
		"lng" : 114.15461,
		"lat" : 22.605537,
		"value" : 231
	},
	{
		"lng" : 113.985369,
		"lat" : 22.533489,
		"value" : 226
	},
	{
		"lng" : 114.104315,
		"lat" : 22.56203,
		"value" : 225
	},
	{
		"lng" : 114.038514,
		"lat" : 22.560759,
		"value" : 221
	},
	{
		"lng" : 114.050034,
		"lat" : 22.546668,
		"value" : 215
	},
	{
		"lng" : 114.086825,
		"lat" : 22.537214,
		"value" : 213
	},
	{
		"lng" : 114.13038,
		"lat" : 22.595442,
		"value" : 208
	},
	{
		"lng" : 114.105337,
		"lat" : 22.622046,
		"value" : 208
	},
	{
		"lng" : 114.124974,
		"lat" : 22.573988,
		"value" : 201
	},
	{
		"lng" : 114.067778,
		"lat" : 22.568458,
		"value" : 191
	},
	{
		"lng" : 113.894625,
		"lat" : 22.547468,
		"value" : 185
	},
	{
		"lng" : 114.116746,
		"lat" : 22.560244,
		"value" : 182
	},
	{
		"lng" : 114.018135,
		"lat" : 22.540411,
		"value" : 174
	},
	{
		"lng" : 114.06924,
		"lat" : 22.540937,
		"value" : 173
	},
	{
		"lng" : 113.915111,
		"lat" : 22.485101,
		"value" : 171
	},
	{
		"lng" : 114.116241,
		"lat" : 22.605694,
		"value" : 171
	},
	{
		"lng" : 113.946195,
		"lat" : 22.527019,
		"value" : 169
	},
	{
		"lng" : 114.03894,
		"lat" : 22.623993,
		"value" : 168
	},
	{
		"lng" : 113.88509,
		"lat" : 22.549635,
		"value" : 164
	},
	{
		"lng" : 113.819959,
		"lat" : 22.784486,
		"value" : 163
	},
	{
		"lng" : 114.114807,
		"lat" : 22.607426,
		"value" : 163
	},
	{
		"lng" : 114.151367,
		"lat" : 22.606894,
		"value" : 161
	},
	{
		"lng" : 113.938604,
		"lat" : 22.493353,
		"value" : 158
	},
	{
		"lng" : 113.998846,
		"lat" : 22.546456,
		"value" : 155
	},
	{
		"lng" : 114.038514,
		"lat" : 22.560759,
		"value" : 147
	},
	{
		"lng" : 114.147644,
		"lat" : 22.61989,
		"value" : 144
	},
	{
		"lng" : 113.965648,
		"lat" : 22.593567,
		"value" : 140
	},
	{
		"lng" : 114.116425,
		"lat" : 22.594116,
		"value" : 139
	},
	{
		"lng" : 114.023851,
		"lat" : 22.552772,
		"value" : 136
	},
	{
		"lng" : 114.038002,
		"lat" : 22.626453,
		"value" : 132
	},
	{
		"lng" : 113.971433,
		"lat" : 22.523023,
		"value" : 131
	},
	{
		"lng" : 113.954311,
		"lat" : 22.574138,
		"value" : 131
	},
	{
		"lng" : 113.974687,
		"lat" : 22.56401,
		"value" : 129
	},
	{
		"lng" : 113.968432,
		"lat" : 22.525142,
		"value" : 127
	},
	{
		"lng" : 114.092561,
		"lat" : 22.544541,
		"value" : 126
	},
	{
		"lng" : 114.038637,
		"lat" : 22.538887,
		"value" : 125
	},
	{
		"lng" : 114.061485,
		"lat" : 22.633875,
		"value" : 124
	},
	{
		"lng" : 114.095079,
		"lat" : 22.56194,
		"value" : 123
	},
	{
		"lng" : 114.041084,
		"lat" : 22.616905,
		"value" : 122
	},
	{
		"lng" : 114.169632,
		"lat" : 22.564072,
		"value" : 121
	},
	{
		"lng" : 114.142761,
		"lat" : 22.606649,
		"value" : 120
	},
	{
		"lng" : 113.967048,
		"lat" : 22.539604,
		"value" : 117
	},
	{
		"lng" : 114.118698,
		"lat" : 22.532539,
		"value" : 115
	},
	{
		"lng" : 114.123421,
		"lat" : 22.550236,
		"value" : 114
	},
	{
		"lng" : 114.159805,
		"lat" : 22.557956,
		"value" : 111
	},
	{
		"lng" : 114.045677,
		"lat" : 22.607674,
		"value" : 110
	},
	{
		"lng" : 114.125767,
		"lat" : 22.539792,
		"value" : 106
	},
	{
		"lng" : 114.140668,
		"lat" : 22.605614,
		"value" : 105
	},
	{
		"lng" : 114.133713,
		"lat" : 22.558325,
		"value" : 105
	},
	{
		"lng" : 114.039683,
		"lat" : 22.545356,
		"value" : 104
	},
	{
		"lng" : 113.932091,
		"lat" : 22.677353,
		"value" : 103
	},
	{
		"lng" : 114.140495,
		"lat" : 22.616913,
		"value" : 102
	},
	{
		"lng" : 114.061192,
		"lat" : 22.541744,
		"value" : 102
	},
	{
		"lng" : 114.04393,
		"lat" : 22.520126,
		"value" : 99
	},
	{
		"lng" : 114.065941,
		"lat" : 22.650707,
		"value" : 99
	},
	{
		"lng" : 114.089157,
		"lat" : 22.568182,
		"value" : 99
	},
	{
		"lng" : 113.922829,
		"lat" : 22.644144,
		"value" : 96
	},
	{
		"lng" : 113.989148,
		"lat" : 22.543992,
		"value" : 95
	},
	{
		"lng" : 114.03727,
		"lat" : 22.629015,
		"value" : 95
	},
	{
		"lng" : 114.112029,
		"lat" : 22.609868,
		"value" : 95
	},
	{
		"lng" : 114.139297,
		"lat" : 22.561897,
		"value" : 95
	},
	{
		"lng" : 113.933769,
		"lat" : 22.679228,
		"value" : 93
	},
	{
		"lng" : 114.06086,
		"lat" : 22.619375,
		"value" : 92
	},
	{
		"lng" : 114.020355,
		"lat" : 22.663055,
		"value" : 91
	},
	{
		"lng" : 114.144463,
		"lat" : 22.573784,
		"value" : 90
	},
	{
		"lng" : 113.93959,
		"lat" : 22.620733,
		"value" : 89
	},
	{
		"lng" : 114.104749,
		"lat" : 22.539943,
		"value" : 88
	},
	{
		"lng" : 114.048622,
		"lat" : 22.636181,
		"value" : 88
	},
	{
		"lng" : 113.920128,
		"lat" : 22.64776,
		"value" : 87
	},
	{
		"lng" : 113.993727,
		"lat" : 22.556537,
		"value" : 85
	},
	{
		"lng" : 114.040543,
		"lat" : 22.619036,
		"value" : 83
	},
	{
		"lng" : 114.118154,
		"lat" : 22.535514,
		"value" : 83
	},
	{
		"lng" : 113.999924,
		"lat" : 22.52454,
		"value" : 83
	},
	{
		"lng" : 114.031006,
		"lat" : 22.669508,
		"value" : 83
	},
	{
		"lng" : 114.130669,
		"lat" : 22.634827,
		"value" : 82
	},
	{
		"lng" : 114.117393,
		"lat" : 22.583862,
		"value" : 81
	},
	{
		"lng" : 114.042583,
		"lat" : 22.613214,
		"value" : 80
	},
	{
		"lng" : 114.060997,
		"lat" : 22.613953,
		"value" : 80
	}
]
