[
	{
		"lng" : 114.029113,
		"lat" : 22.609725,
		"value" : 4170
	},
	{
		"lng" : 114.116746,
		"lat" : 22.560244,
		"value" : 1797
	},
	{
		"lng" : 114.06017,
		"lat" : 22.548627,
		"value" : 1734
	},
	{
		"lng" : 114.037033,
		"lat" : 22.665243,
		"value" : 1626
	},
	{
		"lng" : 114.060681,
		"lat" : 22.626833,
		"value" : 1500
	},
	{
		"lng" : 113.846792,
		"lat" : 22.601363,
		"value" : 1439
	},
	{
		"lng" : 114.116939,
		"lat" : 22.544232,
		"value" : 1438
	},
	{
		"lng" : 113.899146,
		"lat" : 22.563762,
		"value" : 1412
	},
	{
		"lng" : 114.069273,
		"lat" : 22.515737,
		"value" : 1365
	},
	{
		"lng" : 114.123749,
		"lat" : 22.617382,
		"value" : 1344
	},
	{
		"lng" : 114.04085,
		"lat" : 22.617545,
		"value" : 1177
	},
	{
		"lng" : 114.030946,
		"lat" : 22.671135,
		"value" : 1140
	},
	{
		"lng" : 114.147644,
		"lat" : 22.61989,
		"value" : 1132
	},
	{
		"lng" : 114.107811,
		"lat" : 22.5418,
		"value" : 1114
	},
	{
		"lng" : 114.030946,
		"lat" : 22.671135,
		"value" : 1009
	},
	{
		"lng" : 113.954396,
		"lat" : 22.580677,
		"value" : 983
	},
	{
		"lng" : 113.993114,
		"lat" : 22.521591,
		"value" : 982
	},
	{
		"lng" : 114.065915,
		"lat" : 22.523226,
		"value" : 942
	},
	{
		"lng" : 113.974216,
		"lat" : 22.5369,
		"value" : 933
	},
	{
		"lng" : 114.042431,
		"lat" : 22.601505,
		"value" : 852
	},
	{
		"lng" : 114.085133,
		"lat" : 22.540459,
		"value" : 847
	},
	{
		"lng" : 114.277422,
		"lat" : 22.728806,
		"value" : 845
	},
	{
		"lng" : 113.968773,
		"lat" : 22.53944,
		"value" : 842
	},
	{
		"lng" : 114.208994,
		"lat" : 22.648442,
		"value" : 838
	},
	{
		"lng" : 113.915072,
		"lat" : 22.532232,
		"value" : 804
	},
	{
		"lng" : 114.05944,
		"lat" : 22.570462,
		"value" : 797
	},
	{
		"lng" : 113.882703,
		"lat" : 22.577428,
		"value" : 795
	},
	{
		"lng" : 114.110773,
		"lat" : 22.613581,
		"value" : 791
	},
	{
		"lng" : 113.912877,
		"lat" : 22.542716,
		"value" : 753
	},
	{
		"lng" : 113.924857,
		"lat" : 22.532357,
		"value" : 750
	},
	{
		"lng" : 114.043343,
		"lat" : 22.553419,
		"value" : 738
	},
	{
		"lng" : 114.061101,
		"lat" : 22.534769,
		"value" : 723
	},
	{
		"lng" : 114.063591,
		"lat" : 22.547375,
		"value" : 720
	},
	{
		"lng" : 113.813663,
		"lat" : 22.624026,
		"value" : 716
	},
	{
		"lng" : 114.113825,
		"lat" : 22.608053,
		"value" : 707
	},
	{
		"lng" : 113.904158,
		"lat" : 22.568964,
		"value" : 699
	},
	{
		"lng" : 114.042579,
		"lat" : 22.520798,
		"value" : 674
	},
	{
		"lng" : 114.142136,
		"lat" : 22.54862,
		"value" : 673
	},
	{
		"lng" : 114.079975,
		"lat" : 22.626777,
		"value" : 649
	},
	{
		"lng" : 113.809759,
		"lat" : 22.732605,
		"value" : 640
	},
	{
		"lng" : 114.094946,
		"lat" : 22.540618,
		"value" : 635
	},
	{
		"lng" : 114.053616,
		"lat" : 22.523708,
		"value" : 634
	},
	{
		"lng" : 114.02583,
		"lat" : 22.536247,
		"value" : 625
	},
	{
		"lng" : 114.028282,
		"lat" : 22.529348,
		"value" : 621
	},
	{
		"lng" : 114.122664,
		"lat" : 22.549238,
		"value" : 612
	},
	{
		"lng" : 114.083598,
		"lat" : 22.531374,
		"value" : 611
	},
	{
		"lng" : 114.053191,
		"lat" : 22.624917,
		"value" : 589
	},
	{
		"lng" : 114.086654,
		"lat" : 22.548981,
		"value" : 588
	},
	{
		"lng" : 114.192725,
		"lat" : 22.639179,
		"value" : 587
	},
	{
		"lng" : 114.118909,
		"lat" : 22.53968,
		"value" : 586
	},
	{
		"lng" : 114.129883,
		"lat" : 22.556188,
		"value" : 561
	},
	{
		"lng" : 114.1165,
		"lat" : 22.584447,
		"value" : 560
	},
	{
		"lng" : 114.050385,
		"lat" : 22.594336,
		"value" : 547
	},
	{
		"lng" : 114.086243,
		"lat" : 22.544244,
		"value" : 545
	},
	{
		"lng" : 113.835449,
		"lat" : 22.628835,
		"value" : 530
	},
	{
		"lng" : 114.12702,
		"lat" : 22.604577,
		"value" : 530
	},
	{
		"lng" : 114.110662,
		"lat" : 22.614833,
		"value" : 529
	},
	{
		"lng" : 113.811001,
		"lat" : 22.688133,
		"value" : 523
	},
	{
		"lng" : 113.82758,
		"lat" : 22.671302,
		"value" : 518
	},
	{
		"lng" : 114.052948,
		"lat" : 22.53632,
		"value" : 517
	},
	{
		"lng" : 113.893232,
		"lat" : 22.55969,
		"value" : 508
	},
	{
		"lng" : 114.272293,
		"lat" : 22.700365,
		"value" : 494
	},
	{
		"lng" : 113.942498,
		"lat" : 22.518422,
		"value" : 478
	},
	{
		"lng" : 113.851562,
		"lat" : 22.770126,
		"value" : 457
	},
	{
		"lng" : 113.931847,
		"lat" : 22.533911,
		"value" : 456
	},
	{
		"lng" : 114.104584,
		"lat" : 22.54838,
		"value" : 453
	},
	{
		"lng" : 114.050987,
		"lat" : 22.516287,
		"value" : 450
	},
	{
		"lng" : 114.138045,
		"lat" : 22.580986,
		"value" : 446
	},
	{
		"lng" : 114.012808,
		"lat" : 22.637134,
		"value" : 439
	},
	{
		"lng" : 114.059402,
		"lat" : 22.560538,
		"value" : 438
	},
	{
		"lng" : 114.041768,
		"lat" : 22.565672,
		"value" : 431
	},
	{
		"lng" : 113.919013,
		"lat" : 22.581822,
		"value" : 430
	},
	{
		"lng" : 114.116746,
		"lat" : 22.560244,
		"value" : 426
	},
	{
		"lng" : 114.137018,
		"lat" : 22.572496,
		"value" : 425
	},
	{
		"lng" : 114.265531,
		"lat" : 22.721967,
		"value" : 422
	},
	{
		"lng" : 113.880641,
		"lat" : 22.560741,
		"value" : 414
	},
	{
		"lng" : 113.910585,
		"lat" : 22.574543,
		"value" : 410
	},
	{
		"lng" : 113.856093,
		"lat" : 22.575073,
		"value" : 404
	},
	{
		"lng" : 113.965307,
		"lat" : 22.581946,
		"value" : 397
	},
	{
		"lng" : 114.096273,
		"lat" : 22.549126,
		"value" : 395
	},
	{
		"lng" : 114.234423,
		"lat" : 22.697495,
		"value" : 394
	},
	{
		"lng" : 114.125437,
		"lat" : 22.544287,
		"value" : 391
	},
	{
		"lng" : 113.931149,
		"lat" : 22.486325,
		"value" : 384
	},
	{
		"lng" : 114.013917,
		"lat" : 22.533357,
		"value" : 382
	},
	{
		"lng" : 114.130052,
		"lat" : 22.56728,
		"value" : 382
	},
	{
		"lng" : 114.037934,
		"lat" : 22.561028,
		"value" : 372
	},
	{
		"lng" : 114.252541,
		"lat" : 22.718138,
		"value" : 361
	},
	{
		"lng" : 114.057241,
		"lat" : 22.53815,
		"value" : 359
	},
	{
		"lng" : 113.981962,
		"lat" : 22.5599,
		"value" : 351
	},
	{
		"lng" : 113.953842,
		"lat" : 22.540236,
		"value" : 349
	},
	{
		"lng" : 114.023465,
		"lat" : 22.621886,
		"value" : 346
	},
	{
		"lng" : 114.180646,
		"lat" : 22.634322,
		"value" : 346
	},
	{
		"lng" : 114.140115,
		"lat" : 22.555856,
		"value" : 346
	},
	{
		"lng" : 113.996651,
		"lat" : 22.532406,
		"value" : 345
	},
	{
		"lng" : 113.823677,
		"lat" : 22.646675,
		"value" : 331
	},
	{
		"lng" : 113.886589,
		"lat" : 22.555304,
		"value" : 325
	},
	{
		"lng" : 114.097634,
		"lat" : 22.567804,
		"value" : 325
	},
	{
		"lng" : 113.908073,
		"lat" : 22.749704,
		"value" : 321
	},
	{
		"lng" : 114.244318,
		"lat" : 22.709488,
		"value" : 314
	},
	{
		"lng" : 114.228163,
		"lat" : 22.68572,
		"value" : 313
	},
	{
		"lng" : 114.22431,
		"lat" : 22.673079,
		"value" : 312
	},
	{
		"lng" : 114.067829,
		"lat" : 22.548646,
		"value" : 308
	},
	{
		"lng" : 113.960559,
		"lat" : 22.56827,
		"value" : 304
	},
	{
		"lng" : 113.903079,
		"lat" : 22.532005,
		"value" : 279
	},
	{
		"lng" : 113.937715,
		"lat" : 22.500409,
		"value" : 276
	},
	{
		"lng" : 114.148765,
		"lat" : 22.547688,
		"value" : 270
	},
	{
		"lng" : 114.104497,
		"lat" : 22.556288,
		"value" : 268
	},
	{
		"lng" : 114.061192,
		"lat" : 22.541744,
		"value" : 259
	},
	{
		"lng" : 114.014378,
		"lat" : 22.549784,
		"value" : 259
	},
	{
		"lng" : 113.817039,
		"lat" : 22.713516,
		"value" : 255
	},
	{
		"lng" : 114.050034,
		"lat" : 22.546668,
		"value" : 253
	},
	{
		"lng" : 113.985369,
		"lat" : 22.533489,
		"value" : 245
	},
	{
		"lng" : 114.218042,
		"lat" : 22.658995,
		"value" : 240
	},
	{
		"lng" : 114.105337,
		"lat" : 22.622046,
		"value" : 240
	},
	{
		"lng" : 113.924844,
		"lat" : 22.485098,
		"value" : 237
	},
	{
		"lng" : 114.124974,
		"lat" : 22.573988,
		"value" : 233
	},
	{
		"lng" : 113.943543,
		"lat" : 22.580534,
		"value" : 225
	},
	{
		"lng" : 113.999666,
		"lat" : 22.590097,
		"value" : 224
	},
	{
		"lng" : 114.08728,
		"lat" : 22.555843,
		"value" : 222
	},
	{
		"lng" : 113.937602,
		"lat" : 22.509146,
		"value" : 219
	},
	{
		"lng" : 114.1185,
		"lat" : 22.600864,
		"value" : 212
	},
	{
		"lng" : 114.038514,
		"lat" : 22.560759,
		"value" : 212
	},
	{
		"lng" : 114.073972,
		"lat" : 22.521799,
		"value" : 208
	},
	{
		"lng" : 114.13038,
		"lat" : 22.595442,
		"value" : 206
	},
	{
		"lng" : 113.826874,
		"lat" : 22.752625,
		"value" : 205
	},
	{
		"lng" : 113.912331,
		"lat" : 22.476626,
		"value" : 204
	},
	{
		"lng" : 113.915111,
		"lat" : 22.485101,
		"value" : 204
	},
	{
		"lng" : 114.116241,
		"lat" : 22.605694,
		"value" : 203
	},
	{
		"lng" : 114.032716,
		"lat" : 22.55386,
		"value" : 200
	},
	{
		"lng" : 114.086825,
		"lat" : 22.537214,
		"value" : 196
	},
	{
		"lng" : 114.104315,
		"lat" : 22.56203,
		"value" : 195
	},
	{
		"lng" : 113.899146,
		"lat" : 22.563762,
		"value" : 193
	},
	{
		"lng" : 113.938604,
		"lat" : 22.493353,
		"value" : 190
	},
	{
		"lng" : 114.018135,
		"lat" : 22.540411,
		"value" : 186
	},
	{
		"lng" : 114.163696,
		"lat" : 22.628576,
		"value" : 186
	},
	{
		"lng" : 113.88509,
		"lat" : 22.549635,
		"value" : 184
	},
	{
		"lng" : 114.15461,
		"lat" : 22.605537,
		"value" : 177
	},
	{
		"lng" : 113.894625,
		"lat" : 22.547468,
		"value" : 173
	},
	{
		"lng" : 114.067778,
		"lat" : 22.568458,
		"value" : 172
	},
	{
		"lng" : 113.971433,
		"lat" : 22.523023,
		"value" : 171
	},
	{
		"lng" : 114.038637,
		"lat" : 22.538887,
		"value" : 168
	},
	{
		"lng" : 113.946195,
		"lat" : 22.527019,
		"value" : 166
	},
	{
		"lng" : 113.965648,
		"lat" : 22.593567,
		"value" : 164
	},
	{
		"lng" : 113.819959,
		"lat" : 22.784486,
		"value" : 161
	},
	{
		"lng" : 114.092561,
		"lat" : 22.544541,
		"value" : 156
	},
	{
		"lng" : 114.159805,
		"lat" : 22.557956,
		"value" : 155
	},
	{
		"lng" : 114.475311,
		"lat" : 22.594475,
		"value" : 154
	},
	{
		"lng" : 114.06924,
		"lat" : 22.540937,
		"value" : 153
	},
	{
		"lng" : 113.998846,
		"lat" : 22.546456,
		"value" : 152
	},
	{
		"lng" : 114.114807,
		"lat" : 22.607426,
		"value" : 149
	},
	{
		"lng" : 114.151367,
		"lat" : 22.606894,
		"value" : 142
	},
	{
		"lng" : 114.116746,
		"lat" : 22.560244,
		"value" : 140
	},
	{
		"lng" : 114.03894,
		"lat" : 22.623993,
		"value" : 138
	},
	{
		"lng" : 114.150818,
		"lat" : 22.552578,
		"value" : 135
	},
	{
		"lng" : 113.968432,
		"lat" : 22.525142,
		"value" : 134
	},
	{
		"lng" : 114.038002,
		"lat" : 22.626453,
		"value" : 132
	},
	{
		"lng" : 114.038514,
		"lat" : 22.560759,
		"value" : 132
	},
	{
		"lng" : 114.123421,
		"lat" : 22.550236,
		"value" : 129
	},
	{
		"lng" : 114.061485,
		"lat" : 22.633875,
		"value" : 123
	},
	{
		"lng" : 114.116425,
		"lat" : 22.594116,
		"value" : 119
	},
	{
		"lng" : 114.039683,
		"lat" : 22.545356,
		"value" : 118
	},
	{
		"lng" : 114.089157,
		"lat" : 22.568182,
		"value" : 117
	},
	{
		"lng" : 113.954311,
		"lat" : 22.574138,
		"value" : 117
	},
	{
		"lng" : 114.169632,
		"lat" : 22.564072,
		"value" : 116
	},
	{
		"lng" : 113.991905,
		"lat" : 22.668207,
		"value" : 115
	},
	{
		"lng" : 114.045677,
		"lat" : 22.607674,
		"value" : 111
	},
	{
		"lng" : 114.095079,
		"lat" : 22.56194,
		"value" : 110
	},
	{
		"lng" : 114.140668,
		"lat" : 22.605614,
		"value" : 109
	},
	{
		"lng" : 113.989148,
		"lat" : 22.543992,
		"value" : 108
	},
	{
		"lng" : 114.133713,
		"lat" : 22.558325,
		"value" : 108
	},
	{
		"lng" : 113.999924,
		"lat" : 22.52454,
		"value" : 107
	},
	{
		"lng" : 114.147644,
		"lat" : 22.61989,
		"value" : 107
	},
	{
		"lng" : 114.118698,
		"lat" : 22.532539,
		"value" : 107
	},
	{
		"lng" : 114.040543,
		"lat" : 22.619036,
		"value" : 105
	},
	{
		"lng" : 114.104749,
		"lat" : 22.539943,
		"value" : 105
	},
	{
		"lng" : 113.974687,
		"lat" : 22.56401,
		"value" : 105
	},
	{
		"lng" : 114.041084,
		"lat" : 22.616905,
		"value" : 100
	},
	{
		"lng" : 114.142761,
		"lat" : 22.606649,
		"value" : 99
	},
	{
		"lng" : 114.111389,
		"lat" : 22.626827,
		"value" : 98
	},
	{
		"lng" : 114.125767,
		"lat" : 22.539792,
		"value" : 97
	},
	{
		"lng" : 114.128052,
		"lat" : 22.559996,
		"value" : 95
	},
	{
		"lng" : 114.144463,
		"lat" : 22.573784,
		"value" : 95
	},
	{
		"lng" : 114.076088,
		"lat" : 22.555351,
		"value" : 94
	},
	{
		"lng" : 114.042583,
		"lat" : 22.613214,
		"value" : 93
	},
	{
		"lng" : 114.118154,
		"lat" : 22.535514,
		"value" : 93
	},
	{
		"lng" : 114.169128,
		"lat" : 22.559774,
		"value" : 92
	},
	{
		"lng" : 114.060997,
		"lat" : 22.613953,
		"value" : 91
	},
	{
		"lng" : 114.112029,
		"lat" : 22.609868,
		"value" : 91
	},
	{
		"lng" : 113.967048,
		"lat" : 22.539604,
		"value" : 89
	},
	{
		"lng" : 114.067017,
		"lat" : 22.63615,
		"value" : 87
	},
	{
		"lng" : 114.11972,
		"lat" : 22.539951,
		"value" : 86
	},
	{
		"lng" : 114.010275,
		"lat" : 22.599395,
		"value" : 86
	},
	{
		"lng" : 114.06086,
		"lat" : 22.619375,
		"value" : 85
	},
	{
		"lng" : 114.023851,
		"lat" : 22.552772,
		"value" : 84
	},
	{
		"lng" : 113.967048,
		"lat" : 22.539604,
		"value" : 84
	},
	{
		"lng" : 114.119083,
		"lat" : 22.53497,
		"value" : 83
	},
	{
		"lng" : 114.519524,
		"lat" : 22.593719,
		"value" : 83
	},
	{
		"lng" : 114.136332,
		"lat" : 22.546095,
		"value" : 82
	},
	{
		"lng" : 114.140495,
		"lat" : 22.616913,
		"value" : 82
	},
	{
		"lng" : 113.922829,
		"lat" : 22.644144,
		"value" : 82
	}
]
