[
	{
		"lng" : 114.029113,
		"lat" : 22.609725,
		"value" : 6671
	},
	{
		"lng" : 114.116939,
		"lat" : 22.544232,
		"value" : 5802
	},
	{
		"lng" : 114.06017,
		"lat" : 22.548627,
		"value" : 4060
	},
	{
		"lng" : 114.116746,
		"lat" : 22.560244,
		"value" : 3757
	},
	{
		"lng" : 113.993114,
		"lat" : 22.521591,
		"value" : 2863
	},
	{
		"lng" : 114.107811,
		"lat" : 22.5418,
		"value" : 2206
	},
	{
		"lng" : 113.974216,
		"lat" : 22.5369,
		"value" : 2041
	},
	{
		"lng" : 114.069273,
		"lat" : 22.515737,
		"value" : 1998
	},
	{
		"lng" : 114.061101,
		"lat" : 22.534769,
		"value" : 1938
	},
	{
		"lng" : 114.052948,
		"lat" : 22.53632,
		"value" : 1747
	},
	{
		"lng" : 114.085133,
		"lat" : 22.540459,
		"value" : 1537
	},
	{
		"lng" : 113.942498,
		"lat" : 22.518422,
		"value" : 1520
	},
	{
		"lng" : 114.277422,
		"lat" : 22.728806,
		"value" : 1502
	},
	{
		"lng" : 114.037033,
		"lat" : 22.665243,
		"value" : 1469
	},
	{
		"lng" : 114.123749,
		"lat" : 22.617382,
		"value" : 1442
	},
	{
		"lng" : 114.086243,
		"lat" : 22.544244,
		"value" : 1425
	},
	{
		"lng" : 113.915072,
		"lat" : 22.532232,
		"value" : 1321
	},
	{
		"lng" : 114.030946,
		"lat" : 22.671135,
		"value" : 1279
	},
	{
		"lng" : 114.110773,
		"lat" : 22.613581,
		"value" : 1200
	},
	{
		"lng" : 114.060681,
		"lat" : 22.626833,
		"value" : 1196
	},
	{
		"lng" : 113.899146,
		"lat" : 22.563762,
		"value" : 1195
	},
	{
		"lng" : 114.02583,
		"lat" : 22.536247,
		"value" : 1142
	},
	{
		"lng" : 114.208994,
		"lat" : 22.648442,
		"value" : 1126
	},
	{
		"lng" : 114.065915,
		"lat" : 22.523226,
		"value" : 1119
	},
	{
		"lng" : 114.142136,
		"lat" : 22.54862,
		"value" : 1109
	},
	{
		"lng" : 114.086654,
		"lat" : 22.548981,
		"value" : 1097
	},
	{
		"lng" : 113.954396,
		"lat" : 22.580677,
		"value" : 1092
	},
	{
		"lng" : 114.05944,
		"lat" : 22.570462,
		"value" : 1080
	},
	{
		"lng" : 114.122664,
		"lat" : 22.549238,
		"value" : 1065
	},
	{
		"lng" : 113.924857,
		"lat" : 22.532357,
		"value" : 1052
	},
	{
		"lng" : 113.846792,
		"lat" : 22.601363,
		"value" : 1048
	},
	{
		"lng" : 114.04085,
		"lat" : 22.617545,
		"value" : 1048
	},
	{
		"lng" : 114.094946,
		"lat" : 22.540618,
		"value" : 1026
	},
	{
		"lng" : 114.147644,
		"lat" : 22.61989,
		"value" : 1024
	},
	{
		"lng" : 114.118909,
		"lat" : 22.53968,
		"value" : 1005
	},
	{
		"lng" : 114.057241,
		"lat" : 22.53815,
		"value" : 961
	},
	{
		"lng" : 113.904158,
		"lat" : 22.568964,
		"value" : 946
	},
	{
		"lng" : 113.996651,
		"lat" : 22.532406,
		"value" : 943
	},
	{
		"lng" : 114.043343,
		"lat" : 22.553419,
		"value" : 931
	},
	{
		"lng" : 113.931847,
		"lat" : 22.533911,
		"value" : 927
	},
	{
		"lng" : 113.882703,
		"lat" : 22.577428,
		"value" : 918
	},
	{
		"lng" : 113.813663,
		"lat" : 22.624026,
		"value" : 911
	},
	{
		"lng" : 113.912877,
		"lat" : 22.542716,
		"value" : 872
	},
	{
		"lng" : 113.968773,
		"lat" : 22.53944,
		"value" : 855
	},
	{
		"lng" : 113.809759,
		"lat" : 22.732605,
		"value" : 833
	},
	{
		"lng" : 114.129883,
		"lat" : 22.556188,
		"value" : 810
	},
	{
		"lng" : 114.030946,
		"lat" : 22.671135,
		"value" : 778
	},
	{
		"lng" : 114.272293,
		"lat" : 22.700365,
		"value" : 755
	},
	{
		"lng" : 114.042431,
		"lat" : 22.601505,
		"value" : 754
	},
	{
		"lng" : 114.053616,
		"lat" : 22.523708,
		"value" : 740
	},
	{
		"lng" : 114.013917,
		"lat" : 22.533357,
		"value" : 727
	},
	{
		"lng" : 114.113825,
		"lat" : 22.608053,
		"value" : 722
	},
	{
		"lng" : 114.140115,
		"lat" : 22.555856,
		"value" : 716
	},
	{
		"lng" : 113.893232,
		"lat" : 22.55969,
		"value" : 704
	},
	{
		"lng" : 114.063591,
		"lat" : 22.547375,
		"value" : 685
	},
	{
		"lng" : 114.1165,
		"lat" : 22.584447,
		"value" : 665
	},
	{
		"lng" : 114.12702,
		"lat" : 22.604577,
		"value" : 657
	},
	{
		"lng" : 113.851562,
		"lat" : 22.770126,
		"value" : 656
	},
	{
		"lng" : 114.137018,
		"lat" : 22.572496,
		"value" : 648
	},
	{
		"lng" : 114.067829,
		"lat" : 22.548646,
		"value" : 617
	},
	{
		"lng" : 114.042579,
		"lat" : 22.520798,
		"value" : 616
	},
	{
		"lng" : 114.053191,
		"lat" : 22.624917,
		"value" : 611
	},
	{
		"lng" : 114.265531,
		"lat" : 22.721967,
		"value" : 608
	},
	{
		"lng" : 114.104584,
		"lat" : 22.54838,
		"value" : 604
	},
	{
		"lng" : 114.041768,
		"lat" : 22.565672,
		"value" : 587
	},
	{
		"lng" : 114.059402,
		"lat" : 22.560538,
		"value" : 584
	},
	{
		"lng" : 114.130052,
		"lat" : 22.56728,
		"value" : 584
	},
	{
		"lng" : 114.028282,
		"lat" : 22.529348,
		"value" : 579
	},
	{
		"lng" : 113.915111,
		"lat" : 22.485101,
		"value" : 575
	},
	{
		"lng" : 114.125437,
		"lat" : 22.544287,
		"value" : 568
	},
	{
		"lng" : 114.110662,
		"lat" : 22.614833,
		"value" : 564
	},
	{
		"lng" : 114.116746,
		"lat" : 22.560244,
		"value" : 557
	},
	{
		"lng" : 114.050987,
		"lat" : 22.516287,
		"value" : 541
	},
	{
		"lng" : 113.985369,
		"lat" : 22.533489,
		"value" : 521
	},
	{
		"lng" : 114.061192,
		"lat" : 22.541744,
		"value" : 515
	},
	{
		"lng" : 114.023465,
		"lat" : 22.621886,
		"value" : 513
	},
	{
		"lng" : 113.880641,
		"lat" : 22.560741,
		"value" : 504
	},
	{
		"lng" : 114.252541,
		"lat" : 22.718138,
		"value" : 504
	},
	{
		"lng" : 114.050385,
		"lat" : 22.594336,
		"value" : 503
	},
	{
		"lng" : 114.234423,
		"lat" : 22.697495,
		"value" : 501
	},
	{
		"lng" : 114.079975,
		"lat" : 22.626777,
		"value" : 493
	},
	{
		"lng" : 114.228163,
		"lat" : 22.68572,
		"value" : 492
	},
	{
		"lng" : 113.937715,
		"lat" : 22.500409,
		"value" : 491
	},
	{
		"lng" : 114.037934,
		"lat" : 22.561028,
		"value" : 490
	},
	{
		"lng" : 114.083598,
		"lat" : 22.531374,
		"value" : 461
	},
	{
		"lng" : 114.192725,
		"lat" : 22.639179,
		"value" : 459
	},
	{
		"lng" : 113.82758,
		"lat" : 22.671302,
		"value" : 458
	},
	{
		"lng" : 113.953842,
		"lat" : 22.540236,
		"value" : 457
	},
	{
		"lng" : 113.931149,
		"lat" : 22.486325,
		"value" : 452
	},
	{
		"lng" : 113.856093,
		"lat" : 22.575073,
		"value" : 452
	},
	{
		"lng" : 113.971433,
		"lat" : 22.523023,
		"value" : 447
	},
	{
		"lng" : 113.981962,
		"lat" : 22.5599,
		"value" : 444
	},
	{
		"lng" : 113.912331,
		"lat" : 22.476626,
		"value" : 442
	},
	{
		"lng" : 114.244318,
		"lat" : 22.709488,
		"value" : 439
	},
	{
		"lng" : 113.811001,
		"lat" : 22.688133,
		"value" : 437
	},
	{
		"lng" : 114.096273,
		"lat" : 22.549126,
		"value" : 425
	},
	{
		"lng" : 113.835449,
		"lat" : 22.628835,
		"value" : 417
	},
	{
		"lng" : 114.159805,
		"lat" : 22.557956,
		"value" : 410
	},
	{
		"lng" : 114.180646,
		"lat" : 22.634322,
		"value" : 407
	},
	{
		"lng" : 114.050034,
		"lat" : 22.546668,
		"value" : 400
	},
	{
		"lng" : 113.886589,
		"lat" : 22.555304,
		"value" : 396
	},
	{
		"lng" : 114.138045,
		"lat" : 22.580986,
		"value" : 391
	},
	{
		"lng" : 113.965307,
		"lat" : 22.581946,
		"value" : 390
	},
	{
		"lng" : 113.910585,
		"lat" : 22.574543,
		"value" : 386
	},
	{
		"lng" : 114.014378,
		"lat" : 22.549784,
		"value" : 373
	},
	{
		"lng" : 113.965648,
		"lat" : 22.593567,
		"value" : 364
	},
	{
		"lng" : 114.08728,
		"lat" : 22.555843,
		"value" : 352
	},
	{
		"lng" : 113.908073,
		"lat" : 22.749704,
		"value" : 349
	},
	{
		"lng" : 114.012808,
		"lat" : 22.637134,
		"value" : 349
	},
	{
		"lng" : 114.148765,
		"lat" : 22.547688,
		"value" : 339
	},
	{
		"lng" : 113.88509,
		"lat" : 22.549635,
		"value" : 335
	},
	{
		"lng" : 113.823677,
		"lat" : 22.646675,
		"value" : 330
	},
	{
		"lng" : 113.919013,
		"lat" : 22.581822,
		"value" : 322
	},
	{
		"lng" : 114.104497,
		"lat" : 22.556288,
		"value" : 317
	},
	{
		"lng" : 113.960559,
		"lat" : 22.56827,
		"value" : 316
	},
	{
		"lng" : 114.22431,
		"lat" : 22.673079,
		"value" : 315
	},
	{
		"lng" : 114.032716,
		"lat" : 22.55386,
		"value" : 314
	},
	{
		"lng" : 113.817039,
		"lat" : 22.713516,
		"value" : 311
	},
	{
		"lng" : 114.097634,
		"lat" : 22.567804,
		"value" : 302
	},
	{
		"lng" : 113.968432,
		"lat" : 22.525142,
		"value" : 293
	},
	{
		"lng" : 113.903079,
		"lat" : 22.532005,
		"value" : 288
	},
	{
		"lng" : 114.073972,
		"lat" : 22.521799,
		"value" : 275
	},
	{
		"lng" : 113.999666,
		"lat" : 22.590097,
		"value" : 274
	},
	{
		"lng" : 114.104315,
		"lat" : 22.56203,
		"value" : 267
	},
	{
		"lng" : 114.086825,
		"lat" : 22.537214,
		"value" : 260
	},
	{
		"lng" : 114.116746,
		"lat" : 22.560244,
		"value" : 257
	},
	{
		"lng" : 113.943543,
		"lat" : 22.580534,
		"value" : 256
	},
	{
		"lng" : 113.819959,
		"lat" : 22.784486,
		"value" : 251
	},
	{
		"lng" : 113.938604,
		"lat" : 22.493353,
		"value" : 248
	},
	{
		"lng" : 114.218042,
		"lat" : 22.658995,
		"value" : 248
	},
	{
		"lng" : 113.937602,
		"lat" : 22.509146,
		"value" : 247
	},
	{
		"lng" : 114.018135,
		"lat" : 22.540411,
		"value" : 245
	},
	{
		"lng" : 113.946195,
		"lat" : 22.527019,
		"value" : 240
	},
	{
		"lng" : 113.924844,
		"lat" : 22.485098,
		"value" : 238
	},
	{
		"lng" : 114.038514,
		"lat" : 22.560759,
		"value" : 237
	},
	{
		"lng" : 114.13038,
		"lat" : 22.595442,
		"value" : 236
	},
	{
		"lng" : 114.105337,
		"lat" : 22.622046,
		"value" : 236
	},
	{
		"lng" : 114.11972,
		"lat" : 22.539951,
		"value" : 235
	},
	{
		"lng" : 114.124974,
		"lat" : 22.573988,
		"value" : 233
	},
	{
		"lng" : 113.899146,
		"lat" : 22.563762,
		"value" : 232
	},
	{
		"lng" : 113.826874,
		"lat" : 22.752625,
		"value" : 227
	},
	{
		"lng" : 114.092561,
		"lat" : 22.544541,
		"value" : 221
	},
	{
		"lng" : 113.894625,
		"lat" : 22.547468,
		"value" : 219
	},
	{
		"lng" : 114.06924,
		"lat" : 22.540937,
		"value" : 209
	},
	{
		"lng" : 114.169632,
		"lat" : 22.564072,
		"value" : 208
	},
	{
		"lng" : 113.991905,
		"lat" : 22.668207,
		"value" : 202
	},
	{
		"lng" : 114.1185,
		"lat" : 22.600864,
		"value" : 190
	},
	{
		"lng" : 114.038637,
		"lat" : 22.538887,
		"value" : 187
	},
	{
		"lng" : 113.989148,
		"lat" : 22.543992,
		"value" : 185
	},
	{
		"lng" : 114.038514,
		"lat" : 22.560759,
		"value" : 181
	},
	{
		"lng" : 114.067778,
		"lat" : 22.568458,
		"value" : 179
	},
	{
		"lng" : 114.15106,
		"lat" : 22.555438,
		"value" : 177
	},
	{
		"lng" : 114.150818,
		"lat" : 22.552578,
		"value" : 173
	},
	{
		"lng" : 114.104749,
		"lat" : 22.539943,
		"value" : 172
	},
	{
		"lng" : 114.112717,
		"lat" : 22.542286,
		"value" : 172
	},
	{
		"lng" : 114.116241,
		"lat" : 22.605694,
		"value" : 167
	},
	{
		"lng" : 114.095079,
		"lat" : 22.56194,
		"value" : 166
	},
	{
		"lng" : 114.123421,
		"lat" : 22.550236,
		"value" : 165
	},
	{
		"lng" : 113.999924,
		"lat" : 22.52454,
		"value" : 165
	},
	{
		"lng" : 114.123421,
		"lat" : 22.550236,
		"value" : 165
	},
	{
		"lng" : 114.15461,
		"lat" : 22.605537,
		"value" : 161
	},
	{
		"lng" : 114.128052,
		"lat" : 22.559996,
		"value" : 148
	},
	{
		"lng" : 113.998846,
		"lat" : 22.546456,
		"value" : 147
	},
	{
		"lng" : 114.128059,
		"lat" : 22.691498,
		"value" : 144
	},
	{
		"lng" : 114.039683,
		"lat" : 22.545356,
		"value" : 143
	},
	{
		"lng" : 113.839882,
		"lat" : 22.688238,
		"value" : 142
	},
	{
		"lng" : 114.119484,
		"lat" : 22.543303,
		"value" : 141
	},
	{
		"lng" : 113.974687,
		"lat" : 22.56401,
		"value" : 139
	},
	{
		"lng" : 113.954311,
		"lat" : 22.574138,
		"value" : 139
	},
	{
		"lng" : 114.076088,
		"lat" : 22.555351,
		"value" : 138
	},
	{
		"lng" : 114.118154,
		"lat" : 22.535514,
		"value" : 136
	},
	{
		"lng" : 114.010275,
		"lat" : 22.599395,
		"value" : 136
	},
	{
		"lng" : 114.151367,
		"lat" : 22.606894,
		"value" : 132
	},
	{
		"lng" : 114.114807,
		"lat" : 22.607426,
		"value" : 130
	},
	{
		"lng" : 114.140668,
		"lat" : 22.605614,
		"value" : 128
	},
	{
		"lng" : 114.054024,
		"lat" : 22.548243,
		"value" : 126
	},
	{
		"lng" : 113.932091,
		"lat" : 22.677353,
		"value" : 123
	},
	{
		"lng" : 114.119083,
		"lat" : 22.53497,
		"value" : 123
	},
	{
		"lng" : 114.089157,
		"lat" : 22.568182,
		"value" : 122
	},
	{
		"lng" : 113.929306,
		"lat" : 22.527477,
		"value" : 122
	},
	{
		"lng" : 113.96953,
		"lat" : 22.541796,
		"value" : 122
	},
	{
		"lng" : 113.905251,
		"lat" : 22.510642,
		"value" : 121
	},
	{
		"lng" : 114.327054,
		"lat" : 22.601654,
		"value" : 118
	},
	{
		"lng" : 114.245781,
		"lat" : 22.717283,
		"value" : 118
	},
	{
		"lng" : 114.170433,
		"lat" : 22.566429,
		"value" : 118
	},
	{
		"lng" : 114.142761,
		"lat" : 22.606649,
		"value" : 116
	},
	{
		"lng" : 114.022743,
		"lat" : 22.653589,
		"value" : 114
	},
	{
		"lng" : 114.020386,
		"lat" : 22.656429,
		"value" : 113
	},
	{
		"lng" : 114.118698,
		"lat" : 22.532539,
		"value" : 112
	},
	{
		"lng" : 114.045677,
		"lat" : 22.607674,
		"value" : 111
	},
	{
		"lng" : 114.03894,
		"lat" : 22.623993,
		"value" : 110
	},
	{
		"lng" : 114.017815,
		"lat" : 22.65918,
		"value" : 110
	},
	{
		"lng" : 113.94906,
		"lat" : 22.52948,
		"value" : 108
	},
	{
		"lng" : 114.023851,
		"lat" : 22.552772,
		"value" : 107
	},
	{
		"lng" : 113.912877,
		"lat" : 22.542716,
		"value" : 107
	},
	{
		"lng" : 113.939339,
		"lat" : 22.504848,
		"value" : 106
	},
	{
		"lng" : 113.923851,
		"lat" : 22.542027,
		"value" : 105
	},
	{
		"lng" : 113.94906,
		"lat" : 22.52948,
		"value" : 103
	},
	{
		"lng" : 113.924844,
		"lat" : 22.485098,
		"value" : 100
	},
	{
		"lng" : 114.125767,
		"lat" : 22.539792,
		"value" : 100
	}
]
