[
	{
		"lng" : 114.116939,
		"lat" : 22.544232,
		"value" : 6333
	},
	{
		"lng" : 114.029113,
		"lat" : 22.609725,
		"value" : 5230
	},
	{
		"lng" : 114.06017,
		"lat" : 22.548627,
		"value" : 4451
	},
	{
		"lng" : 114.116746,
		"lat" : 22.560244,
		"value" : 3601
	},
	{
		"lng" : 113.993114,
		"lat" : 22.521591,
		"value" : 2879
	},
	{
		"lng" : 114.107811,
		"lat" : 22.5418,
		"value" : 2566
	},
	{
		"lng" : 113.974216,
		"lat" : 22.5369,
		"value" : 2194
	},
	{
		"lng" : 114.069273,
		"lat" : 22.515737,
		"value" : 2192
	},
	{
		"lng" : 114.061101,
		"lat" : 22.534769,
		"value" : 2186
	},
	{
		"lng" : 113.942498,
		"lat" : 22.518422,
		"value" : 2042
	},
	{
		"lng" : 114.052948,
		"lat" : 22.53632,
		"value" : 1964
	},
	{
		"lng" : 114.085133,
		"lat" : 22.540459,
		"value" : 1666
	},
	{
		"lng" : 114.086243,
		"lat" : 22.544244,
		"value" : 1652
	},
	{
		"lng" : 114.277422,
		"lat" : 22.728806,
		"value" : 1619
	},
	{
		"lng" : 114.057241,
		"lat" : 22.53815,
		"value" : 1596
	},
	{
		"lng" : 114.123749,
		"lat" : 22.617382,
		"value" : 1483
	},
	{
		"lng" : 114.02583,
		"lat" : 22.536247,
		"value" : 1425
	},
	{
		"lng" : 114.037033,
		"lat" : 22.665243,
		"value" : 1356
	},
	{
		"lng" : 114.142136,
		"lat" : 22.54862,
		"value" : 1284
	},
	{
		"lng" : 113.915072,
		"lat" : 22.532232,
		"value" : 1263
	},
	{
		"lng" : 114.030946,
		"lat" : 22.671135,
		"value" : 1259
	},
	{
		"lng" : 114.086654,
		"lat" : 22.548981,
		"value" : 1251
	},
	{
		"lng" : 114.05944,
		"lat" : 22.570462,
		"value" : 1244
	},
	{
		"lng" : 114.122664,
		"lat" : 22.549238,
		"value" : 1209
	},
	{
		"lng" : 114.208994,
		"lat" : 22.648442,
		"value" : 1207
	},
	{
		"lng" : 114.110773,
		"lat" : 22.613581,
		"value" : 1169
	},
	{
		"lng" : 114.060681,
		"lat" : 22.626833,
		"value" : 1153
	},
	{
		"lng" : 114.065915,
		"lat" : 22.523226,
		"value" : 1129
	},
	{
		"lng" : 113.904158,
		"lat" : 22.568964,
		"value" : 1122
	},
	{
		"lng" : 114.094946,
		"lat" : 22.540618,
		"value" : 1108
	},
	{
		"lng" : 114.118909,
		"lat" : 22.53968,
		"value" : 1100
	},
	{
		"lng" : 113.924857,
		"lat" : 22.532357,
		"value" : 1100
	},
	{
		"lng" : 114.04085,
		"lat" : 22.617545,
		"value" : 1070
	},
	{
		"lng" : 113.954396,
		"lat" : 22.580677,
		"value" : 1030
	},
	{
		"lng" : 113.931847,
		"lat" : 22.533911,
		"value" : 1023
	},
	{
		"lng" : 113.996651,
		"lat" : 22.532406,
		"value" : 1018
	},
	{
		"lng" : 113.846792,
		"lat" : 22.601363,
		"value" : 1009
	},
	{
		"lng" : 113.912877,
		"lat" : 22.542716,
		"value" : 990
	},
	{
		"lng" : 113.813663,
		"lat" : 22.624026,
		"value" : 987
	},
	{
		"lng" : 113.899146,
		"lat" : 22.563762,
		"value" : 948
	},
	{
		"lng" : 114.147644,
		"lat" : 22.61989,
		"value" : 924
	},
	{
		"lng" : 114.013917,
		"lat" : 22.533357,
		"value" : 895
	},
	{
		"lng" : 113.882703,
		"lat" : 22.577428,
		"value" : 880
	},
	{
		"lng" : 113.968773,
		"lat" : 22.53944,
		"value" : 873
	},
	{
		"lng" : 114.043343,
		"lat" : 22.553419,
		"value" : 832
	},
	{
		"lng" : 113.809759,
		"lat" : 22.732605,
		"value" : 787
	},
	{
		"lng" : 114.129883,
		"lat" : 22.556188,
		"value" : 770
	},
	{
		"lng" : 114.030946,
		"lat" : 22.671135,
		"value" : 763
	},
	{
		"lng" : 114.113825,
		"lat" : 22.608053,
		"value" : 760
	},
	{
		"lng" : 114.053616,
		"lat" : 22.523708,
		"value" : 753
	},
	{
		"lng" : 114.137018,
		"lat" : 22.572496,
		"value" : 746
	},
	{
		"lng" : 114.272293,
		"lat" : 22.700365,
		"value" : 729
	},
	{
		"lng" : 114.140115,
		"lat" : 22.555856,
		"value" : 728
	},
	{
		"lng" : 113.953842,
		"lat" : 22.540236,
		"value" : 725
	},
	{
		"lng" : 114.061192,
		"lat" : 22.541744,
		"value" : 718
	},
	{
		"lng" : 114.063591,
		"lat" : 22.547375,
		"value" : 716
	},
	{
		"lng" : 114.042431,
		"lat" : 22.601505,
		"value" : 706
	},
	{
		"lng" : 114.1165,
		"lat" : 22.584447,
		"value" : 687
	},
	{
		"lng" : 113.893232,
		"lat" : 22.55969,
		"value" : 681
	},
	{
		"lng" : 114.130052,
		"lat" : 22.56728,
		"value" : 681
	},
	{
		"lng" : 114.042579,
		"lat" : 22.520798,
		"value" : 681
	},
	{
		"lng" : 114.104584,
		"lat" : 22.54838,
		"value" : 678
	},
	{
		"lng" : 114.12702,
		"lat" : 22.604577,
		"value" : 677
	},
	{
		"lng" : 114.125437,
		"lat" : 22.544287,
		"value" : 667
	},
	{
		"lng" : 114.059402,
		"lat" : 22.560538,
		"value" : 656
	},
	{
		"lng" : 114.053191,
		"lat" : 22.624917,
		"value" : 643
	},
	{
		"lng" : 114.067829,
		"lat" : 22.548646,
		"value" : 639
	},
	{
		"lng" : 113.912331,
		"lat" : 22.476626,
		"value" : 628
	},
	{
		"lng" : 114.079975,
		"lat" : 22.626777,
		"value" : 605
	},
	{
		"lng" : 113.915111,
		"lat" : 22.485101,
		"value" : 603
	},
	{
		"lng" : 114.265531,
		"lat" : 22.721967,
		"value" : 601
	},
	{
		"lng" : 114.116746,
		"lat" : 22.560244,
		"value" : 583
	},
	{
		"lng" : 113.985369,
		"lat" : 22.533489,
		"value" : 579
	},
	{
		"lng" : 114.050385,
		"lat" : 22.594336,
		"value" : 557
	},
	{
		"lng" : 114.050987,
		"lat" : 22.516287,
		"value" : 556
	},
	{
		"lng" : 114.244318,
		"lat" : 22.709488,
		"value" : 553
	},
	{
		"lng" : 114.228163,
		"lat" : 22.68572,
		"value" : 551
	},
	{
		"lng" : 113.82758,
		"lat" : 22.671302,
		"value" : 545
	},
	{
		"lng" : 113.965648,
		"lat" : 22.593567,
		"value" : 542
	},
	{
		"lng" : 114.041768,
		"lat" : 22.565672,
		"value" : 542
	},
	{
		"lng" : 113.937715,
		"lat" : 22.500409,
		"value" : 540
	},
	{
		"lng" : 114.028282,
		"lat" : 22.529348,
		"value" : 533
	},
	{
		"lng" : 114.023465,
		"lat" : 22.621886,
		"value" : 521
	},
	{
		"lng" : 113.851562,
		"lat" : 22.770126,
		"value" : 520
	},
	{
		"lng" : 114.138045,
		"lat" : 22.580986,
		"value" : 514
	},
	{
		"lng" : 113.856093,
		"lat" : 22.575073,
		"value" : 507
	},
	{
		"lng" : 113.880641,
		"lat" : 22.560741,
		"value" : 500
	},
	{
		"lng" : 113.965307,
		"lat" : 22.581946,
		"value" : 498
	},
	{
		"lng" : 114.110662,
		"lat" : 22.614833,
		"value" : 498
	},
	{
		"lng" : 114.252541,
		"lat" : 22.718138,
		"value" : 494
	},
	{
		"lng" : 114.192725,
		"lat" : 22.639179,
		"value" : 489
	},
	{
		"lng" : 114.083598,
		"lat" : 22.531374,
		"value" : 489
	},
	{
		"lng" : 113.981962,
		"lat" : 22.5599,
		"value" : 488
	},
	{
		"lng" : 113.946195,
		"lat" : 22.527019,
		"value" : 475
	},
	{
		"lng" : 113.886589,
		"lat" : 22.555304,
		"value" : 469
	},
	{
		"lng" : 113.835449,
		"lat" : 22.628835,
		"value" : 465
	},
	{
		"lng" : 114.234423,
		"lat" : 22.697495,
		"value" : 465
	},
	{
		"lng" : 113.931149,
		"lat" : 22.486325,
		"value" : 458
	},
	{
		"lng" : 114.037934,
		"lat" : 22.561028,
		"value" : 456
	},
	{
		"lng" : 114.014378,
		"lat" : 22.549784,
		"value" : 441
	},
	{
		"lng" : 113.910585,
		"lat" : 22.574543,
		"value" : 434
	},
	{
		"lng" : 113.903079,
		"lat" : 22.532005,
		"value" : 426
	},
	{
		"lng" : 114.180646,
		"lat" : 22.634322,
		"value" : 426
	},
	{
		"lng" : 113.811001,
		"lat" : 22.688133,
		"value" : 422
	},
	{
		"lng" : 113.971433,
		"lat" : 22.523023,
		"value" : 418
	},
	{
		"lng" : 114.22431,
		"lat" : 22.673079,
		"value" : 400
	},
	{
		"lng" : 113.968432,
		"lat" : 22.525142,
		"value" : 394
	},
	{
		"lng" : 114.096273,
		"lat" : 22.549126,
		"value" : 391
	},
	{
		"lng" : 114.012808,
		"lat" : 22.637134,
		"value" : 389
	},
	{
		"lng" : 114.050034,
		"lat" : 22.546668,
		"value" : 387
	},
	{
		"lng" : 114.08728,
		"lat" : 22.555843,
		"value" : 384
	},
	{
		"lng" : 114.104315,
		"lat" : 22.56203,
		"value" : 382
	},
	{
		"lng" : 114.148765,
		"lat" : 22.547688,
		"value" : 381
	},
	{
		"lng" : 113.919013,
		"lat" : 22.581822,
		"value" : 380
	},
	{
		"lng" : 113.908073,
		"lat" : 22.749704,
		"value" : 369
	},
	{
		"lng" : 113.937602,
		"lat" : 22.509146,
		"value" : 363
	},
	{
		"lng" : 113.823677,
		"lat" : 22.646675,
		"value" : 362
	},
	{
		"lng" : 113.88509,
		"lat" : 22.549635,
		"value" : 351
	},
	{
		"lng" : 114.092561,
		"lat" : 22.544541,
		"value" : 347
	},
	{
		"lng" : 114.104497,
		"lat" : 22.556288,
		"value" : 346
	},
	{
		"lng" : 113.943543,
		"lat" : 22.580534,
		"value" : 337
	},
	{
		"lng" : 113.999666,
		"lat" : 22.590097,
		"value" : 315
	},
	{
		"lng" : 113.924844,
		"lat" : 22.485098,
		"value" : 308
	},
	{
		"lng" : 113.899146,
		"lat" : 22.563762,
		"value" : 306
	},
	{
		"lng" : 114.032716,
		"lat" : 22.55386,
		"value" : 306
	},
	{
		"lng" : 113.817039,
		"lat" : 22.713516,
		"value" : 305
	},
	{
		"lng" : 113.960559,
		"lat" : 22.56827,
		"value" : 304
	},
	{
		"lng" : 114.018135,
		"lat" : 22.540411,
		"value" : 301
	},
	{
		"lng" : 113.938604,
		"lat" : 22.493353,
		"value" : 299
	},
	{
		"lng" : 114.073972,
		"lat" : 22.521799,
		"value" : 294
	},
	{
		"lng" : 113.819959,
		"lat" : 22.784486,
		"value" : 284
	},
	{
		"lng" : 114.162354,
		"lat" : 22.5623,
		"value" : 284
	},
	{
		"lng" : 114.116746,
		"lat" : 22.560244,
		"value" : 277
	},
	{
		"lng" : 114.038637,
		"lat" : 22.538887,
		"value" : 272
	},
	{
		"lng" : 114.095079,
		"lat" : 22.56194,
		"value" : 269
	},
	{
		"lng" : 114.097634,
		"lat" : 22.567804,
		"value" : 255
	},
	{
		"lng" : 114.086825,
		"lat" : 22.537214,
		"value" : 255
	},
	{
		"lng" : 114.13038,
		"lat" : 22.595442,
		"value" : 255
	},
	{
		"lng" : 113.989148,
		"lat" : 22.543992,
		"value" : 254
	},
	{
		"lng" : 114.124974,
		"lat" : 22.573988,
		"value" : 251
	},
	{
		"lng" : 113.894625,
		"lat" : 22.547468,
		"value" : 246
	},
	{
		"lng" : 114.105337,
		"lat" : 22.622046,
		"value" : 243
	},
	{
		"lng" : 114.218042,
		"lat" : 22.658995,
		"value" : 242
	},
	{
		"lng" : 114.067778,
		"lat" : 22.568458,
		"value" : 241
	},
	{
		"lng" : 113.826874,
		"lat" : 22.752625,
		"value" : 232
	},
	{
		"lng" : 113.991905,
		"lat" : 22.668207,
		"value" : 230
	},
	{
		"lng" : 114.159805,
		"lat" : 22.557956,
		"value" : 226
	},
	{
		"lng" : 114.123421,
		"lat" : 22.550236,
		"value" : 219
	},
	{
		"lng" : 114.06924,
		"lat" : 22.540937,
		"value" : 214
	},
	{
		"lng" : 114.038514,
		"lat" : 22.560759,
		"value" : 214
	},
	{
		"lng" : 114.116241,
		"lat" : 22.605694,
		"value" : 211
	},
	{
		"lng" : 114.104749,
		"lat" : 22.539943,
		"value" : 206
	},
	{
		"lng" : 113.999924,
		"lat" : 22.52454,
		"value" : 198
	},
	{
		"lng" : 114.112717,
		"lat" : 22.542286,
		"value" : 195
	},
	{
		"lng" : 114.123421,
		"lat" : 22.550236,
		"value" : 194
	},
	{
		"lng" : 114.11972,
		"lat" : 22.539951,
		"value" : 189
	},
	{
		"lng" : 114.169632,
		"lat" : 22.564072,
		"value" : 185
	},
	{
		"lng" : 114.190887,
		"lat" : 22.593035,
		"value" : 180
	},
	{
		"lng" : 113.998846,
		"lat" : 22.546456,
		"value" : 177
	},
	{
		"lng" : 114.128059,
		"lat" : 22.691498,
		"value" : 176
	},
	{
		"lng" : 114.1185,
		"lat" : 22.600864,
		"value" : 173
	},
	{
		"lng" : 114.118154,
		"lat" : 22.535514,
		"value" : 173
	},
	{
		"lng" : 113.974687,
		"lat" : 22.56401,
		"value" : 171
	},
	{
		"lng" : 114.038514,
		"lat" : 22.560759,
		"value" : 168
	},
	{
		"lng" : 114.076088,
		"lat" : 22.555351,
		"value" : 164
	},
	{
		"lng" : 114.167847,
		"lat" : 22.567627,
		"value" : 163
	},
	{
		"lng" : 114.039683,
		"lat" : 22.545356,
		"value" : 161
	},
	{
		"lng" : 114.119484,
		"lat" : 22.543303,
		"value" : 160
	},
	{
		"lng" : 114.128052,
		"lat" : 22.559996,
		"value" : 156
	},
	{
		"lng" : 114.023851,
		"lat" : 22.552772,
		"value" : 156
	},
	{
		"lng" : 114.010275,
		"lat" : 22.599395,
		"value" : 153
	},
	{
		"lng" : 114.327054,
		"lat" : 22.601654,
		"value" : 153
	},
	{
		"lng" : 114.022743,
		"lat" : 22.653589,
		"value" : 151
	},
	{
		"lng" : 113.839882,
		"lat" : 22.688238,
		"value" : 150
	},
	{
		"lng" : 114.089157,
		"lat" : 22.568182,
		"value" : 148
	},
	{
		"lng" : 114.119083,
		"lat" : 22.53497,
		"value" : 142
	},
	{
		"lng" : 114.125767,
		"lat" : 22.539792,
		"value" : 141
	},
	{
		"lng" : 114.072578,
		"lat" : 22.561394,
		"value" : 140
	},
	{
		"lng" : 114.108482,
		"lat" : 22.541466,
		"value" : 135
	},
	{
		"lng" : 114.114807,
		"lat" : 22.607426,
		"value" : 135
	},
	{
		"lng" : 113.923851,
		"lat" : 22.542027,
		"value" : 134
	},
	{
		"lng" : 114.142761,
		"lat" : 22.606649,
		"value" : 133
	},
	{
		"lng" : 114.108012,
		"lat" : 22.656628,
		"value" : 133
	},
	{
		"lng" : 113.954311,
		"lat" : 22.574138,
		"value" : 131
	},
	{
		"lng" : 113.939339,
		"lat" : 22.504848,
		"value" : 130
	},
	{
		"lng" : 114.151367,
		"lat" : 22.606894,
		"value" : 130
	},
	{
		"lng" : 114.122528,
		"lat" : 22.542276,
		"value" : 129
	},
	{
		"lng" : 113.96953,
		"lat" : 22.541796,
		"value" : 128
	},
	{
		"lng" : 113.899146,
		"lat" : 22.563762,
		"value" : 128
	},
	{
		"lng" : 114.118698,
		"lat" : 22.532539,
		"value" : 126
	},
	{
		"lng" : 113.929306,
		"lat" : 22.527477,
		"value" : 125
	},
	{
		"lng" : 114.245781,
		"lat" : 22.717283,
		"value" : 123
	},
	{
		"lng" : 114.144463,
		"lat" : 22.573784,
		"value" : 123
	},
	{
		"lng" : 114.061485,
		"lat" : 22.633875,
		"value" : 122
	},
	{
		"lng" : 113.94906,
		"lat" : 22.52948,
		"value" : 122
	},
	{
		"lng" : 113.938293,
		"lat" : 22.522472,
		"value" : 119
	},
	{
		"lng" : 114.035504,
		"lat" : 22.524612,
		"value" : 119
	},
	{
		"lng" : 114.169128,
		"lat" : 22.559774,
		"value" : 117
	},
	{
		"lng" : 114.03894,
		"lat" : 22.623993,
		"value" : 116
	},
	{
		"lng" : 113.967048,
		"lat" : 22.539604,
		"value" : 112
	}
]
