[
	{
		"lng" : 114.116939,
		"lat" : 22.544232,
		"value" : 6370
	},
	{
		"lng" : 114.029113,
		"lat" : 22.609725,
		"value" : 5526
	},
	{
		"lng" : 114.116746,
		"lat" : 22.560244,
		"value" : 3992
	},
	{
		"lng" : 114.06017,
		"lat" : 22.548627,
		"value" : 3334
	},
	{
		"lng" : 114.061101,
		"lat" : 22.534769,
		"value" : 2405
	},
	{
		"lng" : 113.993114,
		"lat" : 22.521591,
		"value" : 2390
	},
	{
		"lng" : 114.107811,
		"lat" : 22.5418,
		"value" : 2300
	},
	{
		"lng" : 113.942498,
		"lat" : 22.518422,
		"value" : 2204
	},
	{
		"lng" : 114.069273,
		"lat" : 22.515737,
		"value" : 2197
	},
	{
		"lng" : 113.974216,
		"lat" : 22.5369,
		"value" : 1995
	},
	{
		"lng" : 114.052948,
		"lat" : 22.53632,
		"value" : 1902
	},
	{
		"lng" : 114.02583,
		"lat" : 22.536247,
		"value" : 1708
	},
	{
		"lng" : 114.086243,
		"lat" : 22.544244,
		"value" : 1704
	},
	{
		"lng" : 114.277422,
		"lat" : 22.728806,
		"value" : 1702
	},
	{
		"lng" : 114.085133,
		"lat" : 22.540459,
		"value" : 1629
	},
	{
		"lng" : 114.142136,
		"lat" : 22.54862,
		"value" : 1553
	},
	{
		"lng" : 114.05944,
		"lat" : 22.570462,
		"value" : 1507
	},
	{
		"lng" : 114.123749,
		"lat" : 22.617382,
		"value" : 1454
	},
	{
		"lng" : 114.057241,
		"lat" : 22.53815,
		"value" : 1418
	},
	{
		"lng" : 114.086654,
		"lat" : 22.548981,
		"value" : 1401
	},
	{
		"lng" : 114.037033,
		"lat" : 22.665243,
		"value" : 1382
	},
	{
		"lng" : 114.060681,
		"lat" : 22.626833,
		"value" : 1328
	},
	{
		"lng" : 113.931847,
		"lat" : 22.533911,
		"value" : 1272
	},
	{
		"lng" : 114.208994,
		"lat" : 22.648442,
		"value" : 1214
	},
	{
		"lng" : 114.118909,
		"lat" : 22.53968,
		"value" : 1182
	},
	{
		"lng" : 114.030946,
		"lat" : 22.671135,
		"value" : 1182
	},
	{
		"lng" : 114.122664,
		"lat" : 22.549238,
		"value" : 1154
	},
	{
		"lng" : 114.110773,
		"lat" : 22.613581,
		"value" : 1141
	},
	{
		"lng" : 113.915072,
		"lat" : 22.532232,
		"value" : 1103
	},
	{
		"lng" : 114.04085,
		"lat" : 22.617545,
		"value" : 1085
	},
	{
		"lng" : 113.954396,
		"lat" : 22.580677,
		"value" : 1052
	},
	{
		"lng" : 113.912877,
		"lat" : 22.542716,
		"value" : 1027
	},
	{
		"lng" : 113.904158,
		"lat" : 22.568964,
		"value" : 998
	},
	{
		"lng" : 114.065915,
		"lat" : 22.523226,
		"value" : 982
	},
	{
		"lng" : 113.953842,
		"lat" : 22.540236,
		"value" : 969
	},
	{
		"lng" : 113.924857,
		"lat" : 22.532357,
		"value" : 947
	},
	{
		"lng" : 113.882703,
		"lat" : 22.577428,
		"value" : 933
	},
	{
		"lng" : 113.813663,
		"lat" : 22.624026,
		"value" : 933
	},
	{
		"lng" : 113.899146,
		"lat" : 22.563762,
		"value" : 918
	},
	{
		"lng" : 114.147644,
		"lat" : 22.61989,
		"value" : 913
	},
	{
		"lng" : 113.846792,
		"lat" : 22.601363,
		"value" : 912
	},
	{
		"lng" : 114.094946,
		"lat" : 22.540618,
		"value" : 905
	},
	{
		"lng" : 114.013917,
		"lat" : 22.533357,
		"value" : 903
	},
	{
		"lng" : 114.063591,
		"lat" : 22.547375,
		"value" : 826
	},
	{
		"lng" : 113.996651,
		"lat" : 22.532406,
		"value" : 824
	},
	{
		"lng" : 114.030946,
		"lat" : 22.671135,
		"value" : 809
	},
	{
		"lng" : 114.053616,
		"lat" : 22.523708,
		"value" : 798
	},
	{
		"lng" : 113.968773,
		"lat" : 22.53944,
		"value" : 785
	},
	{
		"lng" : 114.1165,
		"lat" : 22.584447,
		"value" : 771
	},
	{
		"lng" : 114.272293,
		"lat" : 22.700365,
		"value" : 763
	},
	{
		"lng" : 114.043343,
		"lat" : 22.553419,
		"value" : 747
	},
	{
		"lng" : 113.809759,
		"lat" : 22.732605,
		"value" : 728
	},
	{
		"lng" : 114.130052,
		"lat" : 22.56728,
		"value" : 711
	},
	{
		"lng" : 114.265531,
		"lat" : 22.721967,
		"value" : 694
	},
	{
		"lng" : 114.137018,
		"lat" : 22.572496,
		"value" : 682
	},
	{
		"lng" : 114.113825,
		"lat" : 22.608053,
		"value" : 675
	},
	{
		"lng" : 113.893232,
		"lat" : 22.55969,
		"value" : 671
	},
	{
		"lng" : 114.079975,
		"lat" : 22.626777,
		"value" : 666
	},
	{
		"lng" : 114.125437,
		"lat" : 22.544287,
		"value" : 657
	},
	{
		"lng" : 114.12702,
		"lat" : 22.604577,
		"value" : 656
	},
	{
		"lng" : 114.140115,
		"lat" : 22.555856,
		"value" : 649
	},
	{
		"lng" : 114.042431,
		"lat" : 22.601505,
		"value" : 646
	},
	{
		"lng" : 114.042579,
		"lat" : 22.520798,
		"value" : 639
	},
	{
		"lng" : 114.116746,
		"lat" : 22.560244,
		"value" : 638
	},
	{
		"lng" : 114.053191,
		"lat" : 22.624917,
		"value" : 636
	},
	{
		"lng" : 114.228163,
		"lat" : 22.68572,
		"value" : 616
	},
	{
		"lng" : 114.059402,
		"lat" : 22.560538,
		"value" : 603
	},
	{
		"lng" : 114.050987,
		"lat" : 22.516287,
		"value" : 593
	},
	{
		"lng" : 113.965307,
		"lat" : 22.581946,
		"value" : 591
	},
	{
		"lng" : 114.129883,
		"lat" : 22.556188,
		"value" : 583
	},
	{
		"lng" : 113.985369,
		"lat" : 22.533489,
		"value" : 576
	},
	{
		"lng" : 114.023465,
		"lat" : 22.621886,
		"value" : 570
	},
	{
		"lng" : 114.104584,
		"lat" : 22.54838,
		"value" : 568
	},
	{
		"lng" : 114.067829,
		"lat" : 22.548646,
		"value" : 566
	},
	{
		"lng" : 114.252541,
		"lat" : 22.718138,
		"value" : 540
	},
	{
		"lng" : 113.851562,
		"lat" : 22.770126,
		"value" : 538
	},
	{
		"lng" : 114.061192,
		"lat" : 22.541744,
		"value" : 534
	},
	{
		"lng" : 114.028282,
		"lat" : 22.529348,
		"value" : 532
	},
	{
		"lng" : 114.041768,
		"lat" : 22.565672,
		"value" : 525
	},
	{
		"lng" : 114.050385,
		"lat" : 22.594336,
		"value" : 521
	},
	{
		"lng" : 114.244318,
		"lat" : 22.709488,
		"value" : 520
	},
	{
		"lng" : 113.915111,
		"lat" : 22.485101,
		"value" : 515
	},
	{
		"lng" : 114.104315,
		"lat" : 22.56203,
		"value" : 513
	},
	{
		"lng" : 114.192725,
		"lat" : 22.639179,
		"value" : 500
	},
	{
		"lng" : 114.180646,
		"lat" : 22.634322,
		"value" : 499
	},
	{
		"lng" : 113.937715,
		"lat" : 22.500409,
		"value" : 494
	},
	{
		"lng" : 114.234423,
		"lat" : 22.697495,
		"value" : 492
	},
	{
		"lng" : 114.138045,
		"lat" : 22.580986,
		"value" : 491
	},
	{
		"lng" : 113.886589,
		"lat" : 22.555304,
		"value" : 485
	},
	{
		"lng" : 113.856093,
		"lat" : 22.575073,
		"value" : 485
	},
	{
		"lng" : 113.880641,
		"lat" : 22.560741,
		"value" : 484
	},
	{
		"lng" : 113.910585,
		"lat" : 22.574543,
		"value" : 474
	},
	{
		"lng" : 113.965648,
		"lat" : 22.593567,
		"value" : 466
	},
	{
		"lng" : 114.083598,
		"lat" : 22.531374,
		"value" : 456
	},
	{
		"lng" : 114.110662,
		"lat" : 22.614833,
		"value" : 453
	},
	{
		"lng" : 113.946195,
		"lat" : 22.527019,
		"value" : 451
	},
	{
		"lng" : 113.981962,
		"lat" : 22.5599,
		"value" : 442
	},
	{
		"lng" : 113.931149,
		"lat" : 22.486325,
		"value" : 442
	},
	{
		"lng" : 114.22431,
		"lat" : 22.673079,
		"value" : 439
	},
	{
		"lng" : 113.82758,
		"lat" : 22.671302,
		"value" : 437
	},
	{
		"lng" : 113.919013,
		"lat" : 22.581822,
		"value" : 433
	},
	{
		"lng" : 114.014378,
		"lat" : 22.549784,
		"value" : 426
	},
	{
		"lng" : 113.912331,
		"lat" : 22.476626,
		"value" : 420
	},
	{
		"lng" : 113.903079,
		"lat" : 22.532005,
		"value" : 417
	},
	{
		"lng" : 113.835449,
		"lat" : 22.628835,
		"value" : 411
	},
	{
		"lng" : 114.037934,
		"lat" : 22.561028,
		"value" : 401
	},
	{
		"lng" : 114.104497,
		"lat" : 22.556288,
		"value" : 394
	},
	{
		"lng" : 113.999666,
		"lat" : 22.590097,
		"value" : 389
	},
	{
		"lng" : 113.937602,
		"lat" : 22.509146,
		"value" : 376
	},
	{
		"lng" : 114.148765,
		"lat" : 22.547688,
		"value" : 375
	},
	{
		"lng" : 114.092561,
		"lat" : 22.544541,
		"value" : 375
	},
	{
		"lng" : 114.038637,
		"lat" : 22.538887,
		"value" : 374
	},
	{
		"lng" : 114.050034,
		"lat" : 22.546668,
		"value" : 373
	},
	{
		"lng" : 114.032716,
		"lat" : 22.55386,
		"value" : 371
	},
	{
		"lng" : 113.823677,
		"lat" : 22.646675,
		"value" : 366
	},
	{
		"lng" : 113.924844,
		"lat" : 22.485098,
		"value" : 358
	},
	{
		"lng" : 114.095079,
		"lat" : 22.56194,
		"value" : 346
	},
	{
		"lng" : 113.943543,
		"lat" : 22.580534,
		"value" : 346
	},
	{
		"lng" : 113.971433,
		"lat" : 22.523023,
		"value" : 342
	},
	{
		"lng" : 114.073972,
		"lat" : 22.521799,
		"value" : 342
	},
	{
		"lng" : 114.06924,
		"lat" : 22.540937,
		"value" : 339
	},
	{
		"lng" : 114.012808,
		"lat" : 22.637134,
		"value" : 335
	},
	{
		"lng" : 114.096273,
		"lat" : 22.549126,
		"value" : 328
	},
	{
		"lng" : 113.938604,
		"lat" : 22.493353,
		"value" : 321
	},
	{
		"lng" : 114.018135,
		"lat" : 22.540411,
		"value" : 321
	},
	{
		"lng" : 113.908073,
		"lat" : 22.749704,
		"value" : 318
	},
	{
		"lng" : 113.811001,
		"lat" : 22.688133,
		"value" : 316
	},
	{
		"lng" : 113.968432,
		"lat" : 22.525142,
		"value" : 315
	},
	{
		"lng" : 113.960559,
		"lat" : 22.56827,
		"value" : 283
	},
	{
		"lng" : 114.105337,
		"lat" : 22.622046,
		"value" : 281
	},
	{
		"lng" : 113.819959,
		"lat" : 22.784486,
		"value" : 281
	},
	{
		"lng" : 113.989148,
		"lat" : 22.543992,
		"value" : 277
	},
	{
		"lng" : 113.817039,
		"lat" : 22.713516,
		"value" : 276
	},
	{
		"lng" : 113.826874,
		"lat" : 22.752625,
		"value" : 273
	},
	{
		"lng" : 114.13038,
		"lat" : 22.595442,
		"value" : 267
	},
	{
		"lng" : 114.218042,
		"lat" : 22.658995,
		"value" : 266
	},
	{
		"lng" : 114.11972,
		"lat" : 22.539951,
		"value" : 263
	},
	{
		"lng" : 114.097634,
		"lat" : 22.567804,
		"value" : 251
	},
	{
		"lng" : 113.899146,
		"lat" : 22.563762,
		"value" : 249
	},
	{
		"lng" : 114.124974,
		"lat" : 22.573988,
		"value" : 246
	},
	{
		"lng" : 113.88509,
		"lat" : 22.549635,
		"value" : 245
	},
	{
		"lng" : 114.162354,
		"lat" : 22.5623,
		"value" : 238
	},
	{
		"lng" : 114.08728,
		"lat" : 22.555843,
		"value" : 235
	},
	{
		"lng" : 114.038514,
		"lat" : 22.560759,
		"value" : 231
	},
	{
		"lng" : 114.123421,
		"lat" : 22.550236,
		"value" : 215
	},
	{
		"lng" : 114.104749,
		"lat" : 22.539943,
		"value" : 215
	},
	{
		"lng" : 114.116746,
		"lat" : 22.560244,
		"value" : 214
	},
	{
		"lng" : 113.894625,
		"lat" : 22.547468,
		"value" : 196
	},
	{
		"lng" : 114.119484,
		"lat" : 22.543303,
		"value" : 193
	},
	{
		"lng" : 114.167847,
		"lat" : 22.567627,
		"value" : 191
	},
	{
		"lng" : 114.067778,
		"lat" : 22.568458,
		"value" : 186
	},
	{
		"lng" : 114.128059,
		"lat" : 22.691498,
		"value" : 185
	},
	{
		"lng" : 114.123421,
		"lat" : 22.550236,
		"value" : 176
	},
	{
		"lng" : 114.1185,
		"lat" : 22.600864,
		"value" : 176
	},
	{
		"lng" : 114.112717,
		"lat" : 22.542286,
		"value" : 172
	},
	{
		"lng" : 114.038514,
		"lat" : 22.560759,
		"value" : 170
	},
	{
		"lng" : 114.086825,
		"lat" : 22.537214,
		"value" : 170
	},
	{
		"lng" : 113.999924,
		"lat" : 22.52454,
		"value" : 166
	},
	{
		"lng" : 113.991905,
		"lat" : 22.668207,
		"value" : 159
	},
	{
		"lng" : 114.125767,
		"lat" : 22.539792,
		"value" : 154
	},
	{
		"lng" : 114.089157,
		"lat" : 22.568182,
		"value" : 151
	},
	{
		"lng" : 113.919838,
		"lat" : 22.507795,
		"value" : 151
	},
	{
		"lng" : 114.116241,
		"lat" : 22.605694,
		"value" : 148
	},
	{
		"lng" : 114.023851,
		"lat" : 22.552772,
		"value" : 148
	},
	{
		"lng" : 113.967048,
		"lat" : 22.539604,
		"value" : 148
	},
	{
		"lng" : 113.954311,
		"lat" : 22.574138,
		"value" : 144
	},
	{
		"lng" : 113.94906,
		"lat" : 22.52948,
		"value" : 143
	},
	{
		"lng" : 114.061485,
		"lat" : 22.633875,
		"value" : 139
	},
	{
		"lng" : 114.159805,
		"lat" : 22.557956,
		"value" : 139
	},
	{
		"lng" : 113.939339,
		"lat" : 22.504848,
		"value" : 138
	},
	{
		"lng" : 113.94906,
		"lat" : 22.52948,
		"value" : 135
	},
	{
		"lng" : 114.039683,
		"lat" : 22.545356,
		"value" : 135
	},
	{
		"lng" : 114.109207,
		"lat" : 22.557692,
		"value" : 134
	},
	{
		"lng" : 114.010275,
		"lat" : 22.599395,
		"value" : 133
	},
	{
		"lng" : 113.929306,
		"lat" : 22.527477,
		"value" : 129
	},
	{
		"lng" : 114.142761,
		"lat" : 22.606649,
		"value" : 128
	},
	{
		"lng" : 114.022743,
		"lat" : 22.653589,
		"value" : 126
	},
	{
		"lng" : 114.119713,
		"lat" : 22.543337,
		"value" : 126
	},
	{
		"lng" : 114.119083,
		"lat" : 22.53497,
		"value" : 126
	},
	{
		"lng" : 114.118698,
		"lat" : 22.532539,
		"value" : 125
	},
	{
		"lng" : 113.951416,
		"lat" : 22.505091,
		"value" : 125
	},
	{
		"lng" : 114.140668,
		"lat" : 22.605614,
		"value" : 124
	},
	{
		"lng" : 113.974687,
		"lat" : 22.56401,
		"value" : 124
	},
	{
		"lng" : 113.899146,
		"lat" : 22.563762,
		"value" : 124
	},
	{
		"lng" : 114.245781,
		"lat" : 22.717283,
		"value" : 123
	},
	{
		"lng" : 113.94906,
		"lat" : 22.52948,
		"value" : 122
	},
	{
		"lng" : 113.927849,
		"lat" : 22.517605,
		"value" : 121
	},
	{
		"lng" : 114.108482,
		"lat" : 22.541466,
		"value" : 121
	},
	{
		"lng" : 114.118154,
		"lat" : 22.535514,
		"value" : 120
	},
	{
		"lng" : 113.998846,
		"lat" : 22.546456,
		"value" : 120
	},
	{
		"lng" : 114.081291,
		"lat" : 22.544817,
		"value" : 118
	},
	{
		"lng" : 114.114807,
		"lat" : 22.607426,
		"value" : 118
	},
	{
		"lng" : 114.084373,
		"lat" : 22.548872,
		"value" : 116
	},
	{
		"lng" : 114.076088,
		"lat" : 22.555351,
		"value" : 116
	},
	{
		"lng" : 114.151367,
		"lat" : 22.606894,
		"value" : 116
	},
	{
		"lng" : 114.03894,
		"lat" : 22.623993,
		"value" : 115
	},
	{
		"lng" : 113.912148,
		"lat" : 22.550665,
		"value" : 115
	},
	{
		"lng" : 114.15461,
		"lat" : 22.605537,
		"value" : 114
	},
	{
		"lng" : 114.109245,
		"lat" : 22.553858,
		"value" : 113
	},
	{
		"lng" : 114.020386,
		"lat" : 22.656429,
		"value" : 112
	}
]
