[
	{
		"lng" : 114.029113,
		"lat" : 22.609725,
		"value" : 6312
	},
	{
		"lng" : 114.116939,
		"lat" : 22.544232,
		"value" : 5508
	},
	{
		"lng" : 114.116746,
		"lat" : 22.560244,
		"value" : 4394
	},
	{
		"lng" : 114.061101,
		"lat" : 22.534769,
		"value" : 2522
	},
	{
		"lng" : 114.107811,
		"lat" : 22.5418,
		"value" : 2225
	},
	{
		"lng" : 113.942498,
		"lat" : 22.518422,
		"value" : 1990
	},
	{
		"lng" : 114.052948,
		"lat" : 22.53632,
		"value" : 1871
	},
	{
		"lng" : 114.069273,
		"lat" : 22.515737,
		"value" : 1788
	},
	{
		"lng" : 114.277422,
		"lat" : 22.728806,
		"value" : 1779
	},
	{
		"lng" : 113.974216,
		"lat" : 22.5369,
		"value" : 1769
	},
	{
		"lng" : 114.06017,
		"lat" : 22.548627,
		"value" : 1719
	},
	{
		"lng" : 114.02583,
		"lat" : 22.536247,
		"value" : 1603
	},
	{
		"lng" : 113.993114,
		"lat" : 22.521591,
		"value" : 1567
	},
	{
		"lng" : 114.086243,
		"lat" : 22.544244,
		"value" : 1473
	},
	{
		"lng" : 114.037033,
		"lat" : 22.665243,
		"value" : 1352
	},
	{
		"lng" : 114.086654,
		"lat" : 22.548981,
		"value" : 1334
	},
	{
		"lng" : 114.123749,
		"lat" : 22.617382,
		"value" : 1334
	},
	{
		"lng" : 114.05944,
		"lat" : 22.570462,
		"value" : 1331
	},
	{
		"lng" : 114.085133,
		"lat" : 22.540459,
		"value" : 1323
	},
	{
		"lng" : 114.057241,
		"lat" : 22.53815,
		"value" : 1275
	},
	{
		"lng" : 114.142136,
		"lat" : 22.54862,
		"value" : 1249
	},
	{
		"lng" : 114.060681,
		"lat" : 22.626833,
		"value" : 1246
	},
	{
		"lng" : 114.208994,
		"lat" : 22.648442,
		"value" : 1181
	},
	{
		"lng" : 114.04085,
		"lat" : 22.617545,
		"value" : 1168
	},
	{
		"lng" : 114.118909,
		"lat" : 22.53968,
		"value" : 1144
	},
	{
		"lng" : 114.122664,
		"lat" : 22.549238,
		"value" : 1089
	},
	{
		"lng" : 114.030946,
		"lat" : 22.671135,
		"value" : 1082
	},
	{
		"lng" : 113.813663,
		"lat" : 22.624026,
		"value" : 1072
	},
	{
		"lng" : 113.954396,
		"lat" : 22.580677,
		"value" : 1036
	},
	{
		"lng" : 114.147644,
		"lat" : 22.61989,
		"value" : 1035
	},
	{
		"lng" : 113.882703,
		"lat" : 22.577428,
		"value" : 1007
	},
	{
		"lng" : 113.899146,
		"lat" : 22.563762,
		"value" : 971
	},
	{
		"lng" : 113.912877,
		"lat" : 22.542716,
		"value" : 964
	},
	{
		"lng" : 113.904158,
		"lat" : 22.568964,
		"value" : 958
	},
	{
		"lng" : 113.915072,
		"lat" : 22.532232,
		"value" : 957
	},
	{
		"lng" : 114.065915,
		"lat" : 22.523226,
		"value" : 937
	},
	{
		"lng" : 113.915111,
		"lat" : 22.485101,
		"value" : 933
	},
	{
		"lng" : 113.846792,
		"lat" : 22.601363,
		"value" : 907
	},
	{
		"lng" : 113.931847,
		"lat" : 22.533911,
		"value" : 892
	},
	{
		"lng" : 113.924857,
		"lat" : 22.532357,
		"value" : 891
	},
	{
		"lng" : 113.968773,
		"lat" : 22.53944,
		"value" : 889
	},
	{
		"lng" : 114.110773,
		"lat" : 22.613581,
		"value" : 884
	},
	{
		"lng" : 113.809759,
		"lat" : 22.732605,
		"value" : 855
	},
	{
		"lng" : 114.030946,
		"lat" : 22.671135,
		"value" : 802
	},
	{
		"lng" : 114.094946,
		"lat" : 22.540618,
		"value" : 787
	},
	{
		"lng" : 114.013917,
		"lat" : 22.533357,
		"value" : 723
	},
	{
		"lng" : 114.272293,
		"lat" : 22.700365,
		"value" : 682
	},
	{
		"lng" : 114.053616,
		"lat" : 22.523708,
		"value" : 676
	},
	{
		"lng" : 113.851562,
		"lat" : 22.770126,
		"value" : 668
	},
	{
		"lng" : 114.1165,
		"lat" : 22.584447,
		"value" : 653
	},
	{
		"lng" : 114.113825,
		"lat" : 22.608053,
		"value" : 645
	},
	{
		"lng" : 114.042431,
		"lat" : 22.601505,
		"value" : 620
	},
	{
		"lng" : 114.063591,
		"lat" : 22.547375,
		"value" : 618
	},
	{
		"lng" : 113.953842,
		"lat" : 22.540236,
		"value" : 613
	},
	{
		"lng" : 114.042579,
		"lat" : 22.520798,
		"value" : 605
	},
	{
		"lng" : 113.893232,
		"lat" : 22.55969,
		"value" : 597
	},
	{
		"lng" : 114.265531,
		"lat" : 22.721967,
		"value" : 596
	},
	{
		"lng" : 114.137018,
		"lat" : 22.572496,
		"value" : 594
	},
	{
		"lng" : 114.244318,
		"lat" : 22.709488,
		"value" : 578
	},
	{
		"lng" : 114.023465,
		"lat" : 22.621886,
		"value" : 573
	},
	{
		"lng" : 114.125437,
		"lat" : 22.544287,
		"value" : 556
	},
	{
		"lng" : 114.12702,
		"lat" : 22.604577,
		"value" : 553
	},
	{
		"lng" : 114.252541,
		"lat" : 22.718138,
		"value" : 551
	},
	{
		"lng" : 114.043343,
		"lat" : 22.553419,
		"value" : 549
	},
	{
		"lng" : 113.996651,
		"lat" : 22.532406,
		"value" : 545
	},
	{
		"lng" : 114.228163,
		"lat" : 22.68572,
		"value" : 540
	},
	{
		"lng" : 114.192725,
		"lat" : 22.639179,
		"value" : 539
	},
	{
		"lng" : 114.079975,
		"lat" : 22.626777,
		"value" : 537
	},
	{
		"lng" : 114.116746,
		"lat" : 22.560244,
		"value" : 530
	},
	{
		"lng" : 114.129883,
		"lat" : 22.556188,
		"value" : 518
	},
	{
		"lng" : 114.180646,
		"lat" : 22.634322,
		"value" : 515
	},
	{
		"lng" : 114.104584,
		"lat" : 22.54838,
		"value" : 507
	},
	{
		"lng" : 114.140115,
		"lat" : 22.555856,
		"value" : 493
	},
	{
		"lng" : 114.234423,
		"lat" : 22.697495,
		"value" : 492
	},
	{
		"lng" : 114.053191,
		"lat" : 22.624917,
		"value" : 491
	},
	{
		"lng" : 114.050385,
		"lat" : 22.594336,
		"value" : 478
	},
	{
		"lng" : 114.028282,
		"lat" : 22.529348,
		"value" : 477
	},
	{
		"lng" : 113.82758,
		"lat" : 22.671302,
		"value" : 477
	},
	{
		"lng" : 114.110662,
		"lat" : 22.614833,
		"value" : 468
	},
	{
		"lng" : 113.937715,
		"lat" : 22.500409,
		"value" : 464
	},
	{
		"lng" : 113.965307,
		"lat" : 22.581946,
		"value" : 464
	},
	{
		"lng" : 113.856093,
		"lat" : 22.575073,
		"value" : 458
	},
	{
		"lng" : 113.912331,
		"lat" : 22.476626,
		"value" : 454
	},
	{
		"lng" : 113.811001,
		"lat" : 22.688133,
		"value" : 451
	},
	{
		"lng" : 113.880641,
		"lat" : 22.560741,
		"value" : 444
	},
	{
		"lng" : 114.041768,
		"lat" : 22.565672,
		"value" : 435
	},
	{
		"lng" : 114.083598,
		"lat" : 22.531374,
		"value" : 429
	},
	{
		"lng" : 113.910585,
		"lat" : 22.574543,
		"value" : 428
	},
	{
		"lng" : 114.138045,
		"lat" : 22.580986,
		"value" : 418
	},
	{
		"lng" : 114.130052,
		"lat" : 22.56728,
		"value" : 412
	},
	{
		"lng" : 114.104315,
		"lat" : 22.56203,
		"value" : 410
	},
	{
		"lng" : 113.886589,
		"lat" : 22.555304,
		"value" : 398
	},
	{
		"lng" : 114.059402,
		"lat" : 22.560538,
		"value" : 378
	},
	{
		"lng" : 114.037934,
		"lat" : 22.561028,
		"value" : 366
	},
	{
		"lng" : 114.050987,
		"lat" : 22.516287,
		"value" : 365
	},
	{
		"lng" : 113.919013,
		"lat" : 22.581822,
		"value" : 362
	},
	{
		"lng" : 113.835449,
		"lat" : 22.628835,
		"value" : 361
	},
	{
		"lng" : 113.985369,
		"lat" : 22.533489,
		"value" : 357
	},
	{
		"lng" : 113.931149,
		"lat" : 22.486325,
		"value" : 345
	},
	{
		"lng" : 114.22431,
		"lat" : 22.673079,
		"value" : 343
	},
	{
		"lng" : 113.908073,
		"lat" : 22.749704,
		"value" : 335
	},
	{
		"lng" : 114.061192,
		"lat" : 22.541744,
		"value" : 334
	},
	{
		"lng" : 113.981962,
		"lat" : 22.5599,
		"value" : 331
	},
	{
		"lng" : 113.817039,
		"lat" : 22.713516,
		"value" : 329
	},
	{
		"lng" : 114.067829,
		"lat" : 22.548646,
		"value" : 318
	},
	{
		"lng" : 114.104497,
		"lat" : 22.556288,
		"value" : 317
	},
	{
		"lng" : 113.819959,
		"lat" : 22.784486,
		"value" : 315
	},
	{
		"lng" : 113.946195,
		"lat" : 22.527019,
		"value" : 315
	},
	{
		"lng" : 114.038637,
		"lat" : 22.538887,
		"value" : 313
	},
	{
		"lng" : 114.073972,
		"lat" : 22.521799,
		"value" : 311
	},
	{
		"lng" : 114.014378,
		"lat" : 22.549784,
		"value" : 299
	},
	{
		"lng" : 114.092561,
		"lat" : 22.544541,
		"value" : 298
	},
	{
		"lng" : 113.823677,
		"lat" : 22.646675,
		"value" : 296
	},
	{
		"lng" : 114.012808,
		"lat" : 22.637134,
		"value" : 286
	},
	{
		"lng" : 113.999666,
		"lat" : 22.590097,
		"value" : 280
	},
	{
		"lng" : 113.903079,
		"lat" : 22.532005,
		"value" : 279
	},
	{
		"lng" : 114.218042,
		"lat" : 22.658995,
		"value" : 277
	},
	{
		"lng" : 113.826874,
		"lat" : 22.752625,
		"value" : 275
	},
	{
		"lng" : 113.968432,
		"lat" : 22.525142,
		"value" : 274
	},
	{
		"lng" : 114.148765,
		"lat" : 22.547688,
		"value" : 269
	},
	{
		"lng" : 113.943543,
		"lat" : 22.580534,
		"value" : 263
	},
	{
		"lng" : 113.937602,
		"lat" : 22.509146,
		"value" : 247
	},
	{
		"lng" : 113.924844,
		"lat" : 22.485098,
		"value" : 245
	},
	{
		"lng" : 114.11972,
		"lat" : 22.539951,
		"value" : 244
	},
	{
		"lng" : 114.096273,
		"lat" : 22.549126,
		"value" : 242
	},
	{
		"lng" : 114.105337,
		"lat" : 22.622046,
		"value" : 237
	},
	{
		"lng" : 113.919838,
		"lat" : 22.507795,
		"value" : 237
	},
	{
		"lng" : 114.032716,
		"lat" : 22.55386,
		"value" : 231
	},
	{
		"lng" : 114.050034,
		"lat" : 22.546668,
		"value" : 231
	},
	{
		"lng" : 113.899146,
		"lat" : 22.563762,
		"value" : 228
	},
	{
		"lng" : 114.018135,
		"lat" : 22.540411,
		"value" : 224
	},
	{
		"lng" : 114.128059,
		"lat" : 22.691498,
		"value" : 222
	},
	{
		"lng" : 114.097634,
		"lat" : 22.567804,
		"value" : 220
	},
	{
		"lng" : 114.038514,
		"lat" : 22.560759,
		"value" : 219
	},
	{
		"lng" : 113.960559,
		"lat" : 22.56827,
		"value" : 219
	},
	{
		"lng" : 113.971433,
		"lat" : 22.523023,
		"value" : 216
	},
	{
		"lng" : 113.965648,
		"lat" : 22.593567,
		"value" : 210
	},
	{
		"lng" : 114.06924,
		"lat" : 22.540937,
		"value" : 208
	},
	{
		"lng" : 113.989148,
		"lat" : 22.543992,
		"value" : 205
	},
	{
		"lng" : 114.124974,
		"lat" : 22.573988,
		"value" : 199
	},
	{
		"lng" : 113.938604,
		"lat" : 22.493353,
		"value" : 198
	},
	{
		"lng" : 114.08728,
		"lat" : 22.555843,
		"value" : 195
	},
	{
		"lng" : 114.13038,
		"lat" : 22.595442,
		"value" : 190
	},
	{
		"lng" : 114.067778,
		"lat" : 22.568458,
		"value" : 185
	},
	{
		"lng" : 114.118154,
		"lat" : 22.535514,
		"value" : 179
	},
	{
		"lng" : 114.119484,
		"lat" : 22.543303,
		"value" : 170
	},
	{
		"lng" : 114.086825,
		"lat" : 22.537214,
		"value" : 165
	},
	{
		"lng" : 114.038514,
		"lat" : 22.560759,
		"value" : 162
	},
	{
		"lng" : 114.123421,
		"lat" : 22.550236,
		"value" : 161
	},
	{
		"lng" : 113.894625,
		"lat" : 22.547468,
		"value" : 161
	},
	{
		"lng" : 114.125767,
		"lat" : 22.539792,
		"value" : 160
	},
	{
		"lng" : 114.104749,
		"lat" : 22.539943,
		"value" : 156
	},
	{
		"lng" : 114.116746,
		"lat" : 22.560244,
		"value" : 149
	},
	{
		"lng" : 114.095079,
		"lat" : 22.56194,
		"value" : 148
	},
	{
		"lng" : 114.1185,
		"lat" : 22.600864,
		"value" : 144
	},
	{
		"lng" : 114.039683,
		"lat" : 22.545356,
		"value" : 143
	},
	{
		"lng" : 114.123421,
		"lat" : 22.550236,
		"value" : 142
	},
	{
		"lng" : 114.116241,
		"lat" : 22.605694,
		"value" : 136
	},
	{
		"lng" : 114.081291,
		"lat" : 22.544817,
		"value" : 135
	},
	{
		"lng" : 113.921455,
		"lat" : 22.50655,
		"value" : 134
	},
	{
		"lng" : 113.954311,
		"lat" : 22.574138,
		"value" : 133
	},
	{
		"lng" : 114.089157,
		"lat" : 22.568182,
		"value" : 132
	},
	{
		"lng" : 114.15461,
		"lat" : 22.605537,
		"value" : 131
	},
	{
		"lng" : 113.974687,
		"lat" : 22.56401,
		"value" : 131
	},
	{
		"lng" : 114.119083,
		"lat" : 22.53497,
		"value" : 131
	},
	{
		"lng" : 114.023851,
		"lat" : 22.552772,
		"value" : 128
	},
	{
		"lng" : 114.109207,
		"lat" : 22.557692,
		"value" : 127
	},
	{
		"lng" : 113.94906,
		"lat" : 22.52948,
		"value" : 123
	},
	{
		"lng" : 113.998846,
		"lat" : 22.546456,
		"value" : 118
	},
	{
		"lng" : 114.03894,
		"lat" : 22.623993,
		"value" : 114
	},
	{
		"lng" : 114.190887,
		"lat" : 22.593035,
		"value" : 111
	},
	{
		"lng" : 114.118698,
		"lat" : 22.532539,
		"value" : 109
	},
	{
		"lng" : 114.112717,
		"lat" : 22.542286,
		"value" : 108
	},
	{
		"lng" : 113.926804,
		"lat" : 22.513716,
		"value" : 106
	},
	{
		"lng" : 113.993727,
		"lat" : 22.556537,
		"value" : 104
	},
	{
		"lng" : 114.167847,
		"lat" : 22.567627,
		"value" : 104
	},
	{
		"lng" : 114.114807,
		"lat" : 22.607426,
		"value" : 103
	},
	{
		"lng" : 114.151367,
		"lat" : 22.606894,
		"value" : 103
	},
	{
		"lng" : 114.038002,
		"lat" : 22.626453,
		"value" : 102
	},
	{
		"lng" : 113.929306,
		"lat" : 22.527477,
		"value" : 100
	},
	{
		"lng" : 113.951416,
		"lat" : 22.505091,
		"value" : 100
	},
	{
		"lng" : 114.109154,
		"lat" : 22.560894,
		"value" : 100
	},
	{
		"lng" : 113.94906,
		"lat" : 22.52948,
		"value" : 99
	},
	{
		"lng" : 114.116859,
		"lat" : 22.537018,
		"value" : 98
	},
	{
		"lng" : 113.999924,
		"lat" : 22.52454,
		"value" : 97
	},
	{
		"lng" : 114.245781,
		"lat" : 22.717283,
		"value" : 96
	},
	{
		"lng" : 113.922821,
		"lat" : 22.502737,
		"value" : 96
	},
	{
		"lng" : 114.162354,
		"lat" : 22.5623,
		"value" : 94
	},
	{
		"lng" : 114.129189,
		"lat" : 22.695616,
		"value" : 94
	},
	{
		"lng" : 114.140668,
		"lat" : 22.605614,
		"value" : 92
	},
	{
		"lng" : 113.88509,
		"lat" : 22.549635,
		"value" : 92
	},
	{
		"lng" : 113.967048,
		"lat" : 22.539604,
		"value" : 92
	},
	{
		"lng" : 113.927849,
		"lat" : 22.517605,
		"value" : 91
	},
	{
		"lng" : 113.932091,
		"lat" : 22.677353,
		"value" : 91
	},
	{
		"lng" : 114.020386,
		"lat" : 22.656429,
		"value" : 91
	},
	{
		"lng" : 113.991905,
		"lat" : 22.668207,
		"value" : 89
	},
	{
		"lng" : 113.939339,
		"lat" : 22.504848,
		"value" : 87
	},
	{
		"lng" : 114.020355,
		"lat" : 22.663055,
		"value" : 87
	},
	{
		"lng" : 114.061485,
		"lat" : 22.633875,
		"value" : 87
	},
	{
		"lng" : 114.11866,
		"lat" : 22.538311,
		"value" : 86
	}
]
