[
	{
		"lng" : 114.029113,
		"lat" : 22.609725,
		"value" : 6070
	},
	{
		"lng" : 114.116939,
		"lat" : 22.544232,
		"value" : 4452
	},
	{
		"lng" : 114.116746,
		"lat" : 22.560244,
		"value" : 4104
	},
	{
		"lng" : 114.061101,
		"lat" : 22.534769,
		"value" : 2667
	},
	{
		"lng" : 113.942498,
		"lat" : 22.518422,
		"value" : 2249
	},
	{
		"lng" : 114.107811,
		"lat" : 22.5418,
		"value" : 2076
	},
	{
		"lng" : 114.052948,
		"lat" : 22.53632,
		"value" : 1871
	},
	{
		"lng" : 114.069273,
		"lat" : 22.515737,
		"value" : 1838
	},
	{
		"lng" : 113.974216,
		"lat" : 22.5369,
		"value" : 1748
	},
	{
		"lng" : 114.277422,
		"lat" : 22.728806,
		"value" : 1685
	},
	{
		"lng" : 114.02583,
		"lat" : 22.536247,
		"value" : 1531
	},
	{
		"lng" : 113.993114,
		"lat" : 22.521591,
		"value" : 1469
	},
	{
		"lng" : 114.037033,
		"lat" : 22.665243,
		"value" : 1377
	},
	{
		"lng" : 114.05944,
		"lat" : 22.570462,
		"value" : 1339
	},
	{
		"lng" : 114.060681,
		"lat" : 22.626833,
		"value" : 1284
	},
	{
		"lng" : 114.123749,
		"lat" : 22.617382,
		"value" : 1258
	},
	{
		"lng" : 113.813663,
		"lat" : 22.624026,
		"value" : 1169
	},
	{
		"lng" : 114.118909,
		"lat" : 22.53968,
		"value" : 1135
	},
	{
		"lng" : 114.208994,
		"lat" : 22.648442,
		"value" : 1133
	},
	{
		"lng" : 114.085133,
		"lat" : 22.540459,
		"value" : 1132
	},
	{
		"lng" : 114.065915,
		"lat" : 22.523226,
		"value" : 1111
	},
	{
		"lng" : 113.904158,
		"lat" : 22.568964,
		"value" : 1108
	},
	{
		"lng" : 114.04085,
		"lat" : 22.617545,
		"value" : 1107
	},
	{
		"lng" : 114.06017,
		"lat" : 22.548627,
		"value" : 1104
	},
	{
		"lng" : 114.086654,
		"lat" : 22.548981,
		"value" : 1087
	},
	{
		"lng" : 114.086243,
		"lat" : 22.544244,
		"value" : 1076
	},
	{
		"lng" : 114.030946,
		"lat" : 22.671135,
		"value" : 1063
	},
	{
		"lng" : 114.142136,
		"lat" : 22.54862,
		"value" : 1051
	},
	{
		"lng" : 113.954396,
		"lat" : 22.580677,
		"value" : 1023
	},
	{
		"lng" : 114.057241,
		"lat" : 22.53815,
		"value" : 1014
	},
	{
		"lng" : 113.899146,
		"lat" : 22.563762,
		"value" : 1012
	},
	{
		"lng" : 114.147644,
		"lat" : 22.61989,
		"value" : 941
	},
	{
		"lng" : 113.882703,
		"lat" : 22.577428,
		"value" : 935
	},
	{
		"lng" : 114.122664,
		"lat" : 22.549238,
		"value" : 893
	},
	{
		"lng" : 114.110773,
		"lat" : 22.613581,
		"value" : 876
	},
	{
		"lng" : 113.968773,
		"lat" : 22.53944,
		"value" : 870
	},
	{
		"lng" : 113.912877,
		"lat" : 22.542716,
		"value" : 848
	},
	{
		"lng" : 113.809759,
		"lat" : 22.732605,
		"value" : 817
	},
	{
		"lng" : 113.924857,
		"lat" : 22.532357,
		"value" : 817
	},
	{
		"lng" : 113.931847,
		"lat" : 22.533911,
		"value" : 803
	},
	{
		"lng" : 113.915111,
		"lat" : 22.485101,
		"value" : 776
	},
	{
		"lng" : 114.030946,
		"lat" : 22.671135,
		"value" : 767
	},
	{
		"lng" : 114.013917,
		"lat" : 22.533357,
		"value" : 766
	},
	{
		"lng" : 113.846792,
		"lat" : 22.601363,
		"value" : 757
	},
	{
		"lng" : 113.915072,
		"lat" : 22.532232,
		"value" : 749
	},
	{
		"lng" : 114.094946,
		"lat" : 22.540618,
		"value" : 742
	},
	{
		"lng" : 114.1165,
		"lat" : 22.584447,
		"value" : 714
	},
	{
		"lng" : 114.272293,
		"lat" : 22.700365,
		"value" : 664
	},
	{
		"lng" : 114.265531,
		"lat" : 22.721967,
		"value" : 641
	},
	{
		"lng" : 113.912331,
		"lat" : 22.476626,
		"value" : 630
	},
	{
		"lng" : 114.053616,
		"lat" : 22.523708,
		"value" : 624
	},
	{
		"lng" : 114.125437,
		"lat" : 22.544287,
		"value" : 607
	},
	{
		"lng" : 114.042431,
		"lat" : 22.601505,
		"value" : 598
	},
	{
		"lng" : 113.893232,
		"lat" : 22.55969,
		"value" : 595
	},
	{
		"lng" : 114.113825,
		"lat" : 22.608053,
		"value" : 592
	},
	{
		"lng" : 113.851562,
		"lat" : 22.770126,
		"value" : 578
	},
	{
		"lng" : 114.12702,
		"lat" : 22.604577,
		"value" : 577
	},
	{
		"lng" : 114.023465,
		"lat" : 22.621886,
		"value" : 539
	},
	{
		"lng" : 114.137018,
		"lat" : 22.572496,
		"value" : 539
	},
	{
		"lng" : 114.244318,
		"lat" : 22.709488,
		"value" : 536
	},
	{
		"lng" : 114.063591,
		"lat" : 22.547375,
		"value" : 531
	},
	{
		"lng" : 114.228163,
		"lat" : 22.68572,
		"value" : 525
	},
	{
		"lng" : 114.050385,
		"lat" : 22.594336,
		"value" : 517
	},
	{
		"lng" : 114.042579,
		"lat" : 22.520798,
		"value" : 510
	},
	{
		"lng" : 114.129883,
		"lat" : 22.556188,
		"value" : 499
	},
	{
		"lng" : 114.043343,
		"lat" : 22.553419,
		"value" : 493
	},
	{
		"lng" : 114.053191,
		"lat" : 22.624917,
		"value" : 487
	},
	{
		"lng" : 113.953842,
		"lat" : 22.540236,
		"value" : 480
	},
	{
		"lng" : 113.996651,
		"lat" : 22.532406,
		"value" : 479
	},
	{
		"lng" : 113.985369,
		"lat" : 22.533489,
		"value" : 476
	},
	{
		"lng" : 114.234423,
		"lat" : 22.697495,
		"value" : 463
	},
	{
		"lng" : 113.82758,
		"lat" : 22.671302,
		"value" : 460
	},
	{
		"lng" : 114.252541,
		"lat" : 22.718138,
		"value" : 454
	},
	{
		"lng" : 113.937715,
		"lat" : 22.500409,
		"value" : 447
	},
	{
		"lng" : 113.811001,
		"lat" : 22.688133,
		"value" : 442
	},
	{
		"lng" : 114.110662,
		"lat" : 22.614833,
		"value" : 441
	},
	{
		"lng" : 114.140115,
		"lat" : 22.555856,
		"value" : 436
	},
	{
		"lng" : 114.079975,
		"lat" : 22.626777,
		"value" : 431
	},
	{
		"lng" : 114.130052,
		"lat" : 22.56728,
		"value" : 426
	},
	{
		"lng" : 114.028282,
		"lat" : 22.529348,
		"value" : 425
	},
	{
		"lng" : 114.192725,
		"lat" : 22.639179,
		"value" : 419
	},
	{
		"lng" : 114.138045,
		"lat" : 22.580986,
		"value" : 405
	},
	{
		"lng" : 113.856093,
		"lat" : 22.575073,
		"value" : 401
	},
	{
		"lng" : 114.104584,
		"lat" : 22.54838,
		"value" : 393
	},
	{
		"lng" : 114.083598,
		"lat" : 22.531374,
		"value" : 392
	},
	{
		"lng" : 114.050987,
		"lat" : 22.516287,
		"value" : 383
	},
	{
		"lng" : 114.037934,
		"lat" : 22.561028,
		"value" : 379
	},
	{
		"lng" : 113.965307,
		"lat" : 22.581946,
		"value" : 375
	},
	{
		"lng" : 113.910585,
		"lat" : 22.574543,
		"value" : 370
	},
	{
		"lng" : 113.880641,
		"lat" : 22.560741,
		"value" : 365
	},
	{
		"lng" : 114.22431,
		"lat" : 22.673079,
		"value" : 362
	},
	{
		"lng" : 114.180646,
		"lat" : 22.634322,
		"value" : 341
	},
	{
		"lng" : 114.041768,
		"lat" : 22.565672,
		"value" : 337
	},
	{
		"lng" : 114.116746,
		"lat" : 22.560244,
		"value" : 334
	},
	{
		"lng" : 114.073972,
		"lat" : 22.521799,
		"value" : 320
	},
	{
		"lng" : 113.835449,
		"lat" : 22.628835,
		"value" : 315
	},
	{
		"lng" : 113.817039,
		"lat" : 22.713516,
		"value" : 310
	},
	{
		"lng" : 113.886589,
		"lat" : 22.555304,
		"value" : 306
	},
	{
		"lng" : 114.038637,
		"lat" : 22.538887,
		"value" : 303
	},
	{
		"lng" : 113.931149,
		"lat" : 22.486325,
		"value" : 296
	},
	{
		"lng" : 113.919013,
		"lat" : 22.581822,
		"value" : 296
	},
	{
		"lng" : 114.092561,
		"lat" : 22.544541,
		"value" : 293
	},
	{
		"lng" : 113.819959,
		"lat" : 22.784486,
		"value" : 290
	},
	{
		"lng" : 114.032716,
		"lat" : 22.55386,
		"value" : 285
	},
	{
		"lng" : 114.104497,
		"lat" : 22.556288,
		"value" : 285
	},
	{
		"lng" : 114.059402,
		"lat" : 22.560538,
		"value" : 278
	},
	{
		"lng" : 113.943543,
		"lat" : 22.580534,
		"value" : 274
	},
	{
		"lng" : 113.937602,
		"lat" : 22.509146,
		"value" : 267
	},
	{
		"lng" : 113.908073,
		"lat" : 22.749704,
		"value" : 262
	},
	{
		"lng" : 114.148765,
		"lat" : 22.547688,
		"value" : 261
	},
	{
		"lng" : 113.981962,
		"lat" : 22.5599,
		"value" : 260
	},
	{
		"lng" : 114.014378,
		"lat" : 22.549784,
		"value" : 252
	},
	{
		"lng" : 113.826874,
		"lat" : 22.752625,
		"value" : 251
	},
	{
		"lng" : 114.012808,
		"lat" : 22.637134,
		"value" : 249
	},
	{
		"lng" : 113.823677,
		"lat" : 22.646675,
		"value" : 245
	},
	{
		"lng" : 114.128059,
		"lat" : 22.691498,
		"value" : 245
	},
	{
		"lng" : 113.924844,
		"lat" : 22.485098,
		"value" : 238
	},
	{
		"lng" : 113.999666,
		"lat" : 22.590097,
		"value" : 234
	},
	{
		"lng" : 114.218042,
		"lat" : 22.658995,
		"value" : 232
	},
	{
		"lng" : 114.061192,
		"lat" : 22.541744,
		"value" : 231
	},
	{
		"lng" : 114.11972,
		"lat" : 22.539951,
		"value" : 229
	},
	{
		"lng" : 113.960559,
		"lat" : 22.56827,
		"value" : 228
	},
	{
		"lng" : 114.13038,
		"lat" : 22.595442,
		"value" : 222
	},
	{
		"lng" : 114.097634,
		"lat" : 22.567804,
		"value" : 220
	},
	{
		"lng" : 114.104315,
		"lat" : 22.56203,
		"value" : 219
	},
	{
		"lng" : 113.903079,
		"lat" : 22.532005,
		"value" : 212
	},
	{
		"lng" : 114.096273,
		"lat" : 22.549126,
		"value" : 204
	},
	{
		"lng" : 114.105337,
		"lat" : 22.622046,
		"value" : 204
	},
	{
		"lng" : 113.946195,
		"lat" : 22.527019,
		"value" : 203
	},
	{
		"lng" : 114.067829,
		"lat" : 22.548646,
		"value" : 202
	},
	{
		"lng" : 114.018135,
		"lat" : 22.540411,
		"value" : 199
	},
	{
		"lng" : 114.038514,
		"lat" : 22.560759,
		"value" : 196
	},
	{
		"lng" : 113.938604,
		"lat" : 22.493353,
		"value" : 196
	},
	{
		"lng" : 114.06924,
		"lat" : 22.540937,
		"value" : 189
	},
	{
		"lng" : 114.095079,
		"lat" : 22.56194,
		"value" : 189
	},
	{
		"lng" : 113.899146,
		"lat" : 22.563762,
		"value" : 186
	},
	{
		"lng" : 114.050034,
		"lat" : 22.546668,
		"value" : 184
	},
	{
		"lng" : 114.038514,
		"lat" : 22.560759,
		"value" : 182
	},
	{
		"lng" : 114.123421,
		"lat" : 22.550236,
		"value" : 181
	},
	{
		"lng" : 114.1185,
		"lat" : 22.600864,
		"value" : 176
	},
	{
		"lng" : 113.894625,
		"lat" : 22.547468,
		"value" : 174
	},
	{
		"lng" : 114.124974,
		"lat" : 22.573988,
		"value" : 173
	},
	{
		"lng" : 113.971433,
		"lat" : 22.523023,
		"value" : 165
	},
	{
		"lng" : 114.104749,
		"lat" : 22.539943,
		"value" : 162
	},
	{
		"lng" : 114.08728,
		"lat" : 22.555843,
		"value" : 157
	},
	{
		"lng" : 114.119484,
		"lat" : 22.543303,
		"value" : 153
	},
	{
		"lng" : 114.086825,
		"lat" : 22.537214,
		"value" : 150
	},
	{
		"lng" : 114.119083,
		"lat" : 22.53497,
		"value" : 146
	},
	{
		"lng" : 113.968432,
		"lat" : 22.525142,
		"value" : 144
	},
	{
		"lng" : 114.123421,
		"lat" : 22.550236,
		"value" : 138
	},
	{
		"lng" : 114.125767,
		"lat" : 22.539792,
		"value" : 136
	},
	{
		"lng" : 114.118154,
		"lat" : 22.535514,
		"value" : 132
	},
	{
		"lng" : 114.112717,
		"lat" : 22.542286,
		"value" : 130
	},
	{
		"lng" : 113.967048,
		"lat" : 22.539604,
		"value" : 126
	},
	{
		"lng" : 113.954311,
		"lat" : 22.574138,
		"value" : 123
	},
	{
		"lng" : 114.067778,
		"lat" : 22.568458,
		"value" : 122
	},
	{
		"lng" : 113.965648,
		"lat" : 22.593567,
		"value" : 120
	},
	{
		"lng" : 114.039683,
		"lat" : 22.545356,
		"value" : 119
	},
	{
		"lng" : 114.116746,
		"lat" : 22.560244,
		"value" : 119
	},
	{
		"lng" : 113.94906,
		"lat" : 22.52948,
		"value" : 119
	},
	{
		"lng" : 114.116241,
		"lat" : 22.605694,
		"value" : 118
	},
	{
		"lng" : 114.15461,
		"lat" : 22.605537,
		"value" : 118
	},
	{
		"lng" : 113.989148,
		"lat" : 22.543992,
		"value" : 110
	},
	{
		"lng" : 114.089157,
		"lat" : 22.568182,
		"value" : 106
	},
	{
		"lng" : 113.967048,
		"lat" : 22.539604,
		"value" : 106
	},
	{
		"lng" : 114.111389,
		"lat" : 22.626827,
		"value" : 103
	},
	{
		"lng" : 114.030777,
		"lat" : 22.536732,
		"value" : 101
	},
	{
		"lng" : 113.927849,
		"lat" : 22.517605,
		"value" : 96
	},
	{
		"lng" : 114.03894,
		"lat" : 22.623993,
		"value" : 94
	},
	{
		"lng" : 114.023851,
		"lat" : 22.552772,
		"value" : 94
	},
	{
		"lng" : 113.998846,
		"lat" : 22.546456,
		"value" : 94
	},
	{
		"lng" : 113.88509,
		"lat" : 22.549635,
		"value" : 94
	},
	{
		"lng" : 114.11866,
		"lat" : 22.538311,
		"value" : 94
	},
	{
		"lng" : 114.140668,
		"lat" : 22.605614,
		"value" : 92
	},
	{
		"lng" : 114.151367,
		"lat" : 22.606894,
		"value" : 90
	},
	{
		"lng" : 113.94906,
		"lat" : 22.52948,
		"value" : 88
	},
	{
		"lng" : 114.116859,
		"lat" : 22.537018,
		"value" : 87
	},
	{
		"lng" : 114.125931,
		"lat" : 22.544323,
		"value" : 87
	},
	{
		"lng" : 114.142761,
		"lat" : 22.606649,
		"value" : 87
	},
	{
		"lng" : 114.108482,
		"lat" : 22.541466,
		"value" : 87
	},
	{
		"lng" : 113.932091,
		"lat" : 22.677353,
		"value" : 84
	},
	{
		"lng" : 113.974687,
		"lat" : 22.56401,
		"value" : 84
	},
	{
		"lng" : 113.936806,
		"lat" : 22.516775,
		"value" : 83
	},
	{
		"lng" : 113.939339,
		"lat" : 22.504848,
		"value" : 83
	},
	{
		"lng" : 114.118698,
		"lat" : 22.532539,
		"value" : 83
	},
	{
		"lng" : 114.061485,
		"lat" : 22.633875,
		"value" : 82
	},
	{
		"lng" : 114.081291,
		"lat" : 22.544817,
		"value" : 81
	},
	{
		"lng" : 113.929306,
		"lat" : 22.527477,
		"value" : 80
	},
	{
		"lng" : 114.114807,
		"lat" : 22.607426,
		"value" : 80
	},
	{
		"lng" : 114.022743,
		"lat" : 22.653589,
		"value" : 79
	},
	{
		"lng" : 114.029442,
		"lat" : 22.531799,
		"value" : 79
	},
	{
		"lng" : 114.245781,
		"lat" : 22.717283,
		"value" : 79
	},
	{
		"lng" : 114.020386,
		"lat" : 22.656429,
		"value" : 78
	},
	{
		"lng" : 113.951416,
		"lat" : 22.505091,
		"value" : 73
	},
	{
		"lng" : 114.130962,
		"lat" : 22.542259,
		"value" : 73
	},
	{
		"lng" : 114.129189,
		"lat" : 22.695616,
		"value" : 70
	},
	{
		"lng" : 114.065384,
		"lat" : 22.518051,
		"value" : 70
	},
	{
		"lng" : 114.130646,
		"lat" : 22.607353,
		"value" : 70
	},
	{
		"lng" : 114.03727,
		"lat" : 22.629015,
		"value" : 69
	},
	{
		"lng" : 114.038002,
		"lat" : 22.626453,
		"value" : 69
	}
]
