[
	{
		"lng" : 114.029113,
		"lat" : 22.609725,
		"value" : 7475
	},
	{
		"lng" : 114.116746,
		"lat" : 22.560244,
		"value" : 3527
	},
	{
		"lng" : 114.116939,
		"lat" : 22.544232,
		"value" : 2544
	},
	{
		"lng" : 114.052948,
		"lat" : 22.53632,
		"value" : 1511
	},
	{
		"lng" : 114.061101,
		"lat" : 22.534769,
		"value" : 1502
	},
	{
		"lng" : 114.123749,
		"lat" : 22.617382,
		"value" : 1470
	},
	{
		"lng" : 113.942498,
		"lat" : 22.518422,
		"value" : 1427
	},
	{
		"lng" : 114.107811,
		"lat" : 22.5418,
		"value" : 1393
	},
	{
		"lng" : 114.069273,
		"lat" : 22.515737,
		"value" : 1077
	},
	{
		"lng" : 114.086243,
		"lat" : 22.544244,
		"value" : 919
	},
	{
		"lng" : 114.086654,
		"lat" : 22.548981,
		"value" : 873
	},
	{
		"lng" : 113.813663,
		"lat" : 22.624026,
		"value" : 870
	},
	{
		"lng" : 114.05944,
		"lat" : 22.570462,
		"value" : 860
	},
	{
		"lng" : 113.974216,
		"lat" : 22.5369,
		"value" : 854
	},
	{
		"lng" : 114.02583,
		"lat" : 22.536247,
		"value" : 808
	},
	{
		"lng" : 113.931847,
		"lat" : 22.533911,
		"value" : 761
	},
	{
		"lng" : 114.04085,
		"lat" : 22.617545,
		"value" : 751
	},
	{
		"lng" : 114.085133,
		"lat" : 22.540459,
		"value" : 734
	},
	{
		"lng" : 114.060681,
		"lat" : 22.626833,
		"value" : 722
	},
	{
		"lng" : 114.118909,
		"lat" : 22.53968,
		"value" : 655
	},
	{
		"lng" : 114.122664,
		"lat" : 22.549238,
		"value" : 622
	},
	{
		"lng" : 114.277422,
		"lat" : 22.728806,
		"value" : 620
	},
	{
		"lng" : 113.954396,
		"lat" : 22.580677,
		"value" : 611
	},
	{
		"lng" : 113.904158,
		"lat" : 22.568964,
		"value" : 600
	},
	{
		"lng" : 113.993114,
		"lat" : 22.521591,
		"value" : 596
	},
	{
		"lng" : 114.065915,
		"lat" : 22.523226,
		"value" : 587
	},
	{
		"lng" : 114.1165,
		"lat" : 22.584447,
		"value" : 566
	},
	{
		"lng" : 113.912877,
		"lat" : 22.542716,
		"value" : 551
	},
	{
		"lng" : 114.030946,
		"lat" : 22.671135,
		"value" : 517
	},
	{
		"lng" : 113.968773,
		"lat" : 22.53944,
		"value" : 501
	},
	{
		"lng" : 114.037033,
		"lat" : 22.665243,
		"value" : 497
	},
	{
		"lng" : 114.013917,
		"lat" : 22.533357,
		"value" : 490
	},
	{
		"lng" : 114.208994,
		"lat" : 22.648442,
		"value" : 485
	},
	{
		"lng" : 114.147644,
		"lat" : 22.61989,
		"value" : 459
	},
	{
		"lng" : 114.094946,
		"lat" : 22.540618,
		"value" : 456
	},
	{
		"lng" : 113.882703,
		"lat" : 22.577428,
		"value" : 437
	},
	{
		"lng" : 113.899146,
		"lat" : 22.563762,
		"value" : 434
	},
	{
		"lng" : 114.142136,
		"lat" : 22.54862,
		"value" : 429
	},
	{
		"lng" : 113.924857,
		"lat" : 22.532357,
		"value" : 424
	},
	{
		"lng" : 114.110773,
		"lat" : 22.613581,
		"value" : 416
	},
	{
		"lng" : 114.053616,
		"lat" : 22.523708,
		"value" : 415
	},
	{
		"lng" : 114.272293,
		"lat" : 22.700365,
		"value" : 379
	},
	{
		"lng" : 113.893232,
		"lat" : 22.55969,
		"value" : 375
	},
	{
		"lng" : 114.023465,
		"lat" : 22.621886,
		"value" : 366
	},
	{
		"lng" : 113.915072,
		"lat" : 22.532232,
		"value" : 365
	},
	{
		"lng" : 114.042431,
		"lat" : 22.601505,
		"value" : 359
	},
	{
		"lng" : 114.244318,
		"lat" : 22.709488,
		"value" : 355
	},
	{
		"lng" : 114.06017,
		"lat" : 22.548627,
		"value" : 354
	},
	{
		"lng" : 114.12702,
		"lat" : 22.604577,
		"value" : 352
	},
	{
		"lng" : 114.057241,
		"lat" : 22.53815,
		"value" : 343
	},
	{
		"lng" : 114.125437,
		"lat" : 22.544287,
		"value" : 340
	},
	{
		"lng" : 114.042579,
		"lat" : 22.520798,
		"value" : 328
	},
	{
		"lng" : 113.953842,
		"lat" : 22.540236,
		"value" : 323
	},
	{
		"lng" : 114.113825,
		"lat" : 22.608053,
		"value" : 320
	},
	{
		"lng" : 113.937715,
		"lat" : 22.500409,
		"value" : 318
	},
	{
		"lng" : 114.11972,
		"lat" : 22.539951,
		"value" : 309
	},
	{
		"lng" : 113.996651,
		"lat" : 22.532406,
		"value" : 298
	},
	{
		"lng" : 114.137018,
		"lat" : 22.572496,
		"value" : 290
	},
	{
		"lng" : 114.228163,
		"lat" : 22.68572,
		"value" : 288
	},
	{
		"lng" : 114.063591,
		"lat" : 22.547375,
		"value" : 288
	},
	{
		"lng" : 114.030946,
		"lat" : 22.671135,
		"value" : 282
	},
	{
		"lng" : 114.128059,
		"lat" : 22.691498,
		"value" : 277
	},
	{
		"lng" : 114.014378,
		"lat" : 22.549784,
		"value" : 264
	},
	{
		"lng" : 114.265531,
		"lat" : 22.721967,
		"value" : 257
	},
	{
		"lng" : 113.912331,
		"lat" : 22.476626,
		"value" : 257
	},
	{
		"lng" : 114.083598,
		"lat" : 22.531374,
		"value" : 250
	},
	{
		"lng" : 113.809759,
		"lat" : 22.732605,
		"value" : 249
	},
	{
		"lng" : 114.129883,
		"lat" : 22.556188,
		"value" : 241
	},
	{
		"lng" : 114.104584,
		"lat" : 22.54838,
		"value" : 239
	},
	{
		"lng" : 114.073972,
		"lat" : 22.521799,
		"value" : 238
	},
	{
		"lng" : 113.880641,
		"lat" : 22.560741,
		"value" : 237
	},
	{
		"lng" : 114.053191,
		"lat" : 22.624917,
		"value" : 235
	},
	{
		"lng" : 114.050385,
		"lat" : 22.594336,
		"value" : 232
	},
	{
		"lng" : 114.043343,
		"lat" : 22.553419,
		"value" : 228
	},
	{
		"lng" : 114.079975,
		"lat" : 22.626777,
		"value" : 226
	},
	{
		"lng" : 114.092561,
		"lat" : 22.544541,
		"value" : 222
	},
	{
		"lng" : 114.110662,
		"lat" : 22.614833,
		"value" : 219
	},
	{
		"lng" : 114.028282,
		"lat" : 22.529348,
		"value" : 219
	},
	{
		"lng" : 113.856093,
		"lat" : 22.575073,
		"value" : 215
	},
	{
		"lng" : 113.915111,
		"lat" : 22.485101,
		"value" : 214
	},
	{
		"lng" : 114.037934,
		"lat" : 22.561028,
		"value" : 210
	},
	{
		"lng" : 114.059402,
		"lat" : 22.560538,
		"value" : 206
	},
	{
		"lng" : 114.252541,
		"lat" : 22.718138,
		"value" : 203
	},
	{
		"lng" : 113.846792,
		"lat" : 22.601363,
		"value" : 203
	},
	{
		"lng" : 114.234423,
		"lat" : 22.697495,
		"value" : 201
	},
	{
		"lng" : 114.138045,
		"lat" : 22.580986,
		"value" : 200
	},
	{
		"lng" : 114.130052,
		"lat" : 22.56728,
		"value" : 198
	},
	{
		"lng" : 113.910585,
		"lat" : 22.574543,
		"value" : 195
	},
	{
		"lng" : 114.192725,
		"lat" : 22.639179,
		"value" : 194
	},
	{
		"lng" : 114.104497,
		"lat" : 22.556288,
		"value" : 191
	},
	{
		"lng" : 113.886589,
		"lat" : 22.555304,
		"value" : 184
	},
	{
		"lng" : 113.82758,
		"lat" : 22.671302,
		"value" : 181
	},
	{
		"lng" : 114.123421,
		"lat" : 22.550236,
		"value" : 178
	},
	{
		"lng" : 114.180646,
		"lat" : 22.634322,
		"value" : 172
	},
	{
		"lng" : 113.851562,
		"lat" : 22.770126,
		"value" : 168
	},
	{
		"lng" : 114.041768,
		"lat" : 22.565672,
		"value" : 165
	},
	{
		"lng" : 114.018135,
		"lat" : 22.540411,
		"value" : 164
	},
	{
		"lng" : 114.061192,
		"lat" : 22.541744,
		"value" : 159
	},
	{
		"lng" : 114.032716,
		"lat" : 22.55386,
		"value" : 159
	},
	{
		"lng" : 114.112717,
		"lat" : 22.542286,
		"value" : 157
	},
	{
		"lng" : 113.937602,
		"lat" : 22.509146,
		"value" : 156
	},
	{
		"lng" : 114.123421,
		"lat" : 22.550236,
		"value" : 156
	},
	{
		"lng" : 113.965307,
		"lat" : 22.581946,
		"value" : 154
	},
	{
		"lng" : 114.06924,
		"lat" : 22.540937,
		"value" : 149
	},
	{
		"lng" : 113.94906,
		"lat" : 22.52948,
		"value" : 146
	},
	{
		"lng" : 114.118154,
		"lat" : 22.535514,
		"value" : 142
	},
	{
		"lng" : 114.050987,
		"lat" : 22.516287,
		"value" : 141
	},
	{
		"lng" : 114.140115,
		"lat" : 22.555856,
		"value" : 140
	},
	{
		"lng" : 114.22431,
		"lat" : 22.673079,
		"value" : 136
	},
	{
		"lng" : 113.943543,
		"lat" : 22.580534,
		"value" : 136
	},
	{
		"lng" : 114.119083,
		"lat" : 22.53497,
		"value" : 133
	},
	{
		"lng" : 113.899146,
		"lat" : 22.563762,
		"value" : 131
	},
	{
		"lng" : 114.012808,
		"lat" : 22.637134,
		"value" : 125
	},
	{
		"lng" : 114.116746,
		"lat" : 22.560244,
		"value" : 125
	},
	{
		"lng" : 114.104749,
		"lat" : 22.539943,
		"value" : 124
	},
	{
		"lng" : 114.050034,
		"lat" : 22.546668,
		"value" : 121
	},
	{
		"lng" : 113.985369,
		"lat" : 22.533489,
		"value" : 120
	},
	{
		"lng" : 113.811001,
		"lat" : 22.688133,
		"value" : 119
	},
	{
		"lng" : 113.903079,
		"lat" : 22.532005,
		"value" : 117
	},
	{
		"lng" : 114.067829,
		"lat" : 22.548646,
		"value" : 116
	},
	{
		"lng" : 114.122528,
		"lat" : 22.542276,
		"value" : 115
	},
	{
		"lng" : 113.946195,
		"lat" : 22.527019,
		"value" : 115
	},
	{
		"lng" : 113.919013,
		"lat" : 22.581822,
		"value" : 113
	},
	{
		"lng" : 114.119484,
		"lat" : 22.543303,
		"value" : 111
	},
	{
		"lng" : 114.038637,
		"lat" : 22.538887,
		"value" : 111
	},
	{
		"lng" : 114.038514,
		"lat" : 22.560759,
		"value" : 109
	},
	{
		"lng" : 113.88509,
		"lat" : 22.549635,
		"value" : 107
	},
	{
		"lng" : 114.13038,
		"lat" : 22.595442,
		"value" : 102
	},
	{
		"lng" : 114.104315,
		"lat" : 22.56203,
		"value" : 101
	},
	{
		"lng" : 113.817039,
		"lat" : 22.713516,
		"value" : 100
	},
	{
		"lng" : 113.981962,
		"lat" : 22.5599,
		"value" : 100
	},
	{
		"lng" : 114.08728,
		"lat" : 22.555843,
		"value" : 100
	},
	{
		"lng" : 114.096273,
		"lat" : 22.549126,
		"value" : 99
	},
	{
		"lng" : 114.148765,
		"lat" : 22.547688,
		"value" : 98
	},
	{
		"lng" : 113.835449,
		"lat" : 22.628835,
		"value" : 95
	},
	{
		"lng" : 113.931149,
		"lat" : 22.486325,
		"value" : 95
	},
	{
		"lng" : 114.125767,
		"lat" : 22.539792,
		"value" : 95
	},
	{
		"lng" : 113.999666,
		"lat" : 22.590097,
		"value" : 93
	},
	{
		"lng" : 114.105337,
		"lat" : 22.622046,
		"value" : 93
	},
	{
		"lng" : 114.122528,
		"lat" : 22.542276,
		"value" : 92
	},
	{
		"lng" : 114.124974,
		"lat" : 22.573988,
		"value" : 91
	},
	{
		"lng" : 113.94906,
		"lat" : 22.52948,
		"value" : 89
	},
	{
		"lng" : 113.826874,
		"lat" : 22.752625,
		"value" : 86
	},
	{
		"lng" : 113.924844,
		"lat" : 22.485098,
		"value" : 85
	},
	{
		"lng" : 114.11866,
		"lat" : 22.538311,
		"value" : 84
	},
	{
		"lng" : 114.218042,
		"lat" : 22.658995,
		"value" : 82
	},
	{
		"lng" : 114.038514,
		"lat" : 22.560759,
		"value" : 82
	},
	{
		"lng" : 113.989148,
		"lat" : 22.543992,
		"value" : 81
	},
	{
		"lng" : 113.967048,
		"lat" : 22.539604,
		"value" : 80
	},
	{
		"lng" : 114.245781,
		"lat" : 22.717283,
		"value" : 79
	},
	{
		"lng" : 113.927849,
		"lat" : 22.517605,
		"value" : 78
	},
	{
		"lng" : 114.116241,
		"lat" : 22.605694,
		"value" : 77
	},
	{
		"lng" : 114.097634,
		"lat" : 22.567804,
		"value" : 77
	},
	{
		"lng" : 113.968432,
		"lat" : 22.525142,
		"value" : 75
	},
	{
		"lng" : 114.108482,
		"lat" : 22.541466,
		"value" : 74
	},
	{
		"lng" : 113.938604,
		"lat" : 22.493353,
		"value" : 74
	},
	{
		"lng" : 113.908073,
		"lat" : 22.749704,
		"value" : 73
	},
	{
		"lng" : 113.960559,
		"lat" : 22.56827,
		"value" : 72
	},
	{
		"lng" : 114.086825,
		"lat" : 22.537214,
		"value" : 71
	},
	{
		"lng" : 114.1185,
		"lat" : 22.600864,
		"value" : 71
	},
	{
		"lng" : 114.114807,
		"lat" : 22.607426,
		"value" : 70
	},
	{
		"lng" : 113.819959,
		"lat" : 22.784486,
		"value" : 68
	},
	{
		"lng" : 113.823677,
		"lat" : 22.646675,
		"value" : 67
	},
	{
		"lng" : 114.039683,
		"lat" : 22.545356,
		"value" : 67
	},
	{
		"lng" : 114.089157,
		"lat" : 22.568182,
		"value" : 65
	},
	{
		"lng" : 114.128052,
		"lat" : 22.559996,
		"value" : 65
	},
	{
		"lng" : 113.94906,
		"lat" : 22.52948,
		"value" : 65
	},
	{
		"lng" : 114.061485,
		"lat" : 22.633875,
		"value" : 64
	},
	{
		"lng" : 114.081291,
		"lat" : 22.544817,
		"value" : 63
	},
	{
		"lng" : 114.114418,
		"lat" : 22.538925,
		"value" : 62
	},
	{
		"lng" : 113.894625,
		"lat" : 22.547468,
		"value" : 62
	},
	{
		"lng" : 114.116746,
		"lat" : 22.560244,
		"value" : 62
	},
	{
		"lng" : 114.130646,
		"lat" : 22.607353,
		"value" : 61
	},
	{
		"lng" : 114.084373,
		"lat" : 22.548872,
		"value" : 60
	},
	{
		"lng" : 114.095079,
		"lat" : 22.56194,
		"value" : 60
	},
	{
		"lng" : 114.088066,
		"lat" : 22.548975,
		"value" : 60
	},
	{
		"lng" : 114.023851,
		"lat" : 22.552772,
		"value" : 59
	},
	{
		"lng" : 114.118698,
		"lat" : 22.532539,
		"value" : 58
	},
	{
		"lng" : 114.111633,
		"lat" : 22.540413,
		"value" : 58
	},
	{
		"lng" : 114.038002,
		"lat" : 22.626453,
		"value" : 56
	},
	{
		"lng" : 114.03727,
		"lat" : 22.629015,
		"value" : 56
	},
	{
		"lng" : 113.907745,
		"lat" : 22.560032,
		"value" : 55
	},
	{
		"lng" : 113.967048,
		"lat" : 22.539604,
		"value" : 55
	},
	{
		"lng" : 113.971433,
		"lat" : 22.523023,
		"value" : 54
	},
	{
		"lng" : 113.974687,
		"lat" : 22.56401,
		"value" : 53
	},
	{
		"lng" : 114.042583,
		"lat" : 22.613214,
		"value" : 53
	},
	{
		"lng" : 114.067778,
		"lat" : 22.568458,
		"value" : 52
	},
	{
		"lng" : 113.951508,
		"lat" : 22.540386,
		"value" : 52
	},
	{
		"lng" : 113.938293,
		"lat" : 22.522472,
		"value" : 51
	},
	{
		"lng" : 114.144463,
		"lat" : 22.573784,
		"value" : 51
	},
	{
		"lng" : 114.017815,
		"lat" : 22.65918,
		"value" : 51
	},
	{
		"lng" : 114.04512,
		"lat" : 22.603037,
		"value" : 50
	},
	{
		"lng" : 114.07869,
		"lat" : 22.540251,
		"value" : 50
	},
	{
		"lng" : 113.976463,
		"lat" : 22.53754,
		"value" : 50
	},
	{
		"lng" : 113.936806,
		"lat" : 22.516775,
		"value" : 49
	},
	{
		"lng" : 114.03894,
		"lat" : 22.623993,
		"value" : 49
	},
	{
		"lng" : 114.15461,
		"lat" : 22.605537,
		"value" : 49
	},
	{
		"lng" : 114.057167,
		"lat" : 22.534748,
		"value" : 49
	},
	{
		"lng" : 114.059517,
		"lat" : 22.633272,
		"value" : 49
	},
	{
		"lng" : 114.119713,
		"lat" : 22.543337,
		"value" : 48
	}
]
