[
	{
		"lng" : 114.029113,
		"lat" : 22.609725,
		"value" : 1610
	},
	{
		"lng" : 113.813663,
		"lat" : 22.624026,
		"value" : 197
	},
	{
		"lng" : 113.931847,
		"lat" : 22.533911,
		"value" : 183
	},
	{
		"lng" : 114.013917,
		"lat" : 22.533357,
		"value" : 176
	},
	{
		"lng" : 114.116939,
		"lat" : 22.544232,
		"value" : 174
	},
	{
		"lng" : 114.1165,
		"lat" : 22.584447,
		"value" : 125
	},
	{
		"lng" : 114.123749,
		"lat" : 22.617382,
		"value" : 125
	},
	{
		"lng" : 113.94906,
		"lat" : 22.52948,
		"value" : 119
	},
	{
		"lng" : 113.974216,
		"lat" : 22.5369,
		"value" : 108
	},
	{
		"lng" : 114.128059,
		"lat" : 22.691498,
		"value" : 102
	},
	{
		"lng" : 114.052948,
		"lat" : 22.53632,
		"value" : 101
	},
	{
		"lng" : 114.04085,
		"lat" : 22.617545,
		"value" : 97
	},
	{
		"lng" : 113.942498,
		"lat" : 22.518422,
		"value" : 95
	},
	{
		"lng" : 114.147644,
		"lat" : 22.61989,
		"value" : 93
	},
	{
		"lng" : 114.02583,
		"lat" : 22.536247,
		"value" : 87
	},
	{
		"lng" : 114.208994,
		"lat" : 22.648442,
		"value" : 86
	},
	{
		"lng" : 114.110773,
		"lat" : 22.613581,
		"value" : 86
	},
	{
		"lng" : 114.107811,
		"lat" : 22.5418,
		"value" : 77
	},
	{
		"lng" : 114.122528,
		"lat" : 22.542276,
		"value" : 77
	},
	{
		"lng" : 114.060681,
		"lat" : 22.626833,
		"value" : 76
	},
	{
		"lng" : 113.953842,
		"lat" : 22.540236,
		"value" : 75
	},
	{
		"lng" : 114.122664,
		"lat" : 22.549238,
		"value" : 73
	},
	{
		"lng" : 114.123421,
		"lat" : 22.550236,
		"value" : 73
	},
	{
		"lng" : 113.968773,
		"lat" : 22.53944,
		"value" : 72
	},
	{
		"lng" : 114.061101,
		"lat" : 22.534769,
		"value" : 71
	},
	{
		"lng" : 114.119083,
		"lat" : 22.53497,
		"value" : 71
	},
	{
		"lng" : 114.05944,
		"lat" : 22.570462,
		"value" : 69
	},
	{
		"lng" : 113.912877,
		"lat" : 22.542716,
		"value" : 67
	},
	{
		"lng" : 114.086243,
		"lat" : 22.544244,
		"value" : 64
	},
	{
		"lng" : 114.073972,
		"lat" : 22.521799,
		"value" : 62
	},
	{
		"lng" : 114.123421,
		"lat" : 22.550236,
		"value" : 62
	},
	{
		"lng" : 113.954396,
		"lat" : 22.580677,
		"value" : 61
	},
	{
		"lng" : 113.996651,
		"lat" : 22.532406,
		"value" : 56
	},
	{
		"lng" : 114.06017,
		"lat" : 22.548627,
		"value" : 52
	},
	{
		"lng" : 113.94906,
		"lat" : 22.52948,
		"value" : 52
	},
	{
		"lng" : 113.915072,
		"lat" : 22.532232,
		"value" : 51
	},
	{
		"lng" : 114.079975,
		"lat" : 22.626777,
		"value" : 50
	},
	{
		"lng" : 113.924857,
		"lat" : 22.532357,
		"value" : 49
	},
	{
		"lng" : 114.228163,
		"lat" : 22.68572,
		"value" : 48
	},
	{
		"lng" : 114.043343,
		"lat" : 22.553419,
		"value" : 43
	},
	{
		"lng" : 114.112717,
		"lat" : 22.542286,
		"value" : 43
	},
	{
		"lng" : 114.113825,
		"lat" : 22.608053,
		"value" : 42
	},
	{
		"lng" : 114.12702,
		"lat" : 22.604577,
		"value" : 42
	},
	{
		"lng" : 113.904158,
		"lat" : 22.568964,
		"value" : 41
	},
	{
		"lng" : 113.899146,
		"lat" : 22.563762,
		"value" : 40
	},
	{
		"lng" : 114.11972,
		"lat" : 22.539951,
		"value" : 40
	},
	{
		"lng" : 114.085133,
		"lat" : 22.540459,
		"value" : 39
	},
	{
		"lng" : 114.086654,
		"lat" : 22.548981,
		"value" : 39
	},
	{
		"lng" : 113.809759,
		"lat" : 22.732605,
		"value" : 36
	},
	{
		"lng" : 114.083598,
		"lat" : 22.531374,
		"value" : 35
	},
	{
		"lng" : 113.856093,
		"lat" : 22.575073,
		"value" : 34
	},
	{
		"lng" : 114.1185,
		"lat" : 22.600864,
		"value" : 33
	},
	{
		"lng" : 114.042579,
		"lat" : 22.520798,
		"value" : 33
	},
	{
		"lng" : 114.192725,
		"lat" : 22.639179,
		"value" : 33
	},
	{
		"lng" : 113.893232,
		"lat" : 22.55969,
		"value" : 32
	},
	{
		"lng" : 114.122528,
		"lat" : 22.542276,
		"value" : 32
	},
	{
		"lng" : 114.11866,
		"lat" : 22.538311,
		"value" : 31
	},
	{
		"lng" : 114.119484,
		"lat" : 22.543303,
		"value" : 30
	},
	{
		"lng" : 114.063591,
		"lat" : 22.547375,
		"value" : 29
	},
	{
		"lng" : 114.138045,
		"lat" : 22.580986,
		"value" : 29
	},
	{
		"lng" : 113.943543,
		"lat" : 22.580534,
		"value" : 29
	},
	{
		"lng" : 114.057241,
		"lat" : 22.53815,
		"value" : 28
	},
	{
		"lng" : 114.130052,
		"lat" : 22.56728,
		"value" : 28
	},
	{
		"lng" : 114.028282,
		"lat" : 22.529348,
		"value" : 28
	},
	{
		"lng" : 114.065915,
		"lat" : 22.523226,
		"value" : 26
	},
	{
		"lng" : 113.94906,
		"lat" : 22.52948,
		"value" : 26
	},
	{
		"lng" : 113.82758,
		"lat" : 22.671302,
		"value" : 26
	},
	{
		"lng" : 114.053191,
		"lat" : 22.624917,
		"value" : 25
	},
	{
		"lng" : 114.144463,
		"lat" : 22.573784,
		"value" : 25
	},
	{
		"lng" : 114.110662,
		"lat" : 22.614833,
		"value" : 24
	},
	{
		"lng" : 114.137018,
		"lat" : 22.572496,
		"value" : 24
	},
	{
		"lng" : 113.993114,
		"lat" : 22.521591,
		"value" : 24
	},
	{
		"lng" : 113.903079,
		"lat" : 22.532005,
		"value" : 24
	},
	{
		"lng" : 114.120552,
		"lat" : 22.544222,
		"value" : 24
	},
	{
		"lng" : 113.882703,
		"lat" : 22.577428,
		"value" : 24
	},
	{
		"lng" : 114.128052,
		"lat" : 22.559996,
		"value" : 24
	},
	{
		"lng" : 113.985369,
		"lat" : 22.533489,
		"value" : 24
	},
	{
		"lng" : 114.22431,
		"lat" : 22.673079,
		"value" : 24
	},
	{
		"lng" : 114.180646,
		"lat" : 22.634322,
		"value" : 22
	},
	{
		"lng" : 114.08609,
		"lat" : 22.553125,
		"value" : 21
	},
	{
		"lng" : 114.042431,
		"lat" : 22.601505,
		"value" : 20
	},
	{
		"lng" : 114.023465,
		"lat" : 22.621886,
		"value" : 20
	},
	{
		"lng" : 114.118909,
		"lat" : 22.53968,
		"value" : 20
	},
	{
		"lng" : 114.042583,
		"lat" : 22.613214,
		"value" : 20
	},
	{
		"lng" : 114.129883,
		"lat" : 22.556188,
		"value" : 20
	},
	{
		"lng" : 113.990761,
		"lat" : 22.533251,
		"value" : 19
	},
	{
		"lng" : 114.092561,
		"lat" : 22.544541,
		"value" : 19
	},
	{
		"lng" : 114.014378,
		"lat" : 22.549784,
		"value" : 19
	},
	{
		"lng" : 114.094946,
		"lat" : 22.540618,
		"value" : 19
	},
	{
		"lng" : 114.053616,
		"lat" : 22.523708,
		"value" : 19
	},
	{
		"lng" : 113.851562,
		"lat" : 22.770126,
		"value" : 19
	},
	{
		"lng" : 114.108482,
		"lat" : 22.541466,
		"value" : 18
	},
	{
		"lng" : 114.030946,
		"lat" : 22.671135,
		"value" : 18
	},
	{
		"lng" : 114.252541,
		"lat" : 22.718138,
		"value" : 17
	},
	{
		"lng" : 113.965307,
		"lat" : 22.581946,
		"value" : 17
	},
	{
		"lng" : 114.101646,
		"lat" : 22.540726,
		"value" : 17
	},
	{
		"lng" : 114.096273,
		"lat" : 22.549126,
		"value" : 17
	},
	{
		"lng" : 113.880641,
		"lat" : 22.560741,
		"value" : 17
	},
	{
		"lng" : 114.037934,
		"lat" : 22.561028,
		"value" : 17
	},
	{
		"lng" : 114.099625,
		"lat" : 22.540674,
		"value" : 17
	},
	{
		"lng" : 114.244318,
		"lat" : 22.709488,
		"value" : 16
	},
	{
		"lng" : 114.234423,
		"lat" : 22.697495,
		"value" : 16
	},
	{
		"lng" : 113.899146,
		"lat" : 22.563762,
		"value" : 16
	},
	{
		"lng" : 113.937715,
		"lat" : 22.500409,
		"value" : 16
	},
	{
		"lng" : 114.272293,
		"lat" : 22.700365,
		"value" : 16
	},
	{
		"lng" : 114.112701,
		"lat" : 22.555929,
		"value" : 16
	},
	{
		"lng" : 114.067829,
		"lat" : 22.548646,
		"value" : 16
	},
	{
		"lng" : 114.104584,
		"lat" : 22.54838,
		"value" : 16
	},
	{
		"lng" : 114.061192,
		"lat" : 22.541744,
		"value" : 15
	},
	{
		"lng" : 114.084412,
		"lat" : 22.537622,
		"value" : 15
	},
	{
		"lng" : 113.910585,
		"lat" : 22.574543,
		"value" : 15
	},
	{
		"lng" : 113.894625,
		"lat" : 22.547468,
		"value" : 15
	},
	{
		"lng" : 114.104315,
		"lat" : 22.56203,
		"value" : 15
	},
	{
		"lng" : 114.232666,
		"lat" : 22.694494,
		"value" : 15
	},
	{
		"lng" : 113.946195,
		"lat" : 22.527019,
		"value" : 15
	},
	{
		"lng" : 114.032716,
		"lat" : 22.55386,
		"value" : 14
	},
	{
		"lng" : 114.133713,
		"lat" : 22.558325,
		"value" : 14
	},
	{
		"lng" : 114.128204,
		"lat" : 22.542414,
		"value" : 14
	},
	{
		"lng" : 114.11615,
		"lat" : 22.534111,
		"value" : 14
	},
	{
		"lng" : 114.124974,
		"lat" : 22.573988,
		"value" : 13
	},
	{
		"lng" : 114.083359,
		"lat" : 22.540424,
		"value" : 13
	},
	{
		"lng" : 113.937602,
		"lat" : 22.509146,
		"value" : 13
	},
	{
		"lng" : 114.114418,
		"lat" : 22.538925,
		"value" : 13
	},
	{
		"lng" : 114.104749,
		"lat" : 22.539943,
		"value" : 13
	},
	{
		"lng" : 114.086825,
		"lat" : 22.537214,
		"value" : 13
	},
	{
		"lng" : 114.116425,
		"lat" : 22.594116,
		"value" : 13
	},
	{
		"lng" : 114.038637,
		"lat" : 22.538887,
		"value" : 13
	},
	{
		"lng" : 114.130646,
		"lat" : 22.607353,
		"value" : 13
	},
	{
		"lng" : 113.886589,
		"lat" : 22.555304,
		"value" : 13
	},
	{
		"lng" : 114.070084,
		"lat" : 22.535173,
		"value" : 13
	},
	{
		"lng" : 114.018135,
		"lat" : 22.540411,
		"value" : 13
	},
	{
		"lng" : 114.030946,
		"lat" : 22.671135,
		"value" : 12
	},
	{
		"lng" : 114.218042,
		"lat" : 22.658995,
		"value" : 12
	},
	{
		"lng" : 114.142136,
		"lat" : 22.54862,
		"value" : 12
	},
	{
		"lng" : 113.811001,
		"lat" : 22.688133,
		"value" : 12
	},
	{
		"lng" : 114.088066,
		"lat" : 22.548975,
		"value" : 12
	},
	{
		"lng" : 114.067778,
		"lat" : 22.568458,
		"value" : 12
	},
	{
		"lng" : 113.846792,
		"lat" : 22.601363,
		"value" : 12
	},
	{
		"lng" : 114.12384,
		"lat" : 22.540049,
		"value" : 12
	},
	{
		"lng" : 114.109047,
		"lat" : 22.54158,
		"value" : 12
	},
	{
		"lng" : 114.038514,
		"lat" : 22.560759,
		"value" : 12
	},
	{
		"lng" : 113.819959,
		"lat" : 22.784486,
		"value" : 12
	},
	{
		"lng" : 114.122284,
		"lat" : 22.540586,
		"value" : 12
	},
	{
		"lng" : 114.084373,
		"lat" : 22.548872,
		"value" : 12
	},
	{
		"lng" : 113.94906,
		"lat" : 22.52948,
		"value" : 12
	},
	{
		"lng" : 114.131699,
		"lat" : 22.557219,
		"value" : 12
	},
	{
		"lng" : 113.919013,
		"lat" : 22.581822,
		"value" : 12
	},
	{
		"lng" : 114.081291,
		"lat" : 22.544945,
		"value" : 12
	},
	{
		"lng" : 114.038002,
		"lat" : 22.626453,
		"value" : 12
	},
	{
		"lng" : 114.116859,
		"lat" : 22.537018,
		"value" : 12
	},
	{
		"lng" : 114.125437,
		"lat" : 22.544287,
		"value" : 12
	},
	{
		"lng" : 114.119621,
		"lat" : 22.578421,
		"value" : 12
	},
	{
		"lng" : 114.089157,
		"lat" : 22.568182,
		"value" : 12
	},
	{
		"lng" : 114.11573,
		"lat" : 22.537373,
		"value" : 12
	},
	{
		"lng" : 114.081291,
		"lat" : 22.544945,
		"value" : 11
	},
	{
		"lng" : 114.094429,
		"lat" : 22.540573,
		"value" : 11
	},
	{
		"lng" : 114.059402,
		"lat" : 22.560538,
		"value" : 11
	},
	{
		"lng" : 114.050385,
		"lat" : 22.594336,
		"value" : 11
	},
	{
		"lng" : 114.06086,
		"lat" : 22.619375,
		"value" : 11
	},
	{
		"lng" : 114.059875,
		"lat" : 22.607527,
		"value" : 11
	},
	{
		"lng" : 114.122932,
		"lat" : 22.569027,
		"value" : 11
	},
	{
		"lng" : 113.999666,
		"lat" : 22.590097,
		"value" : 10
	},
	{
		"lng" : 114.118154,
		"lat" : 22.535514,
		"value" : 10
	},
	{
		"lng" : 113.976463,
		"lat" : 22.53754,
		"value" : 10
	},
	{
		"lng" : 114.023851,
		"lat" : 22.552772,
		"value" : 10
	},
	{
		"lng" : 114.097634,
		"lat" : 22.567804,
		"value" : 10
	},
	{
		"lng" : 114.13038,
		"lat" : 22.595442,
		"value" : 10
	},
	{
		"lng" : 113.998846,
		"lat" : 22.546456,
		"value" : 10
	},
	{
		"lng" : 113.927849,
		"lat" : 22.517605,
		"value" : 10
	},
	{
		"lng" : 114.012808,
		"lat" : 22.637134,
		"value" : 10
	},
	{
		"lng" : 114.119713,
		"lat" : 22.543337,
		"value" : 10
	},
	{
		"lng" : 113.967048,
		"lat" : 22.539604,
		"value" : 10
	},
	{
		"lng" : 114.118698,
		"lat" : 22.532539,
		"value" : 10
	},
	{
		"lng" : 114.041084,
		"lat" : 22.616905,
		"value" : 10
	},
	{
		"lng" : 114.116746,
		"lat" : 22.560244,
		"value" : 9
	},
	{
		"lng" : 114.050034,
		"lat" : 22.546668,
		"value" : 9
	},
	{
		"lng" : 113.94606,
		"lat" : 22.540133,
		"value" : 9
	},
	{
		"lng" : 113.915111,
		"lat" : 22.485101,
		"value" : 9
	},
	{
		"lng" : 113.835449,
		"lat" : 22.628835,
		"value" : 9
	},
	{
		"lng" : 114.064873,
		"lat" : 22.568388,
		"value" : 9
	},
	{
		"lng" : 114.079628,
		"lat" : 22.537062,
		"value" : 9
	},
	{
		"lng" : 114.041768,
		"lat" : 22.565672,
		"value" : 9
	},
	{
		"lng" : 113.817039,
		"lat" : 22.713516,
		"value" : 9
	},
	{
		"lng" : 114.129127,
		"lat" : 22.545246,
		"value" : 9
	},
	{
		"lng" : 114.125298,
		"lat" : 22.604036,
		"value" : 9
	},
	{
		"lng" : 114.086825,
		"lat" : 22.537214,
		"value" : 9
	},
	{
		"lng" : 113.968432,
		"lat" : 22.525142,
		"value" : 9
	},
	{
		"lng" : 113.94906,
		"lat" : 22.52948,
		"value" : 9
	},
	{
		"lng" : 114.116241,
		"lat" : 22.605694,
		"value" : 9
	},
	{
		"lng" : 113.915111,
		"lat" : 22.485101,
		"value" : 9
	},
	{
		"lng" : 114.07869,
		"lat" : 22.540251,
		"value" : 9
	},
	{
		"lng" : 114.067299,
		"lat" : 22.519394,
		"value" : 9
	},
	{
		"lng" : 114.128052,
		"lat" : 22.559996,
		"value" : 9
	},
	{
		"lng" : 114.12384,
		"lat" : 22.540049,
		"value" : 9
	},
	{
		"lng" : 114.104497,
		"lat" : 22.556288,
		"value" : 9
	},
	{
		"lng" : 114.110977,
		"lat" : 22.538507,
		"value" : 9
	},
	{
		"lng" : 114.030777,
		"lat" : 22.536732,
		"value" : 9
	},
	{
		"lng" : 114.068161,
		"lat" : 22.534035,
		"value" : 8
	},
	{
		"lng" : 113.92421,
		"lat" : 22.516758,
		"value" : 8
	},
	{
		"lng" : 113.989148,
		"lat" : 22.543992,
		"value" : 8
	}
]
