[
	{
		"lng" : 114.123421,
		"lat" : 22.550236,
		"value" : 62
	},
	{
		"lng" : 114.128059,
		"lat" : 22.691498,
		"value" : 43
	},
	{
		"lng" : 114.11972,
		"lat" : 22.539951,
		"value" : 39
	},
	{
		"lng" : 113.94906,
		"lat" : 22.52948,
		"value" : 39
	},
	{
		"lng" : 114.122528,
		"lat" : 22.542276,
		"value" : 30
	},
	{
		"lng" : 114.112717,
		"lat" : 22.542286,
		"value" : 26
	},
	{
		"lng" : 114.116859,
		"lat" : 22.537018,
		"value" : 25
	},
	{
		"lng" : 114.123421,
		"lat" : 22.550236,
		"value" : 24
	},
	{
		"lng" : 114.119083,
		"lat" : 22.53497,
		"value" : 21
	},
	{
		"lng" : 114.128052,
		"lat" : 22.559996,
		"value" : 21
	},
	{
		"lng" : 114.116425,
		"lat" : 22.594116,
		"value" : 18
	},
	{
		"lng" : 113.94906,
		"lat" : 22.52948,
		"value" : 14
	},
	{
		"lng" : 114.083359,
		"lat" : 22.540424,
		"value" : 12
	},
	{
		"lng" : 114.099625,
		"lat" : 22.540674,
		"value" : 11
	},
	{
		"lng" : 114.029113,
		"lat" : 22.609725,
		"value" : 11
	},
	{
		"lng" : 114.053429,
		"lat" : 22.539545,
		"value" : 10
	},
	{
		"lng" : 114.11866,
		"lat" : 22.538311,
		"value" : 10
	},
	{
		"lng" : 113.944252,
		"lat" : 22.521061,
		"value" : 10
	},
	{
		"lng" : 114.122284,
		"lat" : 22.540586,
		"value" : 10
	},
	{
		"lng" : 114.119484,
		"lat" : 22.543303,
		"value" : 9
	},
	{
		"lng" : 114.1185,
		"lat" : 22.600864,
		"value" : 9
	},
	{
		"lng" : 114.136332,
		"lat" : 22.546095,
		"value" : 9
	},
	{
		"lng" : 113.94606,
		"lat" : 22.540133,
		"value" : 9
	},
	{
		"lng" : 114.143227,
		"lat" : 22.566813,
		"value" : 8
	},
	{
		"lng" : 113.920197,
		"lat" : 22.488461,
		"value" : 8
	},
	{
		"lng" : 114.086243,
		"lat" : 22.544244,
		"value" : 8
	},
	{
		"lng" : 114.020103,
		"lat" : 22.534931,
		"value" : 8
	},
	{
		"lng" : 114.120552,
		"lat" : 22.544222,
		"value" : 8
	},
	{
		"lng" : 114.116676,
		"lat" : 22.538103,
		"value" : 8
	},
	{
		"lng" : 114.07869,
		"lat" : 22.540251,
		"value" : 7
	},
	{
		"lng" : 114.144463,
		"lat" : 22.573784,
		"value" : 7
	},
	{
		"lng" : 114.117393,
		"lat" : 22.583862,
		"value" : 7
	},
	{
		"lng" : 114.101646,
		"lat" : 22.540726,
		"value" : 7
	},
	{
		"lng" : 114.108482,
		"lat" : 22.541466,
		"value" : 7
	},
	{
		"lng" : 114.083636,
		"lat" : 22.532336,
		"value" : 6
	},
	{
		"lng" : 114.112029,
		"lat" : 22.609868,
		"value" : 6
	},
	{
		"lng" : 114.118909,
		"lat" : 22.53968,
		"value" : 6
	},
	{
		"lng" : 114.109047,
		"lat" : 22.54158,
		"value" : 6
	},
	{
		"lng" : 114.116241,
		"lat" : 22.605694,
		"value" : 6
	},
	{
		"lng" : 113.920242,
		"lat" : 22.539213,
		"value" : 6
	},
	{
		"lng" : 114.119934,
		"lat" : 22.601986,
		"value" : 5
	},
	{
		"lng" : 114.114807,
		"lat" : 22.607426,
		"value" : 5
	},
	{
		"lng" : 114.106346,
		"lat" : 22.549566,
		"value" : 5
	},
	{
		"lng" : 113.967048,
		"lat" : 22.539604,
		"value" : 5
	},
	{
		"lng" : 114.131699,
		"lat" : 22.557219,
		"value" : 5
	},
	{
		"lng" : 114.12384,
		"lat" : 22.540049,
		"value" : 5
	},
	{
		"lng" : 113.951508,
		"lat" : 22.540386,
		"value" : 5
	},
	{
		"lng" : 114.057678,
		"lat" : 22.528976,
		"value" : 5
	},
	{
		"lng" : 114.086243,
		"lat" : 22.544244,
		"value" : 5
	},
	{
		"lng" : 114.094429,
		"lat" : 22.540573,
		"value" : 5
	},
	{
		"lng" : 114.06649,
		"lat" : 22.534813,
		"value" : 5
	},
	{
		"lng" : 113.951508,
		"lat" : 22.540386,
		"value" : 5
	},
	{
		"lng" : 114.030777,
		"lat" : 22.536732,
		"value" : 5
	},
	{
		"lng" : 113.94906,
		"lat" : 22.52948,
		"value" : 5
	},
	{
		"lng" : 114.010275,
		"lat" : 22.599395,
		"value" : 5
	},
	{
		"lng" : 113.998154,
		"lat" : 22.530369,
		"value" : 5
	},
	{
		"lng" : 114.013917,
		"lat" : 22.533357,
		"value" : 5
	},
	{
		"lng" : 114.050278,
		"lat" : 22.596098,
		"value" : 5
	},
	{
		"lng" : 114.081291,
		"lat" : 22.544945,
		"value" : 5
	},
	{
		"lng" : 114.255051,
		"lat" : 22.717171,
		"value" : 4
	},
	{
		"lng" : 113.924744,
		"lat" : 22.529762,
		"value" : 4
	},
	{
		"lng" : 114.066185,
		"lat" : 22.571871,
		"value" : 4
	},
	{
		"lng" : 114.119621,
		"lat" : 22.578421,
		"value" : 4
	},
	{
		"lng" : 114.045036,
		"lat" : 22.528402,
		"value" : 4
	},
	{
		"lng" : 113.924057,
		"lat" : 22.526653,
		"value" : 4
	},
	{
		"lng" : 114.138206,
		"lat" : 22.557821,
		"value" : 4
	},
	{
		"lng" : 114.276436,
		"lat" : 22.728479,
		"value" : 4
	},
	{
		"lng" : 114.133469,
		"lat" : 22.545555,
		"value" : 4
	},
	{
		"lng" : 114.050385,
		"lat" : 22.594336,
		"value" : 4
	},
	{
		"lng" : 113.974216,
		"lat" : 22.5369,
		"value" : 4
	},
	{
		"lng" : 114.142723,
		"lat" : 22.569313,
		"value" : 4
	},
	{
		"lng" : 114.132103,
		"lat" : 22.552017,
		"value" : 4
	},
	{
		"lng" : 114.272163,
		"lat" : 22.726158,
		"value" : 4
	},
	{
		"lng" : 114.119621,
		"lat" : 22.578421,
		"value" : 4
	},
	{
		"lng" : 114.04512,
		"lat" : 22.603037,
		"value" : 4
	},
	{
		"lng" : 114.129875,
		"lat" : 22.568356,
		"value" : 4
	},
	{
		"lng" : 114.022881,
		"lat" : 22.535429,
		"value" : 4
	},
	{
		"lng" : 113.922516,
		"lat" : 22.540352,
		"value" : 4
	},
	{
		"lng" : 113.950027,
		"lat" : 22.530313,
		"value" : 4
	},
	{
		"lng" : 114.122932,
		"lat" : 22.569027,
		"value" : 4
	},
	{
		"lng" : 114.117393,
		"lat" : 22.583862,
		"value" : 3
	},
	{
		"lng" : 113.924857,
		"lat" : 22.532357,
		"value" : 3
	},
	{
		"lng" : 114.116425,
		"lat" : 22.594116,
		"value" : 3
	},
	{
		"lng" : 114.06924,
		"lat" : 22.540937,
		"value" : 3
	},
	{
		"lng" : 114.02995,
		"lat" : 22.611695,
		"value" : 3
	},
	{
		"lng" : 114.121788,
		"lat" : 22.556147,
		"value" : 3
	},
	{
		"lng" : 114.131096,
		"lat" : 22.543442,
		"value" : 3
	},
	{
		"lng" : 114.068161,
		"lat" : 22.534035,
		"value" : 3
	},
	{
		"lng" : 114.134026,
		"lat" : 22.576981,
		"value" : 3
	},
	{
		"lng" : 114.130646,
		"lat" : 22.607353,
		"value" : 3
	},
	{
		"lng" : 114.125931,
		"lat" : 22.544323,
		"value" : 3
	},
	{
		"lng" : 114.14032,
		"lat" : 22.563284,
		"value" : 3
	},
	{
		"lng" : 114.03727,
		"lat" : 22.629015,
		"value" : 3
	},
	{
		"lng" : 114.081161,
		"lat" : 22.543095,
		"value" : 3
	},
	{
		"lng" : 114.037254,
		"lat" : 22.5271,
		"value" : 3
	},
	{
		"lng" : 113.976463,
		"lat" : 22.53754,
		"value" : 3
	},
	{
		"lng" : 114.053388,
		"lat" : 22.53514,
		"value" : 3
	},
	{
		"lng" : 114.315247,
		"lat" : 22.688957,
		"value" : 3
	},
	{
		"lng" : 113.954697,
		"lat" : 22.584362,
		"value" : 3
	},
	{
		"lng" : 114.105337,
		"lat" : 22.622046,
		"value" : 3
	},
	{
		"lng" : 114.132149,
		"lat" : 22.557644,
		"value" : 3
	},
	{
		"lng" : 114.045677,
		"lat" : 22.607674,
		"value" : 3
	},
	{
		"lng" : 113.951416,
		"lat" : 22.505091,
		"value" : 3
	},
	{
		"lng" : 114.057167,
		"lat" : 22.534748,
		"value" : 3
	},
	{
		"lng" : 114.122528,
		"lat" : 22.542276,
		"value" : 3
	},
	{
		"lng" : 113.899146,
		"lat" : 22.563762,
		"value" : 3
	},
	{
		"lng" : 113.940536,
		"lat" : 22.539366,
		"value" : 3
	},
	{
		"lng" : 114.043365,
		"lat" : 22.615303,
		"value" : 3
	},
	{
		"lng" : 113.924545,
		"lat" : 22.534964,
		"value" : 3
	},
	{
		"lng" : 114.159805,
		"lat" : 22.557956,
		"value" : 3
	},
	{
		"lng" : 114.172119,
		"lat" : 22.560308,
		"value" : 3
	},
	{
		"lng" : 114.265549,
		"lat" : 22.722122,
		"value" : 3
	},
	{
		"lng" : 114.142136,
		"lat" : 22.54862,
		"value" : 2
	},
	{
		"lng" : 114.06924,
		"lat" : 22.540937,
		"value" : 2
	},
	{
		"lng" : 113.919395,
		"lat" : 22.534983,
		"value" : 2
	},
	{
		"lng" : 114.104315,
		"lat" : 22.56203,
		"value" : 2
	},
	{
		"lng" : 114.03257,
		"lat" : 22.621845,
		"value" : 2
	},
	{
		"lng" : 113.967048,
		"lat" : 22.539604,
		"value" : 2
	},
	{
		"lng" : 114.130325,
		"lat" : 22.563681,
		"value" : 2
	},
	{
		"lng" : 114.061485,
		"lat" : 22.633875,
		"value" : 2
	},
	{
		"lng" : 114.252541,
		"lat" : 22.718138,
		"value" : 2
	},
	{
		"lng" : 114.14183,
		"lat" : 22.579353,
		"value" : 2
	},
	{
		"lng" : 114.144676,
		"lat" : 22.547113,
		"value" : 2
	},
	{
		"lng" : 114.041084,
		"lat" : 22.616905,
		"value" : 2
	},
	{
		"lng" : 114.061157,
		"lat" : 22.659479,
		"value" : 2
	},
	{
		"lng" : 114.078781,
		"lat" : 22.529062,
		"value" : 2
	},
	{
		"lng" : 114.034515,
		"lat" : 22.672222,
		"value" : 2
	},
	{
		"lng" : 114.191956,
		"lat" : 22.63953,
		"value" : 2
	},
	{
		"lng" : 114.09034,
		"lat" : 22.534485,
		"value" : 2
	},
	{
		"lng" : 114.137077,
		"lat" : 22.607908,
		"value" : 2
	},
	{
		"lng" : 114.110662,
		"lat" : 22.614833,
		"value" : 2
	},
	{
		"lng" : 114.213074,
		"lat" : 22.653028,
		"value" : 2
	},
	{
		"lng" : 114.151367,
		"lat" : 22.606894,
		"value" : 2
	},
	{
		"lng" : 114.163696,
		"lat" : 22.628576,
		"value" : 2
	},
	{
		"lng" : 114.052399,
		"lat" : 22.564718,
		"value" : 2
	},
	{
		"lng" : 114.084373,
		"lat" : 22.548872,
		"value" : 2
	},
	{
		"lng" : 114.080711,
		"lat" : 22.539787,
		"value" : 2
	},
	{
		"lng" : 113.822634,
		"lat" : 22.647001,
		"value" : 2
	},
	{
		"lng" : 114.147644,
		"lat" : 22.61989,
		"value" : 2
	},
	{
		"lng" : 114.078003,
		"lat" : 22.536268,
		"value" : 2
	},
	{
		"lng" : 114.103325,
		"lat" : 22.62775,
		"value" : 2
	},
	{
		"lng" : 114.073972,
		"lat" : 22.521799,
		"value" : 2
	},
	{
		"lng" : 114.133823,
		"lat" : 22.57675,
		"value" : 2
	},
	{
		"lng" : 114.270416,
		"lat" : 22.585611,
		"value" : 2
	},
	{
		"lng" : 114.110695,
		"lat" : 22.56316,
		"value" : 2
	},
	{
		"lng" : 113.899146,
		"lat" : 22.563762,
		"value" : 2
	},
	{
		"lng" : 114.086825,
		"lat" : 22.537214,
		"value" : 2
	},
	{
		"lng" : 114.107544,
		"lat" : 22.626905,
		"value" : 2
	},
	{
		"lng" : 113.922394,
		"lat" : 22.518967,
		"value" : 2
	},
	{
		"lng" : 114.062119,
		"lat" : 22.529058,
		"value" : 2
	},
	{
		"lng" : 114.084961,
		"lat" : 22.540464,
		"value" : 2
	},
	{
		"lng" : 114.069466,
		"lat" : 22.529181,
		"value" : 2
	},
	{
		"lng" : 114.03894,
		"lat" : 22.623993,
		"value" : 2
	},
	{
		"lng" : 113.942498,
		"lat" : 22.518422,
		"value" : 2
	},
	{
		"lng" : 113.922821,
		"lat" : 22.502737,
		"value" : 2
	},
	{
		"lng" : 114.077833,
		"lat" : 22.527441,
		"value" : 2
	},
	{
		"lng" : 114.105337,
		"lat" : 22.622046,
		"value" : 2
	},
	{
		"lng" : 114.128204,
		"lat" : 22.542414,
		"value" : 2
	},
	{
		"lng" : 114.04393,
		"lat" : 22.520126,
		"value" : 2
	},
	{
		"lng" : 114.104271,
		"lat" : 22.560213,
		"value" : 2
	},
	{
		"lng" : 114.030777,
		"lat" : 22.536732,
		"value" : 2
	},
	{
		"lng" : 114.064873,
		"lat" : 22.568388,
		"value" : 2
	},
	{
		"lng" : 113.897932,
		"lat" : 22.537121,
		"value" : 2
	},
	{
		"lng" : 114.124382,
		"lat" : 22.539562,
		"value" : 2
	},
	{
		"lng" : 113.957626,
		"lat" : 22.580965,
		"value" : 2
	},
	{
		"lng" : 114.116425,
		"lat" : 22.594116,
		"value" : 2
	},
	{
		"lng" : 114.067353,
		"lat" : 22.612345,
		"value" : 2
	},
	{
		"lng" : 114.053131,
		"lat" : 22.539917,
		"value" : 2
	},
	{
		"lng" : 114.117287,
		"lat" : 22.555998,
		"value" : 2
	},
	{
		"lng" : 114.065941,
		"lat" : 22.540707,
		"value" : 2
	},
	{
		"lng" : 114.112701,
		"lat" : 22.555929,
		"value" : 2
	},
	{
		"lng" : 114.066231,
		"lat" : 22.645456,
		"value" : 1
	},
	{
		"lng" : 113.908073,
		"lat" : 22.749704,
		"value" : 1
	},
	{
		"lng" : 114.060997,
		"lat" : 22.613953,
		"value" : 1
	},
	{
		"lng" : 114.12394,
		"lat" : 22.608009,
		"value" : 1
	},
	{
		"lng" : 114.147568,
		"lat" : 22.55353,
		"value" : 1
	},
	{
		"lng" : 114.050385,
		"lat" : 22.594336,
		"value" : 1
	},
	{
		"lng" : 114.083598,
		"lat" : 22.531374,
		"value" : 1
	},
	{
		"lng" : 114.085133,
		"lat" : 22.540459,
		"value" : 1
	},
	{
		"lng" : 114.022743,
		"lat" : 22.653589,
		"value" : 1
	},
	{
		"lng" : 114.051895,
		"lat" : 22.601324,
		"value" : 1
	},
	{
		"lng" : 114.139297,
		"lat" : 22.561897,
		"value" : 1
	},
	{
		"lng" : 113.95488,
		"lat" : 22.5868,
		"value" : 1
	},
	{
		"lng" : 113.811001,
		"lat" : 22.688133,
		"value" : 1
	},
	{
		"lng" : 114.06736,
		"lat" : 22.637297,
		"value" : 1
	},
	{
		"lng" : 113.937602,
		"lat" : 22.509146,
		"value" : 1
	},
	{
		"lng" : 113.836357,
		"lat" : 22.728863,
		"value" : 1
	},
	{
		"lng" : 114.122665,
		"lat" : 22.53709,
		"value" : 1
	},
	{
		"lng" : 113.929306,
		"lat" : 22.527477,
		"value" : 1
	},
	{
		"lng" : 114.026474,
		"lat" : 22.636343,
		"value" : 1
	},
	{
		"lng" : 114.208994,
		"lat" : 22.648442,
		"value" : 1
	},
	{
		"lng" : 114.265531,
		"lat" : 22.721967,
		"value" : 1
	},
	{
		"lng" : 114.109245,
		"lat" : 22.553858,
		"value" : 1
	},
	{
		"lng" : 113.935623,
		"lat" : 22.525793,
		"value" : 1
	},
	{
		"lng" : 114.013917,
		"lat" : 22.533357,
		"value" : 1
	},
	{
		"lng" : 114.11245,
		"lat" : 22.549253,
		"value" : 1
	},
	{
		"lng" : 113.856093,
		"lat" : 22.575073,
		"value" : 1
	},
	{
		"lng" : 114.13002,
		"lat" : 22.557833,
		"value" : 1
	},
	{
		"lng" : 113.926804,
		"lat" : 22.513716,
		"value" : 1
	},
	{
		"lng" : 114.017235,
		"lat" : 22.661467,
		"value" : 1
	}
]
