[
	{
		"lng" : 113.846792,
		"lat" : 22.601363,
		"value" : 60
	},
	{
		"lng" : 114.112029,
		"lat" : 22.609868,
		"value" : 26
	},
	{
		"lng" : 114.1185,
		"lat" : 22.600864,
		"value" : 19
	},
	{
		"lng" : 114.113159,
		"lat" : 22.613758,
		"value" : 18
	},
	{
		"lng" : 114.116241,
		"lat" : 22.605694,
		"value" : 16
	},
	{
		"lng" : 114.073972,
		"lat" : 22.521799,
		"value" : 14
	},
	{
		"lng" : 114.119083,
		"lat" : 22.53497,
		"value" : 13
	},
	{
		"lng" : 113.875359,
		"lat" : 22.56398,
		"value" : 12
	},
	{
		"lng" : 114.116425,
		"lat" : 22.594116,
		"value" : 12
	},
	{
		"lng" : 114.116425,
		"lat" : 22.594116,
		"value" : 11
	},
	{
		"lng" : 114.117393,
		"lat" : 22.583862,
		"value" : 9
	},
	{
		"lng" : 114.060783,
		"lat" : 22.624311,
		"value" : 9
	},
	{
		"lng" : 113.806267,
		"lat" : 22.672283,
		"value" : 9
	},
	{
		"lng" : 114.114807,
		"lat" : 22.607426,
		"value" : 8
	},
	{
		"lng" : 114.117226,
		"lat" : 22.53484,
		"value" : 8
	},
	{
		"lng" : 114.114494,
		"lat" : 22.628246,
		"value" : 7
	},
	{
		"lng" : 114.188698,
		"lat" : 22.637535,
		"value" : 7
	},
	{
		"lng" : 114.232666,
		"lat" : 22.694494,
		"value" : 7
	},
	{
		"lng" : 114.147644,
		"lat" : 22.61989,
		"value" : 7
	},
	{
		"lng" : 113.903557,
		"lat" : 22.76391,
		"value" : 6
	},
	{
		"lng" : 114.122528,
		"lat" : 22.542276,
		"value" : 6
	},
	{
		"lng" : 114.341299,
		"lat" : 22.693175,
		"value" : 6
	},
	{
		"lng" : 114.116425,
		"lat" : 22.594116,
		"value" : 6
	},
	{
		"lng" : 113.927399,
		"lat" : 22.639467,
		"value" : 6
	},
	{
		"lng" : 114.159119,
		"lat" : 22.613962,
		"value" : 6
	},
	{
		"lng" : 113.881584,
		"lat" : 22.579184,
		"value" : 6
	},
	{
		"lng" : 114.272163,
		"lat" : 22.726158,
		"value" : 6
	},
	{
		"lng" : 113.976463,
		"lat" : 22.53754,
		"value" : 6
	},
	{
		"lng" : 114.077461,
		"lat" : 22.651884,
		"value" : 5
	},
	{
		"lng" : 114.019264,
		"lat" : 22.637543,
		"value" : 5
	},
	{
		"lng" : 114.231537,
		"lat" : 22.551401,
		"value" : 5
	},
	{
		"lng" : 113.962784,
		"lat" : 22.683863,
		"value" : 5
	},
	{
		"lng" : 113.967048,
		"lat" : 22.539604,
		"value" : 5
	},
	{
		"lng" : 114.097511,
		"lat" : 22.699209,
		"value" : 5
	},
	{
		"lng" : 114.013917,
		"lat" : 22.533357,
		"value" : 5
	},
	{
		"lng" : 114.061485,
		"lat" : 22.633875,
		"value" : 5
	},
	{
		"lng" : 114.180435,
		"lat" : 22.634418,
		"value" : 5
	},
	{
		"lng" : 114.140495,
		"lat" : 22.616913,
		"value" : 5
	},
	{
		"lng" : 113.906425,
		"lat" : 22.755577,
		"value" : 5
	},
	{
		"lng" : 114.11972,
		"lat" : 22.539951,
		"value" : 5
	},
	{
		"lng" : 114.110662,
		"lat" : 22.614833,
		"value" : 5
	},
	{
		"lng" : 114.213074,
		"lat" : 22.653028,
		"value" : 5
	},
	{
		"lng" : 114.082253,
		"lat" : 22.64547,
		"value" : 4
	},
	{
		"lng" : 114.208994,
		"lat" : 22.648442,
		"value" : 4
	},
	{
		"lng" : 114.128052,
		"lat" : 22.559996,
		"value" : 4
	},
	{
		"lng" : 114.108356,
		"lat" : 22.608512,
		"value" : 4
	},
	{
		"lng" : 114.257462,
		"lat" : 22.589371,
		"value" : 4
	},
	{
		"lng" : 114.412003,
		"lat" : 22.720978,
		"value" : 4
	},
	{
		"lng" : 114.255051,
		"lat" : 22.717171,
		"value" : 4
	},
	{
		"lng" : 113.985397,
		"lat" : 22.558538,
		"value" : 4
	},
	{
		"lng" : 114.014595,
		"lat" : 22.659384,
		"value" : 4
	},
	{
		"lng" : 114.032513,
		"lat" : 22.634262,
		"value" : 4
	},
	{
		"lng" : 114.058136,
		"lat" : 22.564514,
		"value" : 4
	},
	{
		"lng" : 114.139297,
		"lat" : 22.561897,
		"value" : 4
	},
	{
		"lng" : 114.327054,
		"lat" : 22.601654,
		"value" : 4
	},
	{
		"lng" : 113.905548,
		"lat" : 22.757023,
		"value" : 4
	},
	{
		"lng" : 114.066711,
		"lat" : 22.626808,
		"value" : 4
	},
	{
		"lng" : 114.266426,
		"lat" : 22.58588,
		"value" : 4
	},
	{
		"lng" : 114.261803,
		"lat" : 22.587738,
		"value" : 4
	},
	{
		"lng" : 114.118698,
		"lat" : 22.532539,
		"value" : 4
	},
	{
		"lng" : 114.024334,
		"lat" : 22.5289,
		"value" : 4
	},
	{
		"lng" : 114.265549,
		"lat" : 22.722122,
		"value" : 4
	},
	{
		"lng" : 114.119621,
		"lat" : 22.578421,
		"value" : 4
	},
	{
		"lng" : 114.253021,
		"lat" : 22.590534,
		"value" : 4
	},
	{
		"lng" : 114.060722,
		"lat" : 22.628124,
		"value" : 4
	},
	{
		"lng" : 114.109138,
		"lat" : 22.654058,
		"value" : 4
	},
	{
		"lng" : 114.202705,
		"lat" : 22.643316,
		"value" : 4
	},
	{
		"lng" : 114.226349,
		"lat" : 22.551584,
		"value" : 4
	},
	{
		"lng" : 114.302673,
		"lat" : 22.76536,
		"value" : 4
	},
	{
		"lng" : 114.123749,
		"lat" : 22.617382,
		"value" : 4
	},
	{
		"lng" : 113.933769,
		"lat" : 22.679228,
		"value" : 3
	},
	{
		"lng" : 113.951508,
		"lat" : 22.540386,
		"value" : 3
	},
	{
		"lng" : 114.250305,
		"lat" : 22.592783,
		"value" : 3
	},
	{
		"lng" : 114.249123,
		"lat" : 22.71402,
		"value" : 3
	},
	{
		"lng" : 114.130646,
		"lat" : 22.607353,
		"value" : 3
	},
	{
		"lng" : 114.12793,
		"lat" : 22.622992,
		"value" : 3
	},
	{
		"lng" : 114.055901,
		"lat" : 22.602243,
		"value" : 3
	},
	{
		"lng" : 114.06086,
		"lat" : 22.619375,
		"value" : 3
	},
	{
		"lng" : 114.119934,
		"lat" : 22.601986,
		"value" : 3
	},
	{
		"lng" : 113.903763,
		"lat" : 22.469727,
		"value" : 3
	},
	{
		"lng" : 113.851562,
		"lat" : 22.770126,
		"value" : 3
	},
	{
		"lng" : 114.009415,
		"lat" : 22.677513,
		"value" : 3
	},
	{
		"lng" : 114.208994,
		"lat" : 22.648442,
		"value" : 3
	},
	{
		"lng" : 114.163216,
		"lat" : 22.606449,
		"value" : 3
	},
	{
		"lng" : 114.110695,
		"lat" : 22.56316,
		"value" : 3
	},
	{
		"lng" : 114.043967,
		"lat" : 22.707369,
		"value" : 3
	},
	{
		"lng" : 114.276436,
		"lat" : 22.728479,
		"value" : 3
	},
	{
		"lng" : 114.065941,
		"lat" : 22.650707,
		"value" : 3
	},
	{
		"lng" : 113.872353,
		"lat" : 22.59132,
		"value" : 3
	},
	{
		"lng" : 114.107544,
		"lat" : 22.626905,
		"value" : 3
	},
	{
		"lng" : 114.187988,
		"lat" : 22.595781,
		"value" : 3
	},
	{
		"lng" : 114.024132,
		"lat" : 22.619011,
		"value" : 3
	},
	{
		"lng" : 114.245834,
		"lat" : 22.648104,
		"value" : 3
	},
	{
		"lng" : 114.137077,
		"lat" : 22.607908,
		"value" : 3
	},
	{
		"lng" : 113.888733,
		"lat" : 22.778198,
		"value" : 3
	},
	{
		"lng" : 114.264252,
		"lat" : 22.687262,
		"value" : 3
	},
	{
		"lng" : 114.017815,
		"lat" : 22.65918,
		"value" : 3
	},
	{
		"lng" : 114.223434,
		"lat" : 22.624306,
		"value" : 3
	},
	{
		"lng" : 114.108482,
		"lat" : 22.541466,
		"value" : 3
	},
	{
		"lng" : 113.86602,
		"lat" : 22.658844,
		"value" : 3
	},
	{
		"lng" : 113.997047,
		"lat" : 22.692846,
		"value" : 3
	},
	{
		"lng" : 113.909836,
		"lat" : 22.713812,
		"value" : 3
	},
	{
		"lng" : 114.005966,
		"lat" : 22.679504,
		"value" : 3
	},
	{
		"lng" : 114.069466,
		"lat" : 22.529181,
		"value" : 3
	},
	{
		"lng" : 114.129189,
		"lat" : 22.695616,
		"value" : 3
	},
	{
		"lng" : 114.06924,
		"lat" : 22.540937,
		"value" : 3
	},
	{
		"lng" : 113.908752,
		"lat" : 22.708548,
		"value" : 3
	},
	{
		"lng" : 113.828491,
		"lat" : 22.666731,
		"value" : 2
	},
	{
		"lng" : 113.923851,
		"lat" : 22.542027,
		"value" : 2
	},
	{
		"lng" : 113.867989,
		"lat" : 22.661823,
		"value" : 2
	},
	{
		"lng" : 114.082962,
		"lat" : 22.72356,
		"value" : 2
	},
	{
		"lng" : 114.020355,
		"lat" : 22.663055,
		"value" : 2
	},
	{
		"lng" : 114.15461,
		"lat" : 22.605537,
		"value" : 2
	},
	{
		"lng" : 113.915111,
		"lat" : 22.485101,
		"value" : 2
	},
	{
		"lng" : 113.932091,
		"lat" : 22.677353,
		"value" : 2
	},
	{
		"lng" : 114.315247,
		"lat" : 22.688957,
		"value" : 2
	},
	{
		"lng" : 114.06649,
		"lat" : 22.640512,
		"value" : 2
	},
	{
		"lng" : 114.138364,
		"lat" : 22.614191,
		"value" : 2
	},
	{
		"lng" : 113.95273,
		"lat" : 22.682794,
		"value" : 2
	},
	{
		"lng" : 113.899146,
		"lat" : 22.563762,
		"value" : 2
	},
	{
		"lng" : 114.045036,
		"lat" : 22.528402,
		"value" : 2
	},
	{
		"lng" : 113.953609,
		"lat" : 22.546909,
		"value" : 2
	},
	{
		"lng" : 113.805367,
		"lat" : 22.701067,
		"value" : 2
	},
	{
		"lng" : 114.144714,
		"lat" : 22.684475,
		"value" : 2
	},
	{
		"lng" : 113.893021,
		"lat" : 22.559427,
		"value" : 2
	},
	{
		"lng" : 113.925201,
		"lat" : 22.665274,
		"value" : 2
	},
	{
		"lng" : 113.867134,
		"lat" : 22.599136,
		"value" : 2
	},
	{
		"lng" : 114.242302,
		"lat" : 22.660608,
		"value" : 2
	},
	{
		"lng" : 113.890404,
		"lat" : 22.571358,
		"value" : 2
	},
	{
		"lng" : 113.907379,
		"lat" : 22.726862,
		"value" : 2
	},
	{
		"lng" : 114.060997,
		"lat" : 22.613953,
		"value" : 2
	},
	{
		"lng" : 114.220398,
		"lat" : 22.664171,
		"value" : 2
	},
	{
		"lng" : 114.046219,
		"lat" : 22.630131,
		"value" : 2
	},
	{
		"lng" : 114.113976,
		"lat" : 22.65357,
		"value" : 2
	},
	{
		"lng" : 114.061157,
		"lat" : 22.659479,
		"value" : 2
	},
	{
		"lng" : 114.142136,
		"lat" : 22.54862,
		"value" : 2
	},
	{
		"lng" : 114.059837,
		"lat" : 22.640268,
		"value" : 2
	},
	{
		"lng" : 114.055557,
		"lat" : 22.715811,
		"value" : 2
	},
	{
		"lng" : 114.261398,
		"lat" : 22.719978,
		"value" : 2
	},
	{
		"lng" : 114.122932,
		"lat" : 22.569027,
		"value" : 2
	},
	{
		"lng" : 113.864792,
		"lat" : 22.64846,
		"value" : 2
	},
	{
		"lng" : 113.833351,
		"lat" : 22.691576,
		"value" : 2
	},
	{
		"lng" : 113.922516,
		"lat" : 22.540352,
		"value" : 2
	},
	{
		"lng" : 114.046646,
		"lat" : 22.712381,
		"value" : 2
	},
	{
		"lng" : 113.849091,
		"lat" : 22.804466,
		"value" : 2
	},
	{
		"lng" : 114.152107,
		"lat" : 22.681185,
		"value" : 2
	},
	{
		"lng" : 114.169632,
		"lat" : 22.564072,
		"value" : 2
	},
	{
		"lng" : 113.835625,
		"lat" : 22.641151,
		"value" : 2
	},
	{
		"lng" : 114.060616,
		"lat" : 22.632418,
		"value" : 2
	},
	{
		"lng" : 114.156807,
		"lat" : 22.628824,
		"value" : 2
	},
	{
		"lng" : 114.054024,
		"lat" : 22.548243,
		"value" : 2
	},
	{
		"lng" : 114.11866,
		"lat" : 22.538311,
		"value" : 2
	},
	{
		"lng" : 114.011592,
		"lat" : 22.532144,
		"value" : 2
	},
	{
		"lng" : 113.877432,
		"lat" : 22.583286,
		"value" : 2
	},
	{
		"lng" : 114.274185,
		"lat" : 22.740807,
		"value" : 2
	},
	{
		"lng" : 113.956993,
		"lat" : 22.686266,
		"value" : 2
	},
	{
		"lng" : 114.063171,
		"lat" : 22.688654,
		"value" : 2
	},
	{
		"lng" : 114.035504,
		"lat" : 22.524612,
		"value" : 2
	},
	{
		"lng" : 114.110596,
		"lat" : 22.690418,
		"value" : 2
	},
	{
		"lng" : 114.277405,
		"lat" : 22.728924,
		"value" : 2
	},
	{
		"lng" : 113.912331,
		"lat" : 22.476626,
		"value" : 2
	},
	{
		"lng" : 114.061058,
		"lat" : 22.654804,
		"value" : 2
	},
	{
		"lng" : 114.321281,
		"lat" : 22.674026,
		"value" : 2
	},
	{
		"lng" : 114.105337,
		"lat" : 22.622046,
		"value" : 2
	},
	{
		"lng" : 114.031006,
		"lat" : 22.669508,
		"value" : 2
	},
	{
		"lng" : 114.074364,
		"lat" : 22.654066,
		"value" : 2
	},
	{
		"lng" : 114.065758,
		"lat" : 22.719809,
		"value" : 2
	},
	{
		"lng" : 114.3172,
		"lat" : 22.730793,
		"value" : 2
	},
	{
		"lng" : 113.811279,
		"lat" : 22.732609,
		"value" : 2
	},
	{
		"lng" : 114.205467,
		"lat" : 22.645464,
		"value" : 2
	},
	{
		"lng" : 114.240593,
		"lat" : 22.706297,
		"value" : 2
	},
	{
		"lng" : 114.218155,
		"lat" : 22.658907,
		"value" : 2
	},
	{
		"lng" : 114.057678,
		"lat" : 22.528976,
		"value" : 2
	},
	{
		"lng" : 114.116676,
		"lat" : 22.538103,
		"value" : 2
	},
	{
		"lng" : 114.262093,
		"lat" : 22.68556,
		"value" : 2
	},
	{
		"lng" : 114.149323,
		"lat" : 22.646133,
		"value" : 2
	},
	{
		"lng" : 114.337296,
		"lat" : 22.79903,
		"value" : 2
	},
	{
		"lng" : 114.063248,
		"lat" : 22.660242,
		"value" : 2
	},
	{
		"lng" : 114.104416,
		"lat" : 22.609314,
		"value" : 2
	},
	{
		"lng" : 114.066231,
		"lat" : 22.645456,
		"value" : 2
	},
	{
		"lng" : 114.130798,
		"lat" : 22.610729,
		"value" : 2
	},
	{
		"lng" : 114.111259,
		"lat" : 22.695837,
		"value" : 2
	},
	{
		"lng" : 114.116859,
		"lat" : 22.537018,
		"value" : 2
	},
	{
		"lng" : 114.130798,
		"lat" : 22.610729,
		"value" : 2
	},
	{
		"lng" : 114.067017,
		"lat" : 22.63615,
		"value" : 2
	},
	{
		"lng" : 113.806229,
		"lat" : 22.679054,
		"value" : 2
	},
	{
		"lng" : 113.924057,
		"lat" : 22.526653,
		"value" : 2
	},
	{
		"lng" : 114.230881,
		"lat" : 22.692318,
		"value" : 2
	},
	{
		"lng" : 113.95488,
		"lat" : 22.5868,
		"value" : 2
	},
	{
		"lng" : 114.225922,
		"lat" : 22.676165,
		"value" : 2
	},
	{
		"lng" : 114.117393,
		"lat" : 22.583862,
		"value" : 2
	},
	{
		"lng" : 114.104477,
		"lat" : 22.600355,
		"value" : 2
	},
	{
		"lng" : 114.156509,
		"lat" : 22.61455,
		"value" : 2
	},
	{
		"lng" : 113.940498,
		"lat" : 22.680092,
		"value" : 2
	},
	{
		"lng" : 113.877432,
		"lat" : 22.583286,
		"value" : 2
	},
	{
		"lng" : 113.94906,
		"lat" : 22.52948,
		"value" : 2
	},
	{
		"lng" : 114.294334,
		"lat" : 22.72253,
		"value" : 2
	},
	{
		"lng" : 114.069809,
		"lat" : 22.714432,
		"value" : 2
	},
	{
		"lng" : 114.28849,
		"lat" : 22.724867,
		"value" : 2
	},
	{
		"lng" : 114.084496,
		"lat" : 22.626047,
		"value" : 2
	}
]
