[
	{
		"lng" : 114.123749,
		"lat" : 22.617382,
		"value" : 975
	},
	{
		"lng" : 114.116746,
		"lat" : 22.560244,
		"value" : 595
	},
	{
		"lng" : 114.037033,
		"lat" : 22.665243,
		"value" : 504
	},
	{
		"lng" : 113.846792,
		"lat" : 22.601363,
		"value" : 486
	},
	{
		"lng" : 114.060681,
		"lat" : 22.626833,
		"value" : 383
	},
	{
		"lng" : 114.142136,
		"lat" : 22.54862,
		"value" : 355
	},
	{
		"lng" : 114.030946,
		"lat" : 22.671135,
		"value" : 327
	},
	{
		"lng" : 114.030946,
		"lat" : 22.671135,
		"value" : 313
	},
	{
		"lng" : 113.899146,
		"lat" : 22.563762,
		"value" : 297
	},
	{
		"lng" : 114.04085,
		"lat" : 22.617545,
		"value" : 284
	},
	{
		"lng" : 114.147644,
		"lat" : 22.61989,
		"value" : 264
	},
	{
		"lng" : 114.065915,
		"lat" : 22.523226,
		"value" : 259
	},
	{
		"lng" : 114.029113,
		"lat" : 22.609725,
		"value" : 252
	},
	{
		"lng" : 113.915072,
		"lat" : 22.532232,
		"value" : 252
	},
	{
		"lng" : 114.1165,
		"lat" : 22.584447,
		"value" : 237
	},
	{
		"lng" : 113.809759,
		"lat" : 22.732605,
		"value" : 236
	},
	{
		"lng" : 114.113825,
		"lat" : 22.608053,
		"value" : 235
	},
	{
		"lng" : 113.968773,
		"lat" : 22.53944,
		"value" : 224
	},
	{
		"lng" : 114.277422,
		"lat" : 22.728806,
		"value" : 208
	},
	{
		"lng" : 114.053191,
		"lat" : 22.624917,
		"value" : 200
	},
	{
		"lng" : 114.042579,
		"lat" : 22.520798,
		"value" : 194
	},
	{
		"lng" : 114.012808,
		"lat" : 22.637134,
		"value" : 193
	},
	{
		"lng" : 113.813663,
		"lat" : 22.624026,
		"value" : 190
	},
	{
		"lng" : 114.140115,
		"lat" : 22.555856,
		"value" : 185
	},
	{
		"lng" : 113.82758,
		"lat" : 22.671302,
		"value" : 182
	},
	{
		"lng" : 114.192725,
		"lat" : 22.639179,
		"value" : 178
	},
	{
		"lng" : 113.954396,
		"lat" : 22.580677,
		"value" : 169
	},
	{
		"lng" : 113.893232,
		"lat" : 22.55969,
		"value" : 168
	},
	{
		"lng" : 113.912877,
		"lat" : 22.542716,
		"value" : 164
	},
	{
		"lng" : 114.110773,
		"lat" : 22.613581,
		"value" : 163
	},
	{
		"lng" : 113.904158,
		"lat" : 22.568964,
		"value" : 160
	},
	{
		"lng" : 114.028282,
		"lat" : 22.529348,
		"value" : 159
	},
	{
		"lng" : 113.811001,
		"lat" : 22.688133,
		"value" : 157
	},
	{
		"lng" : 114.043343,
		"lat" : 22.553419,
		"value" : 150
	},
	{
		"lng" : 114.063591,
		"lat" : 22.547375,
		"value" : 149
	},
	{
		"lng" : 114.208994,
		"lat" : 22.648442,
		"value" : 149
	},
	{
		"lng" : 114.122664,
		"lat" : 22.549238,
		"value" : 147
	},
	{
		"lng" : 114.138045,
		"lat" : 22.580986,
		"value" : 146
	},
	{
		"lng" : 113.823677,
		"lat" : 22.646675,
		"value" : 146
	},
	{
		"lng" : 114.069273,
		"lat" : 22.515737,
		"value" : 146
	},
	{
		"lng" : 114.079975,
		"lat" : 22.626777,
		"value" : 143
	},
	{
		"lng" : 114.042431,
		"lat" : 22.601505,
		"value" : 142
	},
	{
		"lng" : 114.097634,
		"lat" : 22.567804,
		"value" : 141
	},
	{
		"lng" : 113.937602,
		"lat" : 22.509146,
		"value" : 139
	},
	{
		"lng" : 114.234423,
		"lat" : 22.697495,
		"value" : 138
	},
	{
		"lng" : 113.882703,
		"lat" : 22.577428,
		"value" : 133
	},
	{
		"lng" : 114.053616,
		"lat" : 22.523708,
		"value" : 133
	},
	{
		"lng" : 114.15461,
		"lat" : 22.605537,
		"value" : 131
	},
	{
		"lng" : 114.265531,
		"lat" : 22.721967,
		"value" : 128
	},
	{
		"lng" : 114.110662,
		"lat" : 22.614833,
		"value" : 127
	},
	{
		"lng" : 113.910585,
		"lat" : 22.574543,
		"value" : 124
	},
	{
		"lng" : 114.050385,
		"lat" : 22.594336,
		"value" : 122
	},
	{
		"lng" : 113.851562,
		"lat" : 22.770126,
		"value" : 119
	},
	{
		"lng" : 114.252541,
		"lat" : 22.718138,
		"value" : 118
	},
	{
		"lng" : 114.12702,
		"lat" : 22.604577,
		"value" : 115
	},
	{
		"lng" : 114.180646,
		"lat" : 22.634322,
		"value" : 114
	},
	{
		"lng" : 113.903079,
		"lat" : 22.532005,
		"value" : 111
	},
	{
		"lng" : 114.05944,
		"lat" : 22.570462,
		"value" : 110
	},
	{
		"lng" : 113.931149,
		"lat" : 22.486325,
		"value" : 109
	},
	{
		"lng" : 113.835449,
		"lat" : 22.628835,
		"value" : 108
	},
	{
		"lng" : 114.116241,
		"lat" : 22.605694,
		"value" : 108
	},
	{
		"lng" : 114.1185,
		"lat" : 22.600864,
		"value" : 105
	},
	{
		"lng" : 114.083598,
		"lat" : 22.531374,
		"value" : 104
	},
	{
		"lng" : 114.107811,
		"lat" : 22.5418,
		"value" : 103
	},
	{
		"lng" : 113.817039,
		"lat" : 22.713516,
		"value" : 103
	},
	{
		"lng" : 113.974216,
		"lat" : 22.5369,
		"value" : 101
	},
	{
		"lng" : 114.094946,
		"lat" : 22.540618,
		"value" : 100
	},
	{
		"lng" : 113.908073,
		"lat" : 22.749704,
		"value" : 93
	},
	{
		"lng" : 114.125437,
		"lat" : 22.544287,
		"value" : 92
	},
	{
		"lng" : 114.105337,
		"lat" : 22.622046,
		"value" : 91
	},
	{
		"lng" : 114.218042,
		"lat" : 22.658995,
		"value" : 91
	},
	{
		"lng" : 114.050987,
		"lat" : 22.516287,
		"value" : 90
	},
	{
		"lng" : 114.137018,
		"lat" : 22.572496,
		"value" : 87
	},
	{
		"lng" : 114.118909,
		"lat" : 22.53968,
		"value" : 86
	},
	{
		"lng" : 114.112099,
		"lat" : 22.587904,
		"value" : 86
	},
	{
		"lng" : 114.151367,
		"lat" : 22.606894,
		"value" : 83
	},
	{
		"lng" : 114.023465,
		"lat" : 22.621886,
		"value" : 82
	},
	{
		"lng" : 114.041768,
		"lat" : 22.565672,
		"value" : 82
	},
	{
		"lng" : 114.133469,
		"lat" : 22.545555,
		"value" : 81
	},
	{
		"lng" : 114.110662,
		"lat" : 22.614833,
		"value" : 80
	},
	{
		"lng" : 113.924857,
		"lat" : 22.532357,
		"value" : 80
	},
	{
		"lng" : 114.112029,
		"lat" : 22.609868,
		"value" : 79
	},
	{
		"lng" : 114.116425,
		"lat" : 22.594116,
		"value" : 79
	},
	{
		"lng" : 114.03894,
		"lat" : 22.623993,
		"value" : 77
	},
	{
		"lng" : 113.920128,
		"lat" : 22.64776,
		"value" : 77
	},
	{
		"lng" : 113.965307,
		"lat" : 22.581946,
		"value" : 76
	},
	{
		"lng" : 114.000214,
		"lat" : 22.661684,
		"value" : 75
	},
	{
		"lng" : 114.085133,
		"lat" : 22.540459,
		"value" : 72
	},
	{
		"lng" : 114.037934,
		"lat" : 22.561028,
		"value" : 71
	},
	{
		"lng" : 113.919013,
		"lat" : 22.581822,
		"value" : 71
	},
	{
		"lng" : 113.967048,
		"lat" : 22.539604,
		"value" : 70
	},
	{
		"lng" : 114.129883,
		"lat" : 22.556188,
		"value" : 69
	},
	{
		"lng" : 114.140495,
		"lat" : 22.616913,
		"value" : 69
	},
	{
		"lng" : 113.999666,
		"lat" : 22.590097,
		"value" : 68
	},
	{
		"lng" : 114.116425,
		"lat" : 22.594116,
		"value" : 68
	},
	{
		"lng" : 114.013917,
		"lat" : 22.533357,
		"value" : 68
	},
	{
		"lng" : 114.104584,
		"lat" : 22.54838,
		"value" : 68
	},
	{
		"lng" : 113.960559,
		"lat" : 22.56827,
		"value" : 67
	},
	{
		"lng" : 114.272293,
		"lat" : 22.700365,
		"value" : 66
	},
	{
		"lng" : 114.04393,
		"lat" : 22.520126,
		"value" : 65
	},
	{
		"lng" : 114.114807,
		"lat" : 22.607426,
		"value" : 63
	},
	{
		"lng" : 113.856093,
		"lat" : 22.575073,
		"value" : 62
	},
	{
		"lng" : 114.118698,
		"lat" : 22.532539,
		"value" : 62
	},
	{
		"lng" : 114.038002,
		"lat" : 22.626453,
		"value" : 61
	},
	{
		"lng" : 114.077461,
		"lat" : 22.651884,
		"value" : 59
	},
	{
		"lng" : 113.826874,
		"lat" : 22.752625,
		"value" : 59
	},
	{
		"lng" : 114.116939,
		"lat" : 22.544232,
		"value" : 59
	},
	{
		"lng" : 114.116746,
		"lat" : 22.560244,
		"value" : 58
	},
	{
		"lng" : 114.13038,
		"lat" : 22.595442,
		"value" : 58
	},
	{
		"lng" : 114.106926,
		"lat" : 22.583981,
		"value" : 57
	},
	{
		"lng" : 114.009415,
		"lat" : 22.677513,
		"value" : 57
	},
	{
		"lng" : 114.148765,
		"lat" : 22.547688,
		"value" : 57
	},
	{
		"lng" : 114.244318,
		"lat" : 22.709488,
		"value" : 57
	},
	{
		"lng" : 113.933769,
		"lat" : 22.679228,
		"value" : 56
	},
	{
		"lng" : 114.061485,
		"lat" : 22.633875,
		"value" : 55
	},
	{
		"lng" : 114.012428,
		"lat" : 22.673975,
		"value" : 54
	},
	{
		"lng" : 114.060783,
		"lat" : 22.624311,
		"value" : 54
	},
	{
		"lng" : 114.02583,
		"lat" : 22.536247,
		"value" : 54
	},
	{
		"lng" : 114.117393,
		"lat" : 22.583862,
		"value" : 54
	},
	{
		"lng" : 113.998846,
		"lat" : 22.546456,
		"value" : 53
	},
	{
		"lng" : 114.136332,
		"lat" : 22.546095,
		"value" : 52
	},
	{
		"lng" : 113.991905,
		"lat" : 22.668207,
		"value" : 52
	},
	{
		"lng" : 114.22431,
		"lat" : 22.673079,
		"value" : 51
	},
	{
		"lng" : 113.819959,
		"lat" : 22.784486,
		"value" : 51
	},
	{
		"lng" : 113.942498,
		"lat" : 22.518422,
		"value" : 51
	},
	{
		"lng" : 114.113159,
		"lat" : 22.613758,
		"value" : 50
	},
	{
		"lng" : 114.067017,
		"lat" : 22.63615,
		"value" : 49
	},
	{
		"lng" : 113.937715,
		"lat" : 22.500409,
		"value" : 49
	},
	{
		"lng" : 114.142761,
		"lat" : 22.606649,
		"value" : 49
	},
	{
		"lng" : 113.922829,
		"lat" : 22.644144,
		"value" : 49
	},
	{
		"lng" : 114.06924,
		"lat" : 22.540937,
		"value" : 48
	},
	{
		"lng" : 114.105337,
		"lat" : 22.622046,
		"value" : 48
	},
	{
		"lng" : 113.938604,
		"lat" : 22.493353,
		"value" : 48
	},
	{
		"lng" : 113.931847,
		"lat" : 22.533911,
		"value" : 47
	},
	{
		"lng" : 114.119621,
		"lat" : 22.578421,
		"value" : 47
	},
	{
		"lng" : 114.045677,
		"lat" : 22.607674,
		"value" : 47
	},
	{
		"lng" : 114.135002,
		"lat" : 22.552454,
		"value" : 47
	},
	{
		"lng" : 113.924844,
		"lat" : 22.485098,
		"value" : 46
	},
	{
		"lng" : 114.147644,
		"lat" : 22.61989,
		"value" : 46
	},
	{
		"lng" : 113.981962,
		"lat" : 22.5599,
		"value" : 46
	},
	{
		"lng" : 113.899146,
		"lat" : 22.563762,
		"value" : 46
	},
	{
		"lng" : 114.136332,
		"lat" : 22.546095,
		"value" : 45
	},
	{
		"lng" : 114.06924,
		"lat" : 22.540937,
		"value" : 45
	},
	{
		"lng" : 113.926453,
		"lat" : 22.684418,
		"value" : 45
	},
	{
		"lng" : 114.059402,
		"lat" : 22.560538,
		"value" : 45
	},
	{
		"lng" : 114.057241,
		"lat" : 22.53815,
		"value" : 44
	},
	{
		"lng" : 114.140668,
		"lat" : 22.605614,
		"value" : 44
	},
	{
		"lng" : 114.069466,
		"lat" : 22.529181,
		"value" : 44
	},
	{
		"lng" : 114.068161,
		"lat" : 22.534035,
		"value" : 44
	},
	{
		"lng" : 114.130052,
		"lat" : 22.56728,
		"value" : 44
	},
	{
		"lng" : 114.117393,
		"lat" : 22.583862,
		"value" : 43
	},
	{
		"lng" : 114.130646,
		"lat" : 22.607353,
		"value" : 43
	},
	{
		"lng" : 114.005966,
		"lat" : 22.679504,
		"value" : 43
	},
	{
		"lng" : 114.040543,
		"lat" : 22.619036,
		"value" : 42
	},
	{
		"lng" : 114.052948,
		"lat" : 22.53632,
		"value" : 42
	},
	{
		"lng" : 114.060997,
		"lat" : 22.613953,
		"value" : 42
	},
	{
		"lng" : 113.886589,
		"lat" : 22.555304,
		"value" : 42
	},
	{
		"lng" : 114.03727,
		"lat" : 22.629015,
		"value" : 42
	},
	{
		"lng" : 114.159119,
		"lat" : 22.613962,
		"value" : 42
	},
	{
		"lng" : 114.133713,
		"lat" : 22.558325,
		"value" : 42
	},
	{
		"lng" : 113.967048,
		"lat" : 22.539604,
		"value" : 41
	},
	{
		"lng" : 114.103325,
		"lat" : 22.62775,
		"value" : 41
	},
	{
		"lng" : 114.086654,
		"lat" : 22.548981,
		"value" : 40
	},
	{
		"lng" : 114.1633,
		"lat" : 22.609125,
		"value" : 40
	},
	{
		"lng" : 114.098869,
		"lat" : 22.565142,
		"value" : 40
	},
	{
		"lng" : 113.885086,
		"lat" : 22.576393,
		"value" : 40
	},
	{
		"lng" : 114.129189,
		"lat" : 22.695616,
		"value" : 39
	},
	{
		"lng" : 114.184853,
		"lat" : 22.635473,
		"value" : 39
	},
	{
		"lng" : 114.101593,
		"lat" : 22.60672,
		"value" : 39
	},
	{
		"lng" : 114.122932,
		"lat" : 22.569027,
		"value" : 39
	},
	{
		"lng" : 113.943543,
		"lat" : 22.580534,
		"value" : 39
	},
	{
		"lng" : 114.114494,
		"lat" : 22.628246,
		"value" : 39
	},
	{
		"lng" : 114.042579,
		"lat" : 22.520798,
		"value" : 39
	},
	{
		"lng" : 114.049515,
		"lat" : 22.689583,
		"value" : 38
	},
	{
		"lng" : 114.119083,
		"lat" : 22.53497,
		"value" : 38
	},
	{
		"lng" : 114.119621,
		"lat" : 22.578421,
		"value" : 38
	},
	{
		"lng" : 114.072052,
		"lat" : 22.627577,
		"value" : 38
	},
	{
		"lng" : 114.020355,
		"lat" : 22.663055,
		"value" : 38
	},
	{
		"lng" : 114.205467,
		"lat" : 22.645464,
		"value" : 38
	},
	{
		"lng" : 114.047615,
		"lat" : 22.519321,
		"value" : 37
	},
	{
		"lng" : 114.05323,
		"lat" : 22.635414,
		"value" : 37
	},
	{
		"lng" : 114.014378,
		"lat" : 22.549784,
		"value" : 37
	},
	{
		"lng" : 114.104315,
		"lat" : 22.56203,
		"value" : 37
	},
	{
		"lng" : 114.104828,
		"lat" : 22.603825,
		"value" : 37
	},
	{
		"lng" : 114.124974,
		"lat" : 22.573988,
		"value" : 36
	},
	{
		"lng" : 114.223434,
		"lat" : 22.624306,
		"value" : 36
	},
	{
		"lng" : 114.213074,
		"lat" : 22.653028,
		"value" : 36
	},
	{
		"lng" : 113.867989,
		"lat" : 22.661823,
		"value" : 35
	},
	{
		"lng" : 114.097511,
		"lat" : 22.699209,
		"value" : 35
	},
	{
		"lng" : 114.144463,
		"lat" : 22.573784,
		"value" : 35
	},
	{
		"lng" : 114.228163,
		"lat" : 22.68572,
		"value" : 35
	},
	{
		"lng" : 113.880641,
		"lat" : 22.560741,
		"value" : 35
	},
	{
		"lng" : 114.06086,
		"lat" : 22.619375,
		"value" : 35
	},
	{
		"lng" : 114.067353,
		"lat" : 22.612345,
		"value" : 34
	},
	{
		"lng" : 113.9356,
		"lat" : 22.680355,
		"value" : 34
	},
	{
		"lng" : 114.042572,
		"lat" : 22.563034,
		"value" : 34
	},
	{
		"lng" : 114.060616,
		"lat" : 22.632418,
		"value" : 34
	},
	{
		"lng" : 113.932091,
		"lat" : 22.677353,
		"value" : 34
	},
	{
		"lng" : 114.000954,
		"lat" : 22.677258,
		"value" : 34
	},
	{
		"lng" : 114.117378,
		"lat" : 22.583912,
		"value" : 34
	}
]
