[
	{
		"lng" : 114.037033,
		"lat" : 22.665243,
		"value" : 1156
	},
	{
		"lng" : 113.899146,
		"lat" : 22.563762,
		"value" : 1148
	},
	{
		"lng" : 113.846792,
		"lat" : 22.601363,
		"value" : 1080
	},
	{
		"lng" : 114.060681,
		"lat" : 22.626833,
		"value" : 1038
	},
	{
		"lng" : 114.030946,
		"lat" : 22.671135,
		"value" : 875
	},
	{
		"lng" : 114.123749,
		"lat" : 22.617382,
		"value" : 831
	},
	{
		"lng" : 114.147644,
		"lat" : 22.61989,
		"value" : 775
	},
	{
		"lng" : 114.030946,
		"lat" : 22.671135,
		"value" : 757
	},
	{
		"lng" : 114.04085,
		"lat" : 22.617545,
		"value" : 688
	},
	{
		"lng" : 114.029113,
		"lat" : 22.609725,
		"value" : 667
	},
	{
		"lng" : 113.915072,
		"lat" : 22.532232,
		"value" : 650
	},
	{
		"lng" : 113.968773,
		"lat" : 22.53944,
		"value" : 632
	},
	{
		"lng" : 114.042431,
		"lat" : 22.601505,
		"value" : 629
	},
	{
		"lng" : 114.069273,
		"lat" : 22.515737,
		"value" : 616
	},
	{
		"lng" : 114.208994,
		"lat" : 22.648442,
		"value" : 582
	},
	{
		"lng" : 114.113825,
		"lat" : 22.608053,
		"value" : 527
	},
	{
		"lng" : 114.065915,
		"lat" : 22.523226,
		"value" : 520
	},
	{
		"lng" : 113.912877,
		"lat" : 22.542716,
		"value" : 493
	},
	{
		"lng" : 114.142136,
		"lat" : 22.54862,
		"value" : 479
	},
	{
		"lng" : 114.110662,
		"lat" : 22.614833,
		"value" : 477
	},
	{
		"lng" : 113.904158,
		"lat" : 22.568964,
		"value" : 473
	},
	{
		"lng" : 114.116746,
		"lat" : 22.560244,
		"value" : 467
	},
	{
		"lng" : 114.110773,
		"lat" : 22.613581,
		"value" : 461
	},
	{
		"lng" : 113.954396,
		"lat" : 22.580677,
		"value" : 458
	},
	{
		"lng" : 114.053191,
		"lat" : 22.624917,
		"value" : 435
	},
	{
		"lng" : 113.809759,
		"lat" : 22.732605,
		"value" : 423
	},
	{
		"lng" : 114.012808,
		"lat" : 22.637134,
		"value" : 422
	},
	{
		"lng" : 114.277422,
		"lat" : 22.728806,
		"value" : 422
	},
	{
		"lng" : 113.882703,
		"lat" : 22.577428,
		"value" : 419
	},
	{
		"lng" : 114.192725,
		"lat" : 22.639179,
		"value" : 417
	},
	{
		"lng" : 114.1165,
		"lat" : 22.584447,
		"value" : 415
	},
	{
		"lng" : 114.079975,
		"lat" : 22.626777,
		"value" : 411
	},
	{
		"lng" : 114.053616,
		"lat" : 22.523708,
		"value" : 387
	},
	{
		"lng" : 114.234423,
		"lat" : 22.697495,
		"value" : 383
	},
	{
		"lng" : 113.82758,
		"lat" : 22.671302,
		"value" : 380
	},
	{
		"lng" : 114.042579,
		"lat" : 22.520798,
		"value" : 377
	},
	{
		"lng" : 114.180646,
		"lat" : 22.634322,
		"value" : 368
	},
	{
		"lng" : 114.050385,
		"lat" : 22.594336,
		"value" : 358
	},
	{
		"lng" : 113.893232,
		"lat" : 22.55969,
		"value" : 357
	},
	{
		"lng" : 114.12702,
		"lat" : 22.604577,
		"value" : 352
	},
	{
		"lng" : 113.974216,
		"lat" : 22.5369,
		"value" : 348
	},
	{
		"lng" : 113.811001,
		"lat" : 22.688133,
		"value" : 346
	},
	{
		"lng" : 114.028282,
		"lat" : 22.529348,
		"value" : 339
	},
	{
		"lng" : 113.835449,
		"lat" : 22.628835,
		"value" : 335
	},
	{
		"lng" : 114.107811,
		"lat" : 22.5418,
		"value" : 322
	},
	{
		"lng" : 114.063591,
		"lat" : 22.547375,
		"value" : 321
	},
	{
		"lng" : 114.043343,
		"lat" : 22.553419,
		"value" : 315
	},
	{
		"lng" : 114.122664,
		"lat" : 22.549238,
		"value" : 315
	},
	{
		"lng" : 113.903079,
		"lat" : 22.532005,
		"value" : 307
	},
	{
		"lng" : 114.138045,
		"lat" : 22.580986,
		"value" : 303
	},
	{
		"lng" : 113.856093,
		"lat" : 22.575073,
		"value" : 298
	},
	{
		"lng" : 113.910585,
		"lat" : 22.574543,
		"value" : 296
	},
	{
		"lng" : 113.851562,
		"lat" : 22.770126,
		"value" : 287
	},
	{
		"lng" : 114.265531,
		"lat" : 22.721967,
		"value" : 283
	},
	{
		"lng" : 114.097634,
		"lat" : 22.567804,
		"value" : 268
	},
	{
		"lng" : 114.083598,
		"lat" : 22.531374,
		"value" : 266
	},
	{
		"lng" : 113.823677,
		"lat" : 22.646675,
		"value" : 266
	},
	{
		"lng" : 114.05944,
		"lat" : 22.570462,
		"value" : 256
	},
	{
		"lng" : 114.140115,
		"lat" : 22.555856,
		"value" : 248
	},
	{
		"lng" : 114.137018,
		"lat" : 22.572496,
		"value" : 242
	},
	{
		"lng" : 113.817039,
		"lat" : 22.713516,
		"value" : 230
	},
	{
		"lng" : 113.931149,
		"lat" : 22.486325,
		"value" : 229
	},
	{
		"lng" : 114.105337,
		"lat" : 22.622046,
		"value" : 229
	},
	{
		"lng" : 114.023465,
		"lat" : 22.621886,
		"value" : 228
	},
	{
		"lng" : 114.252541,
		"lat" : 22.718138,
		"value" : 225
	},
	{
		"lng" : 113.924857,
		"lat" : 22.532357,
		"value" : 220
	},
	{
		"lng" : 113.967048,
		"lat" : 22.539604,
		"value" : 219
	},
	{
		"lng" : 114.050987,
		"lat" : 22.516287,
		"value" : 219
	},
	{
		"lng" : 114.272293,
		"lat" : 22.700365,
		"value" : 216
	},
	{
		"lng" : 114.013917,
		"lat" : 22.533357,
		"value" : 216
	},
	{
		"lng" : 114.116746,
		"lat" : 22.560244,
		"value" : 215
	},
	{
		"lng" : 114.15461,
		"lat" : 22.605537,
		"value" : 207
	},
	{
		"lng" : 113.908073,
		"lat" : 22.749704,
		"value" : 204
	},
	{
		"lng" : 114.129883,
		"lat" : 22.556188,
		"value" : 202
	},
	{
		"lng" : 113.813663,
		"lat" : 22.624026,
		"value" : 201
	},
	{
		"lng" : 113.919013,
		"lat" : 22.581822,
		"value" : 195
	},
	{
		"lng" : 114.041768,
		"lat" : 22.565672,
		"value" : 194
	},
	{
		"lng" : 114.218042,
		"lat" : 22.658995,
		"value" : 191
	},
	{
		"lng" : 114.1185,
		"lat" : 22.600864,
		"value" : 191
	},
	{
		"lng" : 114.228163,
		"lat" : 22.68572,
		"value" : 186
	},
	{
		"lng" : 113.880641,
		"lat" : 22.560741,
		"value" : 180
	},
	{
		"lng" : 113.931847,
		"lat" : 22.533911,
		"value" : 175
	},
	{
		"lng" : 113.965307,
		"lat" : 22.581946,
		"value" : 175
	},
	{
		"lng" : 114.13038,
		"lat" : 22.595442,
		"value" : 170
	},
	{
		"lng" : 113.960559,
		"lat" : 22.56827,
		"value" : 168
	},
	{
		"lng" : 114.059402,
		"lat" : 22.560538,
		"value" : 168
	},
	{
		"lng" : 114.125437,
		"lat" : 22.544287,
		"value" : 167
	},
	{
		"lng" : 113.999666,
		"lat" : 22.590097,
		"value" : 167
	},
	{
		"lng" : 114.085133,
		"lat" : 22.540459,
		"value" : 164
	},
	{
		"lng" : 114.118909,
		"lat" : 22.53968,
		"value" : 164
	},
	{
		"lng" : 114.244318,
		"lat" : 22.709488,
		"value" : 164
	},
	{
		"lng" : 114.094946,
		"lat" : 22.540618,
		"value" : 162
	},
	{
		"lng" : 113.998846,
		"lat" : 22.546456,
		"value" : 162
	},
	{
		"lng" : 114.03894,
		"lat" : 22.623993,
		"value" : 161
	},
	{
		"lng" : 114.151367,
		"lat" : 22.606894,
		"value" : 157
	},
	{
		"lng" : 114.038002,
		"lat" : 22.626453,
		"value" : 156
	},
	{
		"lng" : 113.920128,
		"lat" : 22.64776,
		"value" : 152
	},
	{
		"lng" : 114.116241,
		"lat" : 22.605694,
		"value" : 152
	},
	{
		"lng" : 113.981962,
		"lat" : 22.5599,
		"value" : 151
	},
	{
		"lng" : 114.037934,
		"lat" : 22.561028,
		"value" : 151
	},
	{
		"lng" : 114.02583,
		"lat" : 22.536247,
		"value" : 147
	},
	{
		"lng" : 114.22431,
		"lat" : 22.673079,
		"value" : 146
	},
	{
		"lng" : 114.116939,
		"lat" : 22.544232,
		"value" : 144
	},
	{
		"lng" : 113.826874,
		"lat" : 22.752625,
		"value" : 142
	},
	{
		"lng" : 114.104584,
		"lat" : 22.54838,
		"value" : 139
	},
	{
		"lng" : 114.04393,
		"lat" : 22.520126,
		"value" : 139
	},
	{
		"lng" : 114.114807,
		"lat" : 22.607426,
		"value" : 138
	},
	{
		"lng" : 114.061485,
		"lat" : 22.633875,
		"value" : 138
	},
	{
		"lng" : 113.943543,
		"lat" : 22.580534,
		"value" : 136
	},
	{
		"lng" : 114.130052,
		"lat" : 22.56728,
		"value" : 134
	},
	{
		"lng" : 114.06086,
		"lat" : 22.619375,
		"value" : 130
	},
	{
		"lng" : 114.038514,
		"lat" : 22.560759,
		"value" : 128
	},
	{
		"lng" : 114.014378,
		"lat" : 22.549784,
		"value" : 126
	},
	{
		"lng" : 113.937715,
		"lat" : 22.500409,
		"value" : 126
	},
	{
		"lng" : 114.06924,
		"lat" : 22.540937,
		"value" : 124
	},
	{
		"lng" : 113.937602,
		"lat" : 22.509146,
		"value" : 123
	},
	{
		"lng" : 114.086654,
		"lat" : 22.548981,
		"value" : 123
	},
	{
		"lng" : 114.148765,
		"lat" : 22.547688,
		"value" : 123
	},
	{
		"lng" : 114.112029,
		"lat" : 22.609868,
		"value" : 122
	},
	{
		"lng" : 114.045677,
		"lat" : 22.607674,
		"value" : 121
	},
	{
		"lng" : 114.104315,
		"lat" : 22.56203,
		"value" : 115
	},
	{
		"lng" : 114.114494,
		"lat" : 22.628246,
		"value" : 115
	},
	{
		"lng" : 114.118698,
		"lat" : 22.532539,
		"value" : 110
	},
	{
		"lng" : 114.018135,
		"lat" : 22.540411,
		"value" : 110
	},
	{
		"lng" : 114.040543,
		"lat" : 22.619036,
		"value" : 109
	},
	{
		"lng" : 114.000214,
		"lat" : 22.661684,
		"value" : 109
	},
	{
		"lng" : 114.041084,
		"lat" : 22.616905,
		"value" : 108
	},
	{
		"lng" : 113.899146,
		"lat" : 22.563762,
		"value" : 108
	},
	{
		"lng" : 114.060997,
		"lat" : 22.613953,
		"value" : 108
	},
	{
		"lng" : 114.103325,
		"lat" : 22.62775,
		"value" : 108
	},
	{
		"lng" : 114.116425,
		"lat" : 22.594116,
		"value" : 106
	},
	{
		"lng" : 114.140495,
		"lat" : 22.616913,
		"value" : 106
	},
	{
		"lng" : 113.953842,
		"lat" : 22.540236,
		"value" : 105
	},
	{
		"lng" : 113.924844,
		"lat" : 22.485098,
		"value" : 104
	},
	{
		"lng" : 113.819959,
		"lat" : 22.784486,
		"value" : 104
	},
	{
		"lng" : 114.052948,
		"lat" : 22.53632,
		"value" : 103
	},
	{
		"lng" : 113.989148,
		"lat" : 22.543992,
		"value" : 103
	},
	{
		"lng" : 113.942498,
		"lat" : 22.518422,
		"value" : 102
	},
	{
		"lng" : 114.067829,
		"lat" : 22.548646,
		"value" : 101
	},
	{
		"lng" : 114.124974,
		"lat" : 22.573988,
		"value" : 100
	},
	{
		"lng" : 114.142761,
		"lat" : 22.606649,
		"value" : 98
	},
	{
		"lng" : 113.886589,
		"lat" : 22.555304,
		"value" : 98
	},
	{
		"lng" : 113.877432,
		"lat" : 22.583286,
		"value" : 94
	},
	{
		"lng" : 114.073972,
		"lat" : 22.521799,
		"value" : 94
	},
	{
		"lng" : 113.938604,
		"lat" : 22.493353,
		"value" : 93
	},
	{
		"lng" : 113.996651,
		"lat" : 22.532406,
		"value" : 93
	},
	{
		"lng" : 114.048622,
		"lat" : 22.636181,
		"value" : 90
	},
	{
		"lng" : 114.042579,
		"lat" : 22.520798,
		"value" : 89
	},
	{
		"lng" : 114.096273,
		"lat" : 22.549126,
		"value" : 89
	},
	{
		"lng" : 113.894625,
		"lat" : 22.547468,
		"value" : 88
	},
	{
		"lng" : 114.104497,
		"lat" : 22.556288,
		"value" : 88
	},
	{
		"lng" : 114.067017,
		"lat" : 22.63615,
		"value" : 86
	},
	{
		"lng" : 113.933769,
		"lat" : 22.679228,
		"value" : 86
	},
	{
		"lng" : 114.110662,
		"lat" : 22.614833,
		"value" : 85
	},
	{
		"lng" : 114.067778,
		"lat" : 22.568458,
		"value" : 84
	},
	{
		"lng" : 114.065941,
		"lat" : 22.650707,
		"value" : 84
	},
	{
		"lng" : 114.147644,
		"lat" : 22.61989,
		"value" : 83
	},
	{
		"lng" : 113.993727,
		"lat" : 22.556537,
		"value" : 83
	},
	{
		"lng" : 114.009415,
		"lat" : 22.677513,
		"value" : 83
	},
	{
		"lng" : 113.885086,
		"lat" : 22.576393,
		"value" : 82
	},
	{
		"lng" : 114.038514,
		"lat" : 22.560759,
		"value" : 81
	},
	{
		"lng" : 114.042572,
		"lat" : 22.563034,
		"value" : 81
	},
	{
		"lng" : 114.133713,
		"lat" : 22.558325,
		"value" : 79
	},
	{
		"lng" : 114.070084,
		"lat" : 22.535173,
		"value" : 79
	},
	{
		"lng" : 114.042583,
		"lat" : 22.613214,
		"value" : 79
	},
	{
		"lng" : 114.077461,
		"lat" : 22.651884,
		"value" : 79
	},
	{
		"lng" : 114.137077,
		"lat" : 22.607908,
		"value" : 78
	},
	{
		"lng" : 114.125923,
		"lat" : 22.593889,
		"value" : 78
	},
	{
		"lng" : 113.976463,
		"lat" : 22.53754,
		"value" : 78
	},
	{
		"lng" : 113.967048,
		"lat" : 22.539604,
		"value" : 76
	},
	{
		"lng" : 113.985397,
		"lat" : 22.558538,
		"value" : 75
	},
	{
		"lng" : 114.107544,
		"lat" : 22.626905,
		"value" : 75
	},
	{
		"lng" : 114.130293,
		"lat" : 22.606997,
		"value" : 74
	},
	{
		"lng" : 114.031006,
		"lat" : 22.669508,
		"value" : 74
	},
	{
		"lng" : 113.913956,
		"lat" : 22.519922,
		"value" : 74
	},
	{
		"lng" : 114.133469,
		"lat" : 22.545555,
		"value" : 73
	},
	{
		"lng" : 114.098869,
		"lat" : 22.565142,
		"value" : 73
	},
	{
		"lng" : 114.104828,
		"lat" : 22.603825,
		"value" : 73
	},
	{
		"lng" : 114.048035,
		"lat" : 22.517704,
		"value" : 72
	},
	{
		"lng" : 113.946195,
		"lat" : 22.527019,
		"value" : 72
	},
	{
		"lng" : 113.976463,
		"lat" : 22.53754,
		"value" : 72
	},
	{
		"lng" : 114.047615,
		"lat" : 22.519321,
		"value" : 72
	},
	{
		"lng" : 114.121788,
		"lat" : 22.556147,
		"value" : 72
	},
	{
		"lng" : 114.060783,
		"lat" : 22.624311,
		"value" : 71
	},
	{
		"lng" : 114.113159,
		"lat" : 22.613758,
		"value" : 71
	},
	{
		"lng" : 114.060616,
		"lat" : 22.632418,
		"value" : 71
	},
	{
		"lng" : 114.054169,
		"lat" : 22.523005,
		"value" : 71
	},
	{
		"lng" : 114.03257,
		"lat" : 22.621845,
		"value" : 71
	},
	{
		"lng" : 114.117393,
		"lat" : 22.583862,
		"value" : 71
	},
	{
		"lng" : 114.012428,
		"lat" : 22.673975,
		"value" : 71
	},
	{
		"lng" : 114.169128,
		"lat" : 22.559774,
		"value" : 71
	},
	{
		"lng" : 114.068161,
		"lat" : 22.534035,
		"value" : 71
	},
	{
		"lng" : 114.112099,
		"lat" : 22.587904,
		"value" : 70
	},
	{
		"lng" : 113.881584,
		"lat" : 22.579184,
		"value" : 70
	},
	{
		"lng" : 114.057241,
		"lat" : 22.53815,
		"value" : 70
	},
	{
		"lng" : 114.117378,
		"lat" : 22.583912,
		"value" : 70
	},
	{
		"lng" : 114.123421,
		"lat" : 22.550236,
		"value" : 70
	},
	{
		"lng" : 114.112846,
		"lat" : 22.565283,
		"value" : 69
	},
	{
		"lng" : 114.030708,
		"lat" : 22.604084,
		"value" : 69
	},
	{
		"lng" : 114.138268,
		"lat" : 22.614267,
		"value" : 69
	}
]
