[
	{
		"lng" : 114.037033,
		"lat" : 22.665243,
		"value" : 1737
	},
	{
		"lng" : 113.899146,
		"lat" : 22.563762,
		"value" : 1691
	},
	{
		"lng" : 114.060681,
		"lat" : 22.626833,
		"value" : 1483
	},
	{
		"lng" : 114.116746,
		"lat" : 22.560244,
		"value" : 1476
	},
	{
		"lng" : 114.123749,
		"lat" : 22.617382,
		"value" : 1418
	},
	{
		"lng" : 113.846792,
		"lat" : 22.601363,
		"value" : 1289
	},
	{
		"lng" : 114.147644,
		"lat" : 22.61989,
		"value" : 1286
	},
	{
		"lng" : 114.030946,
		"lat" : 22.671135,
		"value" : 1109
	},
	{
		"lng" : 114.04085,
		"lat" : 22.617545,
		"value" : 1104
	},
	{
		"lng" : 114.069273,
		"lat" : 22.515737,
		"value" : 1093
	},
	{
		"lng" : 114.030946,
		"lat" : 22.671135,
		"value" : 1085
	},
	{
		"lng" : 114.042431,
		"lat" : 22.601505,
		"value" : 1055
	},
	{
		"lng" : 114.029113,
		"lat" : 22.609725,
		"value" : 1018
	},
	{
		"lng" : 113.968773,
		"lat" : 22.53944,
		"value" : 1009
	},
	{
		"lng" : 114.113825,
		"lat" : 22.608053,
		"value" : 869
	},
	{
		"lng" : 114.208994,
		"lat" : 22.648442,
		"value" : 864
	},
	{
		"lng" : 113.915072,
		"lat" : 22.532232,
		"value" : 839
	},
	{
		"lng" : 114.110662,
		"lat" : 22.614833,
		"value" : 798
	},
	{
		"lng" : 114.110773,
		"lat" : 22.613581,
		"value" : 792
	},
	{
		"lng" : 114.065915,
		"lat" : 22.523226,
		"value" : 759
	},
	{
		"lng" : 113.912877,
		"lat" : 22.542716,
		"value" : 748
	},
	{
		"lng" : 114.028282,
		"lat" : 22.529348,
		"value" : 718
	},
	{
		"lng" : 113.954396,
		"lat" : 22.580677,
		"value" : 713
	},
	{
		"lng" : 114.079975,
		"lat" : 22.626777,
		"value" : 697
	},
	{
		"lng" : 114.277422,
		"lat" : 22.728806,
		"value" : 680
	},
	{
		"lng" : 113.882703,
		"lat" : 22.577428,
		"value" : 667
	},
	{
		"lng" : 114.042579,
		"lat" : 22.520798,
		"value" : 641
	},
	{
		"lng" : 113.904158,
		"lat" : 22.568964,
		"value" : 636
	},
	{
		"lng" : 114.043343,
		"lat" : 22.553419,
		"value" : 634
	},
	{
		"lng" : 114.1165,
		"lat" : 22.584447,
		"value" : 625
	},
	{
		"lng" : 114.053191,
		"lat" : 22.624917,
		"value" : 608
	},
	{
		"lng" : 113.893232,
		"lat" : 22.55969,
		"value" : 604
	},
	{
		"lng" : 114.050385,
		"lat" : 22.594336,
		"value" : 595
	},
	{
		"lng" : 114.107811,
		"lat" : 22.5418,
		"value" : 577
	},
	{
		"lng" : 113.974216,
		"lat" : 22.5369,
		"value" : 572
	},
	{
		"lng" : 114.192725,
		"lat" : 22.639179,
		"value" : 566
	},
	{
		"lng" : 114.063591,
		"lat" : 22.547375,
		"value" : 553
	},
	{
		"lng" : 114.012808,
		"lat" : 22.637134,
		"value" : 539
	},
	{
		"lng" : 113.809759,
		"lat" : 22.732605,
		"value" : 531
	},
	{
		"lng" : 114.053616,
		"lat" : 22.523708,
		"value" : 526
	},
	{
		"lng" : 114.234423,
		"lat" : 22.697495,
		"value" : 523
	},
	{
		"lng" : 114.12702,
		"lat" : 22.604577,
		"value" : 517
	},
	{
		"lng" : 114.142136,
		"lat" : 22.54862,
		"value" : 516
	},
	{
		"lng" : 113.856093,
		"lat" : 22.575073,
		"value" : 490
	},
	{
		"lng" : 113.811001,
		"lat" : 22.688133,
		"value" : 488
	},
	{
		"lng" : 113.82758,
		"lat" : 22.671302,
		"value" : 481
	},
	{
		"lng" : 114.122664,
		"lat" : 22.549238,
		"value" : 473
	},
	{
		"lng" : 113.851562,
		"lat" : 22.770126,
		"value" : 465
	},
	{
		"lng" : 114.180646,
		"lat" : 22.634322,
		"value" : 464
	},
	{
		"lng" : 114.05944,
		"lat" : 22.570462,
		"value" : 463
	},
	{
		"lng" : 113.910585,
		"lat" : 22.574543,
		"value" : 450
	},
	{
		"lng" : 113.835449,
		"lat" : 22.628835,
		"value" : 441
	},
	{
		"lng" : 114.138045,
		"lat" : 22.580986,
		"value" : 438
	},
	{
		"lng" : 114.125437,
		"lat" : 22.544287,
		"value" : 437
	},
	{
		"lng" : 114.083598,
		"lat" : 22.531374,
		"value" : 429
	},
	{
		"lng" : 113.924857,
		"lat" : 22.532357,
		"value" : 418
	},
	{
		"lng" : 114.129883,
		"lat" : 22.556188,
		"value" : 401
	},
	{
		"lng" : 114.272293,
		"lat" : 22.700365,
		"value" : 397
	},
	{
		"lng" : 113.903079,
		"lat" : 22.532005,
		"value" : 389
	},
	{
		"lng" : 114.265531,
		"lat" : 22.721967,
		"value" : 386
	},
	{
		"lng" : 113.931149,
		"lat" : 22.486325,
		"value" : 385
	},
	{
		"lng" : 114.041768,
		"lat" : 22.565672,
		"value" : 382
	},
	{
		"lng" : 114.013917,
		"lat" : 22.533357,
		"value" : 368
	},
	{
		"lng" : 114.023465,
		"lat" : 22.621886,
		"value" : 358
	},
	{
		"lng" : 114.116746,
		"lat" : 22.560244,
		"value" : 355
	},
	{
		"lng" : 114.252541,
		"lat" : 22.718138,
		"value" : 351
	},
	{
		"lng" : 114.137018,
		"lat" : 22.572496,
		"value" : 347
	},
	{
		"lng" : 114.050987,
		"lat" : 22.516287,
		"value" : 344
	},
	{
		"lng" : 113.823677,
		"lat" : 22.646675,
		"value" : 339
	},
	{
		"lng" : 113.817039,
		"lat" : 22.713516,
		"value" : 339
	},
	{
		"lng" : 114.105337,
		"lat" : 22.622046,
		"value" : 336
	},
	{
		"lng" : 114.218042,
		"lat" : 22.658995,
		"value" : 331
	},
	{
		"lng" : 113.931847,
		"lat" : 22.533911,
		"value" : 324
	},
	{
		"lng" : 113.965307,
		"lat" : 22.581946,
		"value" : 323
	},
	{
		"lng" : 113.880641,
		"lat" : 22.560741,
		"value" : 319
	},
	{
		"lng" : 114.116939,
		"lat" : 22.544232,
		"value" : 309
	},
	{
		"lng" : 114.097634,
		"lat" : 22.567804,
		"value" : 309
	},
	{
		"lng" : 114.085133,
		"lat" : 22.540459,
		"value" : 306
	},
	{
		"lng" : 114.140115,
		"lat" : 22.555856,
		"value" : 306
	},
	{
		"lng" : 114.15461,
		"lat" : 22.605537,
		"value" : 305
	},
	{
		"lng" : 114.094946,
		"lat" : 22.540618,
		"value" : 305
	},
	{
		"lng" : 113.919013,
		"lat" : 22.581822,
		"value" : 295
	},
	{
		"lng" : 114.1185,
		"lat" : 22.600864,
		"value" : 290
	},
	{
		"lng" : 114.118909,
		"lat" : 22.53968,
		"value" : 290
	},
	{
		"lng" : 113.908073,
		"lat" : 22.749704,
		"value" : 288
	},
	{
		"lng" : 113.960559,
		"lat" : 22.56827,
		"value" : 284
	},
	{
		"lng" : 114.059402,
		"lat" : 22.560538,
		"value" : 283
	},
	{
		"lng" : 114.037934,
		"lat" : 22.561028,
		"value" : 281
	},
	{
		"lng" : 114.104584,
		"lat" : 22.54838,
		"value" : 276
	},
	{
		"lng" : 114.148765,
		"lat" : 22.547688,
		"value" : 272
	},
	{
		"lng" : 113.981962,
		"lat" : 22.5599,
		"value" : 258
	},
	{
		"lng" : 114.038514,
		"lat" : 22.560759,
		"value" : 236
	},
	{
		"lng" : 114.22431,
		"lat" : 22.673079,
		"value" : 230
	},
	{
		"lng" : 114.244318,
		"lat" : 22.709488,
		"value" : 230
	},
	{
		"lng" : 114.13038,
		"lat" : 22.595442,
		"value" : 229
	},
	{
		"lng" : 113.813663,
		"lat" : 22.624026,
		"value" : 225
	},
	{
		"lng" : 114.130052,
		"lat" : 22.56728,
		"value" : 222
	},
	{
		"lng" : 114.03894,
		"lat" : 22.623993,
		"value" : 220
	},
	{
		"lng" : 113.999666,
		"lat" : 22.590097,
		"value" : 216
	},
	{
		"lng" : 114.086654,
		"lat" : 22.548981,
		"value" : 210
	},
	{
		"lng" : 114.151367,
		"lat" : 22.606894,
		"value" : 206
	},
	{
		"lng" : 113.826874,
		"lat" : 22.752625,
		"value" : 202
	},
	{
		"lng" : 113.937602,
		"lat" : 22.509146,
		"value" : 200
	},
	{
		"lng" : 114.02583,
		"lat" : 22.536247,
		"value" : 199
	},
	{
		"lng" : 113.943543,
		"lat" : 22.580534,
		"value" : 195
	},
	{
		"lng" : 113.996651,
		"lat" : 22.532406,
		"value" : 194
	},
	{
		"lng" : 113.998846,
		"lat" : 22.546456,
		"value" : 193
	},
	{
		"lng" : 113.924844,
		"lat" : 22.485098,
		"value" : 193
	},
	{
		"lng" : 114.104315,
		"lat" : 22.56203,
		"value" : 190
	},
	{
		"lng" : 113.937715,
		"lat" : 22.500409,
		"value" : 190
	},
	{
		"lng" : 114.228163,
		"lat" : 22.68572,
		"value" : 189
	},
	{
		"lng" : 113.953842,
		"lat" : 22.540236,
		"value" : 185
	},
	{
		"lng" : 114.045677,
		"lat" : 22.607674,
		"value" : 185
	},
	{
		"lng" : 114.067829,
		"lat" : 22.548646,
		"value" : 181
	},
	{
		"lng" : 113.899146,
		"lat" : 22.563762,
		"value" : 181
	},
	{
		"lng" : 114.06924,
		"lat" : 22.540937,
		"value" : 180
	},
	{
		"lng" : 114.096273,
		"lat" : 22.549126,
		"value" : 180
	},
	{
		"lng" : 114.038002,
		"lat" : 22.626453,
		"value" : 180
	},
	{
		"lng" : 113.819959,
		"lat" : 22.784486,
		"value" : 180
	},
	{
		"lng" : 113.886589,
		"lat" : 22.555304,
		"value" : 175
	},
	{
		"lng" : 113.942498,
		"lat" : 22.518422,
		"value" : 174
	},
	{
		"lng" : 113.894625,
		"lat" : 22.547468,
		"value" : 173
	},
	{
		"lng" : 114.116241,
		"lat" : 22.605694,
		"value" : 173
	},
	{
		"lng" : 114.140495,
		"lat" : 22.616913,
		"value" : 172
	},
	{
		"lng" : 114.014378,
		"lat" : 22.549784,
		"value" : 171
	},
	{
		"lng" : 114.116425,
		"lat" : 22.594116,
		"value" : 165
	},
	{
		"lng" : 114.114807,
		"lat" : 22.607426,
		"value" : 165
	},
	{
		"lng" : 114.067778,
		"lat" : 22.568458,
		"value" : 161
	},
	{
		"lng" : 114.124974,
		"lat" : 22.573988,
		"value" : 160
	},
	{
		"lng" : 114.061485,
		"lat" : 22.633875,
		"value" : 157
	},
	{
		"lng" : 113.967048,
		"lat" : 22.539604,
		"value" : 156
	},
	{
		"lng" : 114.040543,
		"lat" : 22.619036,
		"value" : 155
	},
	{
		"lng" : 114.052948,
		"lat" : 22.53632,
		"value" : 146
	},
	{
		"lng" : 113.938604,
		"lat" : 22.493353,
		"value" : 144
	},
	{
		"lng" : 114.018135,
		"lat" : 22.540411,
		"value" : 143
	},
	{
		"lng" : 114.112029,
		"lat" : 22.609868,
		"value" : 143
	},
	{
		"lng" : 114.06086,
		"lat" : 22.619375,
		"value" : 143
	},
	{
		"lng" : 114.057241,
		"lat" : 22.53815,
		"value" : 140
	},
	{
		"lng" : 113.993727,
		"lat" : 22.556537,
		"value" : 138
	},
	{
		"lng" : 114.042583,
		"lat" : 22.613214,
		"value" : 136
	},
	{
		"lng" : 114.142761,
		"lat" : 22.606649,
		"value" : 133
	},
	{
		"lng" : 114.104497,
		"lat" : 22.556288,
		"value" : 133
	},
	{
		"lng" : 114.067017,
		"lat" : 22.63615,
		"value" : 131
	},
	{
		"lng" : 113.920128,
		"lat" : 22.64776,
		"value" : 129
	},
	{
		"lng" : 114.110662,
		"lat" : 22.614833,
		"value" : 127
	},
	{
		"lng" : 114.065941,
		"lat" : 22.650707,
		"value" : 125
	},
	{
		"lng" : 114.073972,
		"lat" : 22.521799,
		"value" : 125
	},
	{
		"lng" : 113.946195,
		"lat" : 22.527019,
		"value" : 125
	},
	{
		"lng" : 114.140668,
		"lat" : 22.605614,
		"value" : 125
	},
	{
		"lng" : 114.032716,
		"lat" : 22.55386,
		"value" : 124
	},
	{
		"lng" : 114.118698,
		"lat" : 22.532539,
		"value" : 124
	},
	{
		"lng" : 114.133713,
		"lat" : 22.558325,
		"value" : 121
	},
	{
		"lng" : 114.041084,
		"lat" : 22.616905,
		"value" : 120
	},
	{
		"lng" : 113.922829,
		"lat" : 22.644144,
		"value" : 119
	},
	{
		"lng" : 114.048622,
		"lat" : 22.636181,
		"value" : 118
	},
	{
		"lng" : 114.111389,
		"lat" : 22.626827,
		"value" : 116
	},
	{
		"lng" : 113.985369,
		"lat" : 22.533489,
		"value" : 114
	},
	{
		"lng" : 114.08728,
		"lat" : 22.555843,
		"value" : 114
	},
	{
		"lng" : 114.06017,
		"lat" : 22.548627,
		"value" : 112
	},
	{
		"lng" : 114.103325,
		"lat" : 22.62775,
		"value" : 112
	},
	{
		"lng" : 114.061101,
		"lat" : 22.534769,
		"value" : 112
	},
	{
		"lng" : 114.060783,
		"lat" : 22.624311,
		"value" : 111
	},
	{
		"lng" : 114.060997,
		"lat" : 22.613953,
		"value" : 111
	},
	{
		"lng" : 114.03727,
		"lat" : 22.629015,
		"value" : 109
	},
	{
		"lng" : 113.974687,
		"lat" : 22.56401,
		"value" : 108
	},
	{
		"lng" : 113.954311,
		"lat" : 22.574138,
		"value" : 106
	},
	{
		"lng" : 113.985397,
		"lat" : 22.558538,
		"value" : 106
	},
	{
		"lng" : 114.04393,
		"lat" : 22.520126,
		"value" : 104
	},
	{
		"lng" : 114.086825,
		"lat" : 22.537214,
		"value" : 103
	},
	{
		"lng" : 114.147644,
		"lat" : 22.61989,
		"value" : 102
	},
	{
		"lng" : 114.031006,
		"lat" : 22.669508,
		"value" : 100
	},
	{
		"lng" : 114.104828,
		"lat" : 22.603825,
		"value" : 100
	},
	{
		"lng" : 114.039683,
		"lat" : 22.545356,
		"value" : 98
	},
	{
		"lng" : 114.023851,
		"lat" : 22.552772,
		"value" : 98
	},
	{
		"lng" : 114.116746,
		"lat" : 22.560244,
		"value" : 97
	},
	{
		"lng" : 114.095079,
		"lat" : 22.56194,
		"value" : 97
	},
	{
		"lng" : 114.105337,
		"lat" : 22.622046,
		"value" : 96
	},
	{
		"lng" : 114.1633,
		"lat" : 22.609125,
		"value" : 95
	},
	{
		"lng" : 113.965648,
		"lat" : 22.593567,
		"value" : 95
	},
	{
		"lng" : 114.050034,
		"lat" : 22.546668,
		"value" : 95
	},
	{
		"lng" : 114.159805,
		"lat" : 22.557956,
		"value" : 94
	},
	{
		"lng" : 114.205467,
		"lat" : 22.645464,
		"value" : 93
	},
	{
		"lng" : 114.029442,
		"lat" : 22.531799,
		"value" : 92
	},
	{
		"lng" : 114.117393,
		"lat" : 22.583862,
		"value" : 92
	},
	{
		"lng" : 114.077461,
		"lat" : 22.651884,
		"value" : 91
	},
	{
		"lng" : 114.03257,
		"lat" : 22.621845,
		"value" : 90
	},
	{
		"lng" : 113.932091,
		"lat" : 22.677353,
		"value" : 89
	},
	{
		"lng" : 114.169128,
		"lat" : 22.559774,
		"value" : 89
	},
	{
		"lng" : 113.913956,
		"lat" : 22.519922,
		"value" : 89
	},
	{
		"lng" : 114.038514,
		"lat" : 22.560759,
		"value" : 89
	},
	{
		"lng" : 114.038637,
		"lat" : 22.538887,
		"value" : 89
	},
	{
		"lng" : 114.042579,
		"lat" : 22.520798,
		"value" : 89
	},
	{
		"lng" : 114.130293,
		"lat" : 22.606997,
		"value" : 89
	},
	{
		"lng" : 114.012428,
		"lat" : 22.673975,
		"value" : 86
	},
	{
		"lng" : 113.869652,
		"lat" : 22.579081,
		"value" : 85
	},
	{
		"lng" : 113.976463,
		"lat" : 22.53754,
		"value" : 85
	},
	{
		"lng" : 114.294334,
		"lat" : 22.72253,
		"value" : 84
	},
	{
		"lng" : 114.137077,
		"lat" : 22.607908,
		"value" : 84
	},
	{
		"lng" : 113.968432,
		"lat" : 22.525142,
		"value" : 83
	},
	{
		"lng" : 114.223434,
		"lat" : 22.624306,
		"value" : 83
	}
]
