[
	{
		"abroad_site" : "深圳北站",
		"alight_site" : "少年宫站",
		"ab_lng" : 114.029113,
		"ab_lat" : 22.609725,
		"al_lng" : 114.06017,
		"al_lat" : 22.548627,
		"cnt" : 3024
	},
	{
		"abroad_site" : "清湖站",
		"alight_site" : "卓越后海中心",
		"ab_lng" : 114.037033,
		"ab_lat" : 22.665243,
		"al_lng" : 113.94265,
		"al_lat" : 22.518494,
		"cnt" : 2127
	},
	{
		"abroad_site" : "五和站",
		"alight_site" : "布心站",
		"ab_lng" : 114.060681,
		"ab_lat" : 22.626833,
		"al_lng" : 114.138045,
		"al_lat" : 22.580986,
		"cnt" : 2017
	},
	{
		"abroad_site" : "坪洲站",
		"alight_site" : "后瑞站",
		"ab_lng" : 113.899146,
		"ab_lat" : 22.563762,
		"al_lng" : 113.835449,
		"al_lat" : 22.628835,
		"cnt" : 1727
	},
	{
		"abroad_site" : "布吉站",
		"alight_site" : "双龙站",
		"ab_lng" : 114.123749,
		"ab_lat" : 22.617382,
		"al_lng" : 114.277422,
		"al_lat" : 22.728806,
		"cnt" : 1672
	},
	{
		"abroad_site" : "罗湖站",
		"alight_site" : "科学馆站",
		"ab_lng" : 114.116746,
		"ab_lat" : 22.560244,
		"al_lng" : 114.094946,
		"al_lat" : 22.540618,
		"cnt" : 1588
	},
	{
		"abroad_site" : "固戍站",
		"alight_site" : "西乡站",
		"ab_lng" : 113.846792,
		"ab_lat" : 22.601363,
		"al_lng" : 113.882703,
		"al_lat" : 22.577428,
		"cnt" : 1463
	},
	{
		"abroad_site" : "龙华站",
		"alight_site" : "少年宫站",
		"ab_lng" : 114.030946,
		"ab_lat" : 22.671135,
		"al_lng" : 114.06017,
		"al_lat" : 22.548627,
		"cnt" : 1448
	},
	{
		"abroad_site" : "丹竹头站",
		"alight_site" : "深圳北站",
		"ab_lng" : 114.147644,
		"ab_lat" : 22.61989,
		"al_lng" : 114.029113,
		"al_lat" : 22.609725,
		"cnt" : 1344
	},
	{
		"abroad_site" : "民治站",
		"alight_site" : "百鸽笼站",
		"ab_lng" : 114.04085,
		"ab_lat" : 22.617545,
		"al_lng" : 114.13038,
		"al_lat" : 22.595442,
		"cnt" : 1315
	},
	{
		"abroad_site" : "福田口岸站",
		"alight_site" : "老街站",
		"ab_lng" : 114.069273,
		"ab_lat" : 22.515737,
		"al_lng" : 114.116939,
		"al_lat" : 22.544232,
		"cnt" : 1235
	},
	{
		"abroad_site" : "龙胜站",
		"alight_site" : "国贸站",
		"ab_lng" : 114.030946,
		"ab_lat" : 22.671135,
		"al_lng" : 114.118909,
		"al_lat" : 22.53968,
		"cnt" : 1119
	},
	{
		"abroad_site" : "白石龙站",
		"alight_site" : "华新站",
		"ab_lng" : 114.042431,
		"ab_lat" : 22.601505,
		"al_lng" : 114.086654,
		"al_lat" : 22.548981,
		"cnt" : 1072
	},
	{
		"abroad_site" : "福民站",
		"alight_site" : "竹子林站",
		"ab_lng" : 114.065915,
		"ab_lat" : 22.523226,
		"al_lng" : 114.013917,
		"al_lat" : 22.533357,
		"cnt" : 1050
	},
	{
		"abroad_site" : "西丽站",
		"alight_site" : "宝体站",
		"ab_lng" : 113.954396,
		"ab_lat" : 22.580677,
		"al_lng" : 113.880641,
		"al_lat" : 22.560741,
		"cnt" : 1031
	},
	{
		"abroad_site" : "横岗站",
		"alight_site" : "西丽湖站",
		"ab_lng" : 114.208994,
		"ab_lat" : 22.648442,
		"al_lng" : 113.965648,
		"al_lat" : 22.593567,
		"cnt" : 935
	},
	{
		"abroad_site" : "白石洲站",
		"alight_site" : "深圳大学站",
		"ab_lng" : 113.968773,
		"ab_lat" : 22.53944,
		"al_lng" : 113.931847,
		"al_lat" : 22.533911,
		"cnt" : 899
	},
	{
		"abroad_site" : "大新站",
		"alight_site" : "世界之窗站",
		"ab_lng" : 113.915072,
		"ab_lat" : 22.532232,
		"al_lng" : 113.974216,
		"al_lat" : 22.5369,
		"cnt" : 898
	},
	{
		"abroad_site" : "南山站",
		"alight_site" : "罗湖站",
		"ab_lng" : 113.912877,
		"ab_lat" : 22.542716,
		"al_lng" : 114.116746,
		"al_lat" : 22.560244,
		"cnt" : 852
	},
	{
		"abroad_site" : "大芬站",
		"alight_site" : "石厦站",
		"ab_lng" : 114.110773,
		"ab_lat" : 22.613581,
		"al_lng" : 114.053616,
		"al_lat" : 22.523708,
		"cnt" : 851
	},
	{
		"abroad_site" : "双龙站",
		"alight_site" : "横岗站",
		"ab_lng" : 114.277422,
		"ab_lat" : 22.728806,
		"al_lng" : 114.208994,
		"al_lat" : 22.648442,
		"cnt" : 849
	},
	{
		"abroad_site" : "灵芝站",
		"alight_site" : "太安站",
		"ab_lng" : 113.904158,
		"ab_lat" : 22.568964,
		"al_lng" : 114.137018,
		"al_lat" : 22.572496,
		"cnt" : 847
	},
	{
		"abroad_site" : "景田站",
		"alight_site" : "香梅北站",
		"ab_lng" : 114.043343,
		"ab_lat" : 22.553419,
		"al_lng" : 114.032716,
		"al_lat" : 22.55386,
		"cnt" : 842
	},
	{
		"abroad_site" : "坂田站",
		"alight_site" : "南山站",
		"ab_lng" : 114.053191,
		"ab_lat" : 22.624917,
		"al_lng" : 113.912877,
		"al_lat" : 22.542716,
		"cnt" : 799
	},
	{
		"abroad_site" : "杨美站",
		"alight_site" : "莲花北站",
		"ab_lng" : 114.079975,
		"ab_lat" : 22.626777,
		"al_lng" : 114.059402,
		"al_lat" : 22.560538,
		"cnt" : 783
	},
	{
		"abroad_site" : "桃园站",
		"alight_site" : "后海站",
		"ab_lng" : 113.924857,
		"ab_lat" : 22.532357,
		"al_lng" : 113.942498,
		"al_lat" : 22.518422,
		"cnt" : 761
	},
	{
		"abroad_site" : "机场站",
		"alight_site" : "宝体站",
		"ab_lng" : 113.813663,
		"ab_lat" : 22.624026,
		"al_lng" : 113.880641,
		"al_lat" : 22.560741,
		"cnt" : 757
	},
	{
		"abroad_site" : "西乡站",
		"alight_site" : "朗山路中",
		"ab_lng" : 113.882703,
		"ab_lat" : 22.577428,
		"al_lng" : 113.950584,
		"al_lat" : 22.555811,
		"cnt" : 743
	},
	{
		"abroad_site" : "沙尾站",
		"alight_site" : "横岗站",
		"ab_lng" : 114.042579,
		"ab_lat" : 22.520798,
		"al_lng" : 114.208994,
		"al_lat" : 22.648442,
		"cnt" : 729
	},
	{
		"abroad_site" : "长龙站",
		"alight_site" : "怡景站",
		"ab_lng" : 114.113825,
		"ab_lat" : 22.608053,
		"al_lng" : 114.140115,
		"al_lat" : 22.555856,
		"cnt" : 728
	},
	{
		"abroad_site" : "大剧院站",
		"alight_site" : "黄贝岭站",
		"ab_lng" : 114.107811,
		"ab_lat" : 22.5418,
		"al_lng" : 114.142136,
		"al_lat" : 22.54862,
		"cnt" : 720
	},
	{
		"abroad_site" : "石厦站",
		"alight_site" : "深圳湾公园站",
		"ab_lng" : 114.053616,
		"ab_lat" : 22.523708,
		"al_lng" : 113.993114,
		"al_lat" : 22.521591,
		"cnt" : 717
	},
	{
		"abroad_site" : "沙井站",
		"alight_site" : "龙华站",
		"ab_lng" : 113.809759,
		"ab_lat" : 22.732605,
		"al_lng" : 114.030946,
		"al_lat" : 22.671135,
		"cnt" : 711
	},
	{
		"abroad_site" : "塘坑站",
		"alight_site" : "红岭站",
		"ab_lng" : 114.192725,
		"ab_lat" : 22.639179,
		"al_lng" : 114.104584,
		"al_lat" : 22.54838,
		"cnt" : 699
	},
	{
		"abroad_site" : "福永站",
		"alight_site" : "机场站",
		"ab_lng" : 113.82758,
		"ab_lat" : 22.671302,
		"al_lng" : 113.813663,
		"al_lat" : 22.624026,
		"cnt" : 698
	},
	{
		"abroad_site" : "翻身站",
		"alight_site" : "西乡站",
		"ab_lng" : 113.893232,
		"ab_lat" : 22.55969,
		"al_lng" : 113.882703,
		"al_lat" : 22.577428,
		"cnt" : 696
	},
	{
		"abroad_site" : "上沙站",
		"alight_site" : "黄木岗站",
		"ab_lng" : 114.028282,
		"ab_lat" : 22.529348,
		"al_lng" : 114.08728,
		"al_lat" : 22.555843,
		"cnt" : 690
	},
	{
		"abroad_site" : "下水径站",
		"alight_site" : "深圳北站",
		"ab_lng" : 114.110662,
		"ab_lat" : 22.614833,
		"al_lng" : 114.029113,
		"al_lat" : 22.609725,
		"cnt" : 689
	},
	{
		"abroad_site" : "世界之窗站",
		"alight_site" : "安托山站",
		"ab_lng" : 113.974216,
		"ab_lat" : 22.5369,
		"al_lng" : 114.006236,
		"al_lat" : 22.548785,
		"cnt" : 683
	},
	{
		"abroad_site" : "黄贝岭站",
		"alight_site" : "后亭站",
		"ab_lng" : 114.142136,
		"ab_lat" : 22.54862,
		"al_lng" : 113.826874,
		"al_lat" : 22.752625,
		"cnt" : 663
	},
	{
		"abroad_site" : "松岗站",
		"alight_site" : "南山站",
		"ab_lng" : 113.851562,
		"ab_lat" : 22.770126,
		"al_lng" : 113.912877,
		"al_lat" : 22.542716,
		"cnt" : 661
	},
	{
		"abroad_site" : "岗厦站",
		"alight_site" : "莲花北站",
		"ab_lng" : 114.063591,
		"ab_lat" : 22.547375,
		"al_lng" : 114.059402,
		"al_lat" : 22.560538,
		"cnt" : 648
	},
	{
		"abroad_site" : "翠竹站",
		"alight_site" : "长龙站",
		"ab_lng" : 114.129883,
		"ab_lat" : 22.556188,
		"al_lng" : 114.113825,
		"al_lat" : 22.608053,
		"cnt" : 645
	},
	{
		"abroad_site" : "民乐站",
		"alight_site" : "上梅林站",
		"ab_lng" : 114.050385,
		"ab_lat" : 22.594336,
		"al_lng" : 114.05944,
		"al_lat" : 22.570462,
		"cnt" : 621
	},
	{
		"abroad_site" : "碧海湾站",
		"alight_site" : "深圳湾公园站",
		"ab_lng" : 113.856093,
		"ab_lat" : 22.575073,
		"al_lng" : 113.993114,
		"al_lat" : 22.521591,
		"cnt" : 619
	},
	{
		"abroad_site" : "老街站",
		"alight_site" : "丹竹头站",
		"ab_lng" : 114.116939,
		"ab_lat" : 22.544232,
		"al_lng" : 114.147644,
		"al_lat" : 22.61989,
		"cnt" : 615
	},
	{
		"abroad_site" : "赤尾站",
		"alight_site" : "翠竹站",
		"ab_lng" : 114.083598,
		"ab_lat" : 22.531374,
		"al_lng" : 114.129883,
		"al_lat" : 22.556188,
		"cnt" : 614
	},
	{
		"abroad_site" : "益田站",
		"alight_site" : "深云站",
		"ab_lng" : 114.050987,
		"ab_lat" : 22.516287,
		"al_lng" : 113.993727,
		"al_lat" : 22.556537,
		"cnt" : 603
	},
	{
		"abroad_site" : "后瑞站",
		"alight_site" : "西乡站",
		"ab_lng" : 113.835449,
		"ab_lat" : 22.628835,
		"al_lng" : 113.882703,
		"al_lat" : 22.577428,
		"cnt" : 596
	},
	{
		"abroad_site" : "上梅林站",
		"alight_site" : "上梅林站",
		"ab_lng" : 114.05944,
		"ab_lat" : 22.570462,
		"al_lng" : 114.05944,
		"al_lat" : 22.570462,
		"cnt" : 593
	},
	{
		"abroad_site" : "桥头站",
		"alight_site" : "沙井站",
		"ab_lng" : 113.811001,
		"ab_lat" : 22.688133,
		"al_lng" : 113.809759,
		"al_lat" : 22.732605,
		"cnt" : 586
	},
	{
		"abroad_site" : "木棉湾站",
		"alight_site" : "深圳湾公园站",
		"ab_lng" : 114.12702,
		"ab_lat" : 22.604577,
		"al_lng" : 113.993114,
		"al_lat" : 22.521591,
		"cnt" : 584
	},
	{
		"abroad_site" : "草埔站",
		"alight_site" : "竹子林站",
		"ab_lng" : 114.1165,
		"ab_lat" : 22.584447,
		"al_lng" : 114.013917,
		"al_lat" : 22.533357,
		"cnt" : 558
	},
	{
		"abroad_site" : "布心站",
		"alight_site" : "翠竹站",
		"ab_lng" : 114.138045,
		"ab_lat" : 22.580986,
		"al_lng" : 114.129883,
		"al_lat" : 22.556188,
		"cnt" : 518
	},
	{
		"abroad_site" : "下梅林站",
		"alight_site" : "大剧院站",
		"ab_lng" : 114.041768,
		"ab_lat" : 22.565672,
		"al_lng" : 114.107811,
		"al_lat" : 22.5418,
		"cnt" : 514
	},
	{
		"abroad_site" : "梅景站",
		"alight_site" : "固戍站",
		"ab_lng" : 114.037934,
		"ab_lat" : 22.561028,
		"al_lng" : 113.846792,
		"al_lat" : 22.601363,
		"cnt" : 493
	},
	{
		"abroad_site" : "洪浪北站",
		"alight_site" : "老街站",
		"ab_lng" : 113.910585,
		"ab_lat" : 22.574543,
		"al_lng" : 114.116939,
		"al_lat" : 22.544232,
		"cnt" : 490
	},
	{
		"abroad_site" : "兴东站",
		"alight_site" : "桃园站",
		"ab_lng" : 113.919013,
		"ab_lat" : 22.581822,
		"al_lng" : 113.924857,
		"al_lat" : 22.532357,
		"cnt" : 483
	},
	{
		"abroad_site" : "华强路站",
		"alight_site" : "购物公园站",
		"ab_lng" : 114.085133,
		"ab_lat" : 22.540459,
		"al_lng" : 114.052948,
		"al_lat" : 22.53632,
		"cnt" : 483
	},
	{
		"abroad_site" : "下沙站",
		"alight_site" : "深云站",
		"ab_lng" : 114.272293,
		"ab_lat" : 22.700365,
		"al_lng" : 113.993727,
		"al_lat" : 22.556537,
		"cnt" : 480
	},
	{
		"abroad_site" : "上塘站",
		"alight_site" : "红山站",
		"ab_lng" : 114.012808,
		"ab_lat" : 22.637134,
		"al_lng" : 114.023465,
		"al_lat" : 22.621886,
		"cnt" : 479
	},
	{
		"abroad_site" : "南联站",
		"alight_site" : "翠竹站",
		"ab_lng" : 114.265531,
		"ab_lat" : 22.721967,
		"al_lng" : 114.129883,
		"al_lat" : 22.556188,
		"cnt" : 468
	},
	{
		"abroad_site" : "少年宫站",
		"alight_site" : "莲花北站",
		"ab_lng" : 114.06017,
		"ab_lat" : 22.548627,
		"al_lng" : 114.059402,
		"al_lat" : 22.560538,
		"cnt" : 467
	},
	{
		"abroad_site" : "太安站",
		"alight_site" : "下梅林站",
		"ab_lng" : 114.137018,
		"ab_lat" : 22.572496,
		"al_lng" : 114.041768,
		"al_lat" : 22.565672,
		"cnt" : 460
	},
	{
		"abroad_site" : "红山站",
		"alight_site" : "少年宫站",
		"ab_lng" : 114.023465,
		"ab_lat" : 22.621886,
		"al_lng" : 114.06017,
		"al_lat" : 22.548627,
		"cnt" : 454
	},
	{
		"abroad_site" : "晒布站",
		"alight_site" : "罗湖站",
		"ab_lng" : 114.122664,
		"ab_lat" : 22.549238,
		"al_lng" : 114.116746,
		"al_lat" : 22.560244,
		"cnt" : 454
	},
	{
		"abroad_site" : "爱联站",
		"alight_site" : "怡景站",
		"ab_lng" : 114.234423,
		"ab_lat" : 22.697495,
		"al_lng" : 114.140115,
		"al_lat" : 22.555856,
		"cnt" : 453
	},
	{
		"abroad_site" : "通新岭站",
		"alight_site" : "少年宫站",
		"ab_lng" : 114.096273,
		"ab_lat" : 22.549126,
		"al_lng" : 114.06017,
		"al_lat" : 22.548627,
		"cnt" : 452
	},
	{
		"abroad_site" : "宝体站",
		"alight_site" : "大剧院站",
		"ab_lng" : 113.880641,
		"ab_lat" : 22.560741,
		"al_lng" : 114.107811,
		"al_lat" : 22.5418,
		"cnt" : 433
	},
	{
		"abroad_site" : "车公庙站",
		"alight_site" : "白石洲站",
		"ab_lng" : 114.02583,
		"ab_lat" : 22.536247,
		"al_lng" : 113.968773,
		"al_lat" : 22.53944,
		"cnt" : 431
	},
	{
		"abroad_site" : "龙城广场站",
		"alight_site" : "罗湖体育馆②",
		"ab_lng" : 114.252541,
		"ab_lat" : 22.718138,
		"al_lng" : 114.150818,
		"al_lat" : 22.552578,
		"cnt" : 431
	},
	{
		"abroad_site" : "六约站",
		"alight_site" : "丹竹头站",
		"ab_lng" : 114.180646,
		"ab_lat" : 22.634322,
		"al_lng" : 114.147644,
		"al_lat" : 22.61989,
		"cnt" : 422
	},
	{
		"abroad_site" : "国贸站",
		"alight_site" : "侨城东站",
		"ab_lng" : 114.118909,
		"ab_lat" : 22.53968,
		"al_lng" : 113.996651,
		"al_lat" : 22.532406,
		"cnt" : 417
	},
	{
		"abroad_site" : "珠光站",
		"alight_site" : "民治站",
		"ab_lng" : 113.960559,
		"ab_lat" : 22.56827,
		"al_lng" : 114.04085,
		"al_lat" : 22.617545,
		"cnt" : 410
	},
	{
		"abroad_site" : "笋岗站",
		"alight_site" : "福田口岸站",
		"ab_lng" : 114.116746,
		"ab_lat" : 22.560244,
		"al_lng" : 114.069273,
		"al_lat" : 22.515737,
		"cnt" : 403
	},
	{
		"abroad_site" : "东角头站",
		"alight_site" : "后海滨路口",
		"ab_lng" : 113.931149,
		"ab_lat" : 22.486325,
		"al_lng" : 113.939339,
		"al_lat" : 22.504848,
		"cnt" : 400
	},
	{
		"abroad_site" : "科学馆站",
		"alight_site" : "洪湖站",
		"ab_lng" : 114.094946,
		"ab_lat" : 22.540618,
		"al_lng" : 114.116746,
		"al_lat" : 22.560244,
		"cnt" : 399
	},
	{
		"abroad_site" : "莲花北站",
		"alight_site" : "少年宫站",
		"ab_lng" : 114.059402,
		"ab_lat" : 22.560538,
		"al_lng" : 114.06017,
		"al_lat" : 22.548627,
		"cnt" : 391
	},
	{
		"abroad_site" : "机场东站",
		"alight_site" : "华强路站",
		"ab_lng" : 113.823677,
		"ab_lat" : 22.646675,
		"al_lng" : 114.085133,
		"al_lat" : 22.540459,
		"cnt" : 390
	},
	{
		"abroad_site" : "桃源村站",
		"alight_site" : "莲花西站",
		"ab_lng" : 113.981962,
		"ab_lat" : 22.5599,
		"al_lng" : 114.050034,
		"al_lat" : 22.546668,
		"cnt" : 386
	},
	{
		"abroad_site" : "田贝站",
		"alight_site" : "老街站",
		"ab_lng" : 114.130052,
		"ab_lat" : 22.56728,
		"al_lng" : 114.116939,
		"al_lat" : 22.544232,
		"cnt" : 384
	},
	{
		"abroad_site" : "大学城站",
		"alight_site" : "新城市花园",
		"ab_lng" : 113.965307,
		"ab_lat" : 22.581946,
		"al_lng" : 114.021156,
		"al_lat" : 22.664007,
		"cnt" : 383
	},
	{
		"abroad_site" : "红岭站",
		"alight_site" : "深圳湾公园站",
		"ab_lng" : 114.104584,
		"ab_lat" : 22.54838,
		"al_lng" : 113.993114,
		"al_lat" : 22.521591,
		"cnt" : 382
	},
	{
		"abroad_site" : "塘尾站",
		"alight_site" : "龙华市场",
		"ab_lng" : 113.908073,
		"ab_lat" : 22.749704,
		"al_lng" : 114.017815,
		"al_lat" : 22.65918,
		"cnt" : 381
	},
	{
		"abroad_site" : "泥岗站",
		"alight_site" : "侨城东站",
		"ab_lng" : 114.097634,
		"ab_lat" : 22.567804,
		"al_lng" : 113.996651,
		"al_lat" : 22.532406,
		"cnt" : 381
	},
	{
		"abroad_site" : "荷坳站",
		"alight_site" : "大新站",
		"ab_lng" : 114.22431,
		"ab_lat" : 22.673079,
		"al_lng" : 113.915072,
		"al_lat" : 22.532232,
		"cnt" : 380
	},
	{
		"abroad_site" : "吉祥站",
		"alight_site" : "世界之窗站",
		"ab_lng" : 114.244318,
		"ab_lat" : 22.709488,
		"al_lng" : 113.974216,
		"al_lat" : 22.5369,
		"cnt" : 368
	},
	{
		"abroad_site" : "鲤鱼门站",
		"alight_site" : "荔香公园",
		"ab_lng" : 113.903079,
		"ab_lat" : 22.532005,
		"al_lng" : 113.927475,
		"al_lat" : 22.540144,
		"cnt" : 367
	},
	{
		"abroad_site" : "湖贝站",
		"alight_site" : "怡景站",
		"ab_lng" : 114.125437,
		"ab_lat" : 22.544287,
		"al_lng" : 114.140115,
		"al_lat" : 22.555856,
		"cnt" : 362
	},
	{
		"abroad_site" : "深圳大学站",
		"alight_site" : "塘尾站",
		"ab_lng" : 113.931847,
		"ab_lat" : 22.533911,
		"al_lng" : 113.908073,
		"al_lat" : 22.749704,
		"cnt" : 362
	},
	{
		"abroad_site" : "马鞍山站",
		"alight_site" : "沙井站",
		"ab_lng" : 113.817039,
		"ab_lat" : 22.713516,
		"al_lng" : 113.809759,
		"al_lat" : 22.732605,
		"cnt" : 350
	},
	{
		"abroad_site" : "华新站",
		"alight_site" : "晒布站",
		"ab_lng" : 114.086654,
		"ab_lat" : 22.548981,
		"al_lng" : 114.122664,
		"al_lat" : 22.549238,
		"cnt" : 348
	},
	{
		"abroad_site" : "怡景站",
		"alight_site" : "太安站",
		"ab_lng" : 114.140115,
		"ab_lat" : 22.555856,
		"al_lng" : 114.137018,
		"al_lat" : 22.572496,
		"cnt" : 347
	},
	{
		"abroad_site" : "高新园站",
		"alight_site" : "科学馆站",
		"ab_lng" : 113.953842,
		"ab_lat" : 22.540236,
		"al_lng" : 114.094946,
		"al_lat" : 22.540618,
		"cnt" : 338
	},
	{
		"abroad_site" : "大运站",
		"alight_site" : "会展中心站",
		"ab_lng" : 114.228163,
		"ab_lat" : 22.68572,
		"al_lng" : 114.061101,
		"al_lat" : 22.534769,
		"cnt" : 328
	},
	{
		"abroad_site" : "后亭站",
		"alight_site" : "福田站",
		"ab_lng" : 113.826874,
		"ab_lat" : 22.752625,
		"al_lng" : 114.057241,
		"al_lat" : 22.53815,
		"cnt" : 321
	},
	{
		"abroad_site" : "百鸽笼站",
		"alight_site" : "黄木岗站",
		"ab_lng" : 114.13038,
		"ab_lat" : 22.595442,
		"al_lng" : 114.08728,
		"al_lat" : 22.555843,
		"cnt" : 318
	},
	{
		"abroad_site" : "塘朗站",
		"alight_site" : "杨美站",
		"ab_lng" : 113.999666,
		"ab_lat" : 22.590097,
		"al_lng" : 114.079975,
		"al_lat" : 22.626777,
		"cnt" : 308
	},
	{
		"abroad_site" : "竹子林站",
		"alight_site" : "岗厦站",
		"ab_lng" : 114.013917,
		"ab_lat" : 22.533357,
		"al_lng" : 114.063591,
		"al_lat" : 22.547375,
		"cnt" : 294
	},
	{
		"abroad_site" : "孖岭站",
		"alight_site" : "华侨城站",
		"ab_lng" : 114.067778,
		"ab_lat" : 22.568458,
		"al_lng" : 113.985369,
		"al_lat" : 22.533489,
		"cnt" : 291
	}
]
