[
	{
		"abroad_site" : "深圳北站",
		"alight_site" : "南头小关",
		"ab_lng" : 114.029113,
		"ab_lat" : 22.609725,
		"al_lng" : 113.90834,
		"al_lat" : 22.551914,
		"cnt" : 3269
	},
	{
		"abroad_site" : "罗湖站",
		"alight_site" : "华新站",
		"ab_lng" : 114.116746,
		"ab_lat" : 22.560244,
		"al_lng" : 114.086654,
		"al_lat" : 22.548981,
		"cnt" : 1800
	},
	{
		"abroad_site" : "清湖站",
		"alight_site" : "龙华站",
		"ab_lng" : 114.037033,
		"ab_lat" : 22.665243,
		"al_lng" : 114.030946,
		"al_lat" : 22.671135,
		"cnt" : 1746
	},
	{
		"abroad_site" : "五和站",
		"alight_site" : "香梅北站",
		"ab_lng" : 114.060681,
		"ab_lat" : 22.626833,
		"al_lng" : 114.032716,
		"al_lat" : 22.55386,
		"cnt" : 1687
	},
	{
		"abroad_site" : "布吉站",
		"alight_site" : "上水径站",
		"ab_lng" : 114.123749,
		"ab_lat" : 22.617382,
		"al_lng" : 114.105337,
		"al_lat" : 22.622046,
		"cnt" : 1527
	},
	{
		"abroad_site" : "坪洲站",
		"alight_site" : "坪洲站",
		"ab_lng" : 113.899146,
		"ab_lat" : 22.563762,
		"al_lng" : 113.899146,
		"al_lat" : 22.563762,
		"cnt" : 1396
	},
	{
		"abroad_site" : "固戍站",
		"alight_site" : "国贸站",
		"ab_lng" : 113.846792,
		"ab_lat" : 22.601363,
		"al_lng" : 114.118909,
		"al_lat" : 22.53968,
		"cnt" : 1336
	},
	{
		"abroad_site" : "福田口岸站",
		"alight_site" : "龙城广场站",
		"ab_lng" : 114.069273,
		"ab_lat" : 22.515737,
		"al_lng" : 114.252541,
		"al_lat" : 22.718138,
		"cnt" : 1299
	},
	{
		"abroad_site" : "丹竹头站",
		"alight_site" : "益田站",
		"ab_lng" : 114.147644,
		"ab_lat" : 22.61989,
		"al_lng" : 114.050987,
		"al_lat" : 22.516287,
		"cnt" : 1248
	},
	{
		"abroad_site" : "龙华站",
		"alight_site" : "赤尾站",
		"ab_lng" : 114.030946,
		"ab_lat" : 22.671135,
		"al_lng" : 114.083598,
		"al_lat" : 22.531374,
		"cnt" : 1183
	},
	{
		"abroad_site" : "少年宫站",
		"alight_site" : "白石龙站",
		"ab_lng" : 114.06017,
		"ab_lat" : 22.548627,
		"al_lng" : 114.042431,
		"al_lat" : 22.601505,
		"cnt" : 1162
	},
	{
		"abroad_site" : "民治站",
		"alight_site" : "大运站",
		"ab_lng" : 114.04085,
		"ab_lat" : 22.617545,
		"al_lng" : 114.228163,
		"al_lat" : 22.68572,
		"cnt" : 1102
	},
	{
		"abroad_site" : "福民站",
		"alight_site" : "民乐站",
		"ab_lng" : 114.065915,
		"ab_lat" : 22.523226,
		"al_lng" : 114.050385,
		"al_lat" : 22.594336,
		"cnt" : 1087
	},
	{
		"abroad_site" : "龙胜站",
		"alight_site" : "龙华站",
		"ab_lng" : 114.030946,
		"ab_lat" : 22.671135,
		"al_lng" : 114.030946,
		"al_lat" : 22.671135,
		"cnt" : 1024
	},
	{
		"abroad_site" : "白石龙站",
		"alight_site" : "会展中心站",
		"ab_lng" : 114.042431,
		"ab_lat" : 22.601505,
		"al_lng" : 114.061101,
		"al_lat" : 22.534769,
		"cnt" : 925
	},
	{
		"abroad_site" : "西丽站",
		"alight_site" : "车公庙站",
		"ab_lng" : 113.954396,
		"ab_lat" : 22.580677,
		"al_lng" : 114.02583,
		"al_lat" : 22.536247,
		"cnt" : 891
	},
	{
		"abroad_site" : "大剧院站",
		"alight_site" : "益田站",
		"ab_lng" : 114.107811,
		"ab_lat" : 22.5418,
		"al_lng" : 114.050987,
		"al_lat" : 22.516287,
		"cnt" : 879
	},
	{
		"abroad_site" : "白石洲站",
		"alight_site" : "会展中心站",
		"ab_lng" : 113.968773,
		"ab_lat" : 22.53944,
		"al_lng" : 114.061101,
		"al_lat" : 22.534769,
		"cnt" : 839
	},
	{
		"abroad_site" : "景田站",
		"alight_site" : "燕南站",
		"ab_lng" : 114.043343,
		"ab_lat" : 22.553419,
		"al_lng" : 114.092561,
		"al_lat" : 22.544541,
		"cnt" : 833
	},
	{
		"abroad_site" : "横岗站",
		"alight_site" : "双龙站",
		"ab_lng" : 114.208994,
		"ab_lat" : 22.648442,
		"al_lng" : 114.277422,
		"al_lat" : 22.728806,
		"cnt" : 832
	},
	{
		"abroad_site" : "老街站",
		"alight_site" : "少年宫站",
		"ab_lng" : 114.116939,
		"ab_lat" : 22.544232,
		"al_lng" : 114.06017,
		"al_lat" : 22.548627,
		"cnt" : 825
	},
	{
		"abroad_site" : "大芬站",
		"alight_site" : "布吉站",
		"ab_lng" : 114.110773,
		"ab_lat" : 22.613581,
		"al_lng" : 114.123749,
		"al_lat" : 22.617382,
		"cnt" : 823
	},
	{
		"abroad_site" : "大新站",
		"alight_site" : "新安站",
		"ab_lng" : 113.915072,
		"ab_lat" : 22.532232,
		"al_lng" : 113.894625,
		"al_lat" : 22.547468,
		"cnt" : 814
	},
	{
		"abroad_site" : "坂田站",
		"alight_site" : "红树湾站",
		"ab_lng" : 114.053191,
		"ab_lat" : 22.624917,
		"al_lng" : 113.968432,
		"al_lat" : 22.525142,
		"cnt" : 783
	},
	{
		"abroad_site" : "南山站",
		"alight_site" : "石厦站",
		"ab_lng" : 113.912877,
		"ab_lat" : 22.542716,
		"al_lng" : 114.053616,
		"al_lat" : 22.523708,
		"cnt" : 775
	},
	{
		"abroad_site" : "世界之窗站",
		"alight_site" : "老街站",
		"ab_lng" : 113.974216,
		"ab_lat" : 22.5369,
		"al_lng" : 114.116939,
		"al_lat" : 22.544232,
		"cnt" : 765
	},
	{
		"abroad_site" : "桃园站",
		"alight_site" : "鲤鱼门站",
		"ab_lng" : 113.924857,
		"ab_lat" : 22.532357,
		"al_lng" : 113.903079,
		"al_lat" : 22.532005,
		"cnt" : 745
	},
	{
		"abroad_site" : "灵芝站",
		"alight_site" : "大剧院站",
		"ab_lng" : 113.904158,
		"ab_lat" : 22.568964,
		"al_lng" : 114.107811,
		"al_lat" : 22.5418,
		"cnt" : 741
	},
	{
		"abroad_site" : "双龙站",
		"alight_site" : "爱联站",
		"ab_lng" : 114.277422,
		"ab_lat" : 22.728806,
		"al_lng" : 114.234423,
		"al_lat" : 22.697495,
		"cnt" : 717
	},
	{
		"abroad_site" : "上沙站",
		"alight_site" : "深圳湾公园站",
		"ab_lng" : 114.028282,
		"ab_lat" : 22.529348,
		"al_lng" : 113.993114,
		"al_lat" : 22.521591,
		"cnt" : 702
	},
	{
		"abroad_site" : "长龙站",
		"alight_site" : "益田花园西①",
		"ab_lng" : 114.113825,
		"ab_lat" : 22.608053,
		"al_lng" : 114.055679,
		"al_lat" : 22.513668,
		"cnt" : 696
	},
	{
		"abroad_site" : "沙尾站",
		"alight_site" : "世界之窗站",
		"ab_lng" : 114.042579,
		"ab_lat" : 22.520798,
		"al_lng" : 113.974216,
		"al_lat" : 22.5369,
		"cnt" : 696
	},
	{
		"abroad_site" : "石厦站",
		"alight_site" : "深圳湾公园站",
		"ab_lng" : 114.053616,
		"ab_lat" : 22.523708,
		"al_lng" : 113.993114,
		"al_lat" : 22.521591,
		"cnt" : 683
	},
	{
		"abroad_site" : "岗厦站",
		"alight_site" : "科学馆站",
		"ab_lng" : 114.063591,
		"ab_lat" : 22.547375,
		"al_lng" : 114.094946,
		"al_lat" : 22.540618,
		"cnt" : 669
	},
	{
		"abroad_site" : "翠竹站",
		"alight_site" : "龙井站",
		"ab_lng" : 114.129883,
		"ab_lat" : 22.556188,
		"al_lng" : 113.974687,
		"al_lat" : 22.56401,
		"cnt" : 666
	},
	{
		"abroad_site" : "西乡站",
		"alight_site" : "百鸽笼站",
		"ab_lng" : 113.882703,
		"ab_lat" : 22.577428,
		"al_lng" : 114.13038,
		"al_lat" : 22.595442,
		"cnt" : 658
	},
	{
		"abroad_site" : "华强路站",
		"alight_site" : "罗湖站",
		"ab_lng" : 114.085133,
		"ab_lat" : 22.540459,
		"al_lng" : 114.116746,
		"al_lat" : 22.560244,
		"cnt" : 651
	},
	{
		"abroad_site" : "塘坑站",
		"alight_site" : "黄贝岭站",
		"ab_lng" : 114.192725,
		"ab_lat" : 22.639179,
		"al_lng" : 114.142136,
		"al_lat" : 22.54862,
		"cnt" : 649
	},
	{
		"abroad_site" : "杨美站",
		"alight_site" : "笋岗站",
		"ab_lng" : 114.079975,
		"ab_lat" : 22.626777,
		"al_lng" : 114.116746,
		"al_lat" : 22.560244,
		"cnt" : 622
	},
	{
		"abroad_site" : "民乐站",
		"alight_site" : "老街站",
		"ab_lng" : 114.050385,
		"ab_lat" : 22.594336,
		"al_lng" : 114.116939,
		"al_lat" : 22.544232,
		"cnt" : 621
	},
	{
		"abroad_site" : "机场站",
		"alight_site" : "世界之窗站",
		"ab_lng" : 113.813663,
		"ab_lat" : 22.624026,
		"al_lng" : 113.974216,
		"al_lat" : 22.5369,
		"cnt" : 620
	},
	{
		"abroad_site" : "福田站",
		"alight_site" : "世界之窗站",
		"ab_lng" : 114.057241,
		"ab_lat" : 22.53815,
		"al_lng" : 113.974216,
		"al_lat" : 22.5369,
		"cnt" : 619
	},
	{
		"abroad_site" : "上梅林站",
		"alight_site" : "梅景站",
		"ab_lng" : 114.05944,
		"ab_lat" : 22.570462,
		"al_lng" : 114.037934,
		"al_lat" : 22.561028,
		"cnt" : 619
	},
	{
		"abroad_site" : "沙井站",
		"alight_site" : "机场站",
		"ab_lng" : 113.809759,
		"ab_lat" : 22.732605,
		"al_lng" : 113.813663,
		"al_lat" : 22.624026,
		"cnt" : 617
	},
	{
		"abroad_site" : "下水径站",
		"alight_site" : "大剧院站",
		"ab_lng" : 114.110662,
		"ab_lat" : 22.614833,
		"al_lng" : 114.107811,
		"al_lat" : 22.5418,
		"cnt" : 617
	},
	{
		"abroad_site" : "黄贝岭站",
		"alight_site" : "侨香站",
		"ab_lng" : 114.142136,
		"ab_lat" : 22.54862,
		"al_lng" : 114.014378,
		"al_lat" : 22.549784,
		"cnt" : 616
	},
	{
		"abroad_site" : "草埔站",
		"alight_site" : "罗湖站",
		"ab_lng" : 114.1165,
		"ab_lat" : 22.584447,
		"al_lng" : 114.116746,
		"al_lat" : 22.560244,
		"cnt" : 612
	},
	{
		"abroad_site" : "赤尾站",
		"alight_site" : "少年宫站",
		"ab_lng" : 114.083598,
		"ab_lat" : 22.531374,
		"al_lng" : 114.06017,
		"al_lat" : 22.548627,
		"cnt" : 608
	},
	{
		"abroad_site" : "深圳湾公园站",
		"alight_site" : "宝安中心站",
		"ab_lng" : 113.993114,
		"ab_lat" : 22.521591,
		"al_lng" : 113.886589,
		"al_lat" : 22.555304,
		"cnt" : 608
	},
	{
		"abroad_site" : "翻身站",
		"alight_site" : "台湾工业区",
		"ab_lng" : 113.893232,
		"ab_lat" : 22.55969,
		"al_lng" : 113.925125,
		"al_lat" : 22.661489,
		"cnt" : 575
	},
	{
		"abroad_site" : "晒布站",
		"alight_site" : "华强路站",
		"ab_lng" : 114.122664,
		"ab_lat" : 22.549238,
		"al_lng" : 114.085133,
		"al_lat" : 22.540459,
		"cnt" : 525
	},
	{
		"abroad_site" : "后瑞站",
		"alight_site" : "民治站",
		"ab_lng" : 113.835449,
		"ab_lat" : 22.628835,
		"al_lng" : 114.04085,
		"al_lat" : 22.617545,
		"cnt" : 525
	},
	{
		"abroad_site" : "松岗站",
		"alight_site" : "沙井站",
		"ab_lng" : 113.851562,
		"ab_lat" : 22.770126,
		"al_lng" : 113.809759,
		"al_lat" : 22.732605,
		"cnt" : 523
	},
	{
		"abroad_site" : "福永站",
		"alight_site" : "后亭站",
		"ab_lng" : 113.82758,
		"ab_lat" : 22.671302,
		"al_lng" : 113.826874,
		"al_lat" : 22.752625,
		"cnt" : 522
	},
	{
		"abroad_site" : "科学馆站",
		"alight_site" : "丹竹头站",
		"ab_lng" : 114.094946,
		"ab_lat" : 22.540618,
		"al_lng" : 114.147644,
		"al_lat" : 22.61989,
		"cnt" : 514
	},
	{
		"abroad_site" : "车公庙站",
		"alight_site" : "老街站",
		"ab_lng" : 114.02583,
		"ab_lat" : 22.536247,
		"al_lng" : 114.116939,
		"al_lat" : 22.544232,
		"cnt" : 505
	},
	{
		"abroad_site" : "下沙站",
		"alight_site" : "园岭站",
		"ab_lng" : 114.272293,
		"ab_lat" : 22.700365,
		"al_lng" : 114.104497,
		"al_lat" : 22.556288,
		"cnt" : 504
	},
	{
		"abroad_site" : "桥头站",
		"alight_site" : "海月站",
		"ab_lng" : 113.811001,
		"ab_lat" : 22.688133,
		"al_lng" : 113.937715,
		"al_lat" : 22.500409,
		"cnt" : 502
	},
	{
		"abroad_site" : "益田站",
		"alight_site" : "购物公园站",
		"ab_lng" : 114.050987,
		"ab_lat" : 22.516287,
		"al_lng" : 114.052948,
		"al_lat" : 22.53632,
		"cnt" : 501
	},
	{
		"abroad_site" : "通新岭站",
		"alight_site" : "少年宫站",
		"ab_lng" : 114.096273,
		"ab_lat" : 22.549126,
		"al_lng" : 114.06017,
		"al_lat" : 22.548627,
		"cnt" : 500
	},
	{
		"abroad_site" : "木棉湾站",
		"alight_site" : "华强北站",
		"ab_lng" : 114.12702,
		"ab_lat" : 22.604577,
		"al_lng" : 114.086243,
		"al_lat" : 22.544244,
		"cnt" : 484
	},
	{
		"abroad_site" : "下梅林站",
		"alight_site" : "上梅林站",
		"ab_lng" : 114.041768,
		"ab_lat" : 22.565672,
		"al_lng" : 114.05944,
		"al_lat" : 22.570462,
		"cnt" : 481
	},
	{
		"abroad_site" : "碧海湾站",
		"alight_site" : "深圳湾公园站",
		"ab_lng" : 113.856093,
		"ab_lat" : 22.575073,
		"al_lng" : 113.993114,
		"al_lat" : 22.521591,
		"cnt" : 479
	},
	{
		"abroad_site" : "国贸站",
		"alight_site" : "桃源村站",
		"ab_lng" : 114.118909,
		"ab_lat" : 22.53968,
		"al_lng" : 113.981962,
		"al_lat" : 22.5599,
		"cnt" : 476
	},
	{
		"abroad_site" : "莲花北站",
		"alight_site" : "莲花北站",
		"ab_lng" : 114.059402,
		"ab_lat" : 22.560538,
		"al_lng" : 114.059402,
		"al_lat" : 22.560538,
		"cnt" : 473
	},
	{
		"abroad_site" : "东角头站",
		"alight_site" : "科苑站",
		"ab_lng" : 113.931149,
		"ab_lat" : 22.486325,
		"al_lng" : 113.946195,
		"al_lat" : 22.527019,
		"cnt" : 459
	},
	{
		"abroad_site" : "华新站",
		"alight_site" : "购物公园站",
		"ab_lng" : 114.086654,
		"ab_lat" : 22.548981,
		"al_lng" : 114.052948,
		"al_lat" : 22.53632,
		"cnt" : 458
	},
	{
		"abroad_site" : "布心站",
		"alight_site" : "红岭北站",
		"ab_lng" : 114.138045,
		"ab_lat" : 22.580986,
		"al_lng" : 114.104315,
		"al_lat" : 22.56203,
		"cnt" : 457
	},
	{
		"abroad_site" : "湖贝站",
		"alight_site" : "华强北站",
		"ab_lng" : 114.125437,
		"ab_lat" : 22.544287,
		"al_lng" : 114.086243,
		"al_lat" : 22.544244,
		"cnt" : 447
	},
	{
		"abroad_site" : "宝体站",
		"alight_site" : "石厦站",
		"ab_lng" : 113.880641,
		"ab_lat" : 22.560741,
		"al_lng" : 114.053616,
		"al_lat" : 22.523708,
		"cnt" : 440
	},
	{
		"abroad_site" : "红岭站",
		"alight_site" : "文锦站",
		"ab_lng" : 114.104584,
		"ab_lat" : 22.54838,
		"al_lng" : 114.130962,
		"al_lat" : 22.542259,
		"cnt" : 436
	},
	{
		"abroad_site" : "南联站",
		"alight_site" : "荷坳站",
		"ab_lng" : 114.265531,
		"ab_lat" : 22.721967,
		"al_lng" : 114.22431,
		"al_lat" : 22.673079,
		"cnt" : 433
	},
	{
		"abroad_site" : "田贝站",
		"alight_site" : "石厦站",
		"ab_lng" : 114.130052,
		"ab_lat" : 22.56728,
		"al_lng" : 114.053616,
		"al_lat" : 22.523708,
		"cnt" : 427
	},
	{
		"abroad_site" : "兴东站",
		"alight_site" : "农林站",
		"ab_lng" : 113.919013,
		"ab_lat" : 22.581822,
		"al_lng" : 114.018135,
		"al_lat" : 22.540411,
		"cnt" : 423
	},
	{
		"abroad_site" : "梅景站",
		"alight_site" : "孖岭站",
		"ab_lng" : 114.037934,
		"ab_lat" : 22.561028,
		"al_lng" : 114.067778,
		"al_lat" : 22.568458,
		"cnt" : 419
	},
	{
		"abroad_site" : "桃源村站",
		"alight_site" : "大剧院站",
		"ab_lng" : 113.981962,
		"ab_lat" : 22.5599,
		"al_lng" : 114.107811,
		"al_lat" : 22.5418,
		"cnt" : 418
	},
	{
		"abroad_site" : "太安站",
		"alight_site" : "怡景站",
		"ab_lng" : 114.137018,
		"ab_lat" : 22.572496,
		"al_lng" : 114.140115,
		"al_lat" : 22.555856,
		"cnt" : 415
	},
	{
		"abroad_site" : "会展中心站",
		"alight_site" : "老街站",
		"ab_lng" : 114.061101,
		"ab_lat" : 22.534769,
		"al_lng" : 114.116939,
		"al_lat" : 22.544232,
		"cnt" : 413
	},
	{
		"abroad_site" : "上塘站",
		"alight_site" : "福田站",
		"ab_lng" : 114.012808,
		"ab_lat" : 22.637134,
		"al_lng" : 114.057241,
		"al_lat" : 22.53815,
		"cnt" : 410
	},
	{
		"abroad_site" : "大学城站",
		"alight_site" : "车公庙站",
		"ab_lng" : 113.965307,
		"ab_lat" : 22.581946,
		"al_lng" : 114.02583,
		"al_lat" : 22.536247,
		"cnt" : 405
	},
	{
		"abroad_site" : "机场东站",
		"alight_site" : "坪洲站",
		"ab_lng" : 113.823677,
		"ab_lat" : 22.646675,
		"al_lng" : 113.899146,
		"al_lat" : 22.563762,
		"cnt" : 405
	},
	{
		"abroad_site" : "洪浪北站",
		"alight_site" : "侨城东站",
		"ab_lng" : 113.910585,
		"ab_lat" : 22.574543,
		"al_lng" : 113.996651,
		"al_lat" : 22.532406,
		"cnt" : 402
	},
	{
		"abroad_site" : "爱联站",
		"alight_site" : "科学馆站",
		"ab_lng" : 114.234423,
		"ab_lat" : 22.697495,
		"al_lng" : 114.094946,
		"al_lat" : 22.540618,
		"cnt" : 397
	},
	{
		"abroad_site" : "红山站",
		"alight_site" : "华新站",
		"ab_lng" : 114.023465,
		"ab_lat" : 22.621886,
		"al_lng" : 114.086654,
		"al_lat" : 22.548981,
		"cnt" : 390
	},
	{
		"abroad_site" : "笋岗站",
		"alight_site" : "坂田站",
		"ab_lng" : 114.116746,
		"ab_lat" : 22.560244,
		"al_lng" : 114.053191,
		"al_lat" : 22.624917,
		"cnt" : 388
	},
	{
		"abroad_site" : "深圳大学站",
		"alight_site" : "白石洲站",
		"ab_lng" : 113.931847,
		"ab_lat" : 22.533911,
		"al_lng" : 113.968773,
		"al_lat" : 22.53944,
		"cnt" : 384
	},
	{
		"abroad_site" : "后海站",
		"alight_site" : "湖贝站",
		"ab_lng" : 113.942498,
		"ab_lat" : 22.518422,
		"al_lng" : 114.125437,
		"al_lat" : 22.544287,
		"cnt" : 370
	},
	{
		"abroad_site" : "高新园站",
		"alight_site" : "罗湖站",
		"ab_lng" : 113.953842,
		"ab_lat" : 22.540236,
		"al_lng" : 114.116746,
		"al_lat" : 22.560244,
		"cnt" : 363
	},
	{
		"abroad_site" : "购物公园站",
		"alight_site" : "老街站",
		"ab_lng" : 114.052948,
		"ab_lat" : 22.53632,
		"al_lng" : 114.116939,
		"al_lat" : 22.544232,
		"cnt" : 361
	},
	{
		"abroad_site" : "龙城广场站",
		"alight_site" : "双龙站",
		"ab_lng" : 114.252541,
		"ab_lat" : 22.718138,
		"al_lng" : 114.277422,
		"al_lat" : 22.728806,
		"cnt" : 348
	},
	{
		"abroad_site" : "荷坳站",
		"alight_site" : "大运站",
		"ab_lng" : 114.22431,
		"ab_lat" : 22.673079,
		"al_lng" : 114.228163,
		"al_lat" : 22.68572,
		"cnt" : 347
	},
	{
		"abroad_site" : "竹子林站",
		"alight_site" : "购物公园站",
		"ab_lng" : 114.013917,
		"ab_lat" : 22.533357,
		"al_lng" : 114.052948,
		"al_lat" : 22.53632,
		"cnt" : 342
	},
	{
		"abroad_site" : "华强北站",
		"alight_site" : "莲花西站",
		"ab_lng" : 114.086243,
		"ab_lat" : 22.544244,
		"al_lng" : 114.050034,
		"al_lat" : 22.546668,
		"cnt" : 338
	},
	{
		"abroad_site" : "珠光站",
		"alight_site" : "西丽站",
		"ab_lng" : 113.960559,
		"ab_lat" : 22.56827,
		"al_lng" : 113.954396,
		"al_lat" : 22.580677,
		"cnt" : 337
	},
	{
		"abroad_site" : "六约站",
		"alight_site" : "少年宫站",
		"ab_lng" : 114.180646,
		"ab_lat" : 22.634322,
		"al_lng" : 114.06017,
		"al_lat" : 22.548627,
		"cnt" : 332
	},
	{
		"abroad_site" : "泥岗站",
		"alight_site" : "上梅林站",
		"ab_lng" : 114.097634,
		"ab_lat" : 22.567804,
		"al_lng" : 114.05944,
		"al_lat" : 22.570462,
		"cnt" : 325
	},
	{
		"abroad_site" : "新秀站",
		"alight_site" : "黄贝岭站",
		"ab_lng" : 114.148765,
		"ab_lat" : 22.547688,
		"al_lng" : 114.142136,
		"al_lat" : 22.54862,
		"cnt" : 323
	},
	{
		"abroad_site" : "黄木岗站",
		"alight_site" : "沙尾站",
		"ab_lng" : 114.08728,
		"ab_lat" : 22.555843,
		"al_lng" : 114.042579,
		"al_lat" : 22.520798,
		"cnt" : 319
	},
	{
		"abroad_site" : "吉祥站",
		"alight_site" : "布吉站",
		"ab_lng" : 114.244318,
		"ab_lat" : 22.709488,
		"al_lng" : 114.123749,
		"al_lat" : 22.617382,
		"cnt" : 319
	},
	{
		"abroad_site" : "莲花村站",
		"alight_site" : "红岭站",
		"ab_lng" : 114.067829,
		"ab_lat" : 22.548646,
		"al_lng" : 114.104584,
		"al_lat" : 22.54838,
		"cnt" : 315
	}
]
