[
	{
		"abroad_site" : "老街站",
		"alight_site" : "通新岭站",
		"ab_lng" : 114.116939,
		"ab_lat" : 22.544232,
		"al_lng" : 114.096273,
		"al_lat" : 22.549126,
		"cnt" : 6370
	},
	{
		"abroad_site" : "深圳北站",
		"alight_site" : "科学馆站",
		"ab_lng" : 114.029113,
		"ab_lat" : 22.609725,
		"al_lng" : 114.094946,
		"al_lat" : 22.540618,
		"cnt" : 5526
	},
	{
		"abroad_site" : "罗湖站",
		"alight_site" : "华侨城站",
		"ab_lng" : 114.116746,
		"ab_lat" : 22.560244,
		"al_lng" : 113.985369,
		"al_lat" : 22.533489,
		"cnt" : 3992
	},
	{
		"abroad_site" : "少年宫站",
		"alight_site" : "购物公园站",
		"ab_lng" : 114.06017,
		"ab_lat" : 22.548627,
		"al_lng" : 114.052948,
		"al_lat" : 22.53632,
		"cnt" : 3334
	},
	{
		"abroad_site" : "会展中心站",
		"alight_site" : "福田口岸站",
		"ab_lng" : 114.061101,
		"ab_lat" : 22.534769,
		"al_lng" : 114.069273,
		"al_lat" : 22.515737,
		"cnt" : 2405
	},
	{
		"abroad_site" : "深圳湾公园站",
		"alight_site" : "香梅站",
		"ab_lng" : 113.993114,
		"ab_lat" : 22.521591,
		"al_lng" : 114.039683,
		"al_lat" : 22.545356,
		"cnt" : 2390
	},
	{
		"abroad_site" : "大剧院站",
		"alight_site" : "岗厦北站",
		"ab_lng" : 114.107811,
		"ab_lat" : 22.5418,
		"al_lng" : 114.06924,
		"al_lat" : 22.540937,
		"cnt" : 2300
	},
	{
		"abroad_site" : "后海站",
		"alight_site" : "固戍站",
		"ab_lng" : 113.942498,
		"ab_lat" : 22.518422,
		"al_lng" : 113.846792,
		"al_lat" : 22.601363,
		"cnt" : 2204
	},
	{
		"abroad_site" : "福田口岸站",
		"alight_site" : "深圳北站",
		"ab_lng" : 114.069273,
		"ab_lat" : 22.515737,
		"al_lng" : 114.029113,
		"al_lat" : 22.609725,
		"cnt" : 2197
	},
	{
		"abroad_site" : "世界之窗站",
		"alight_site" : "红树绿洲",
		"ab_lng" : 113.974216,
		"ab_lat" : 22.5369,
		"al_lng" : 114.051598,
		"al_lat" : 22.509544,
		"cnt" : 1995
	},
	{
		"abroad_site" : "购物公园站",
		"alight_site" : "前海沿湖路口",
		"ab_lng" : 114.052948,
		"ab_lat" : 22.53632,
		"al_lng" : 113.905251,
		"al_lat" : 22.510642,
		"cnt" : 1902
	},
	{
		"abroad_site" : "车公庙站",
		"alight_site" : "景田站",
		"ab_lng" : 114.02583,
		"ab_lat" : 22.536247,
		"al_lng" : 114.043343,
		"al_lat" : 22.553419,
		"cnt" : 1708
	},
	{
		"abroad_site" : "华强北站",
		"alight_site" : "天安花园",
		"ab_lng" : 114.086243,
		"ab_lat" : 22.544244,
		"al_lng" : 114.071823,
		"al_lat" : 22.640278,
		"cnt" : 1704
	},
	{
		"abroad_site" : "双龙站",
		"alight_site" : "下沙小学",
		"ab_lng" : 114.277422,
		"ab_lat" : 22.728806,
		"al_lng" : 114.288696,
		"al_lat" : 22.666229,
		"cnt" : 1702
	},
	{
		"abroad_site" : "华强路站",
		"alight_site" : "桃园站",
		"ab_lng" : 114.085133,
		"ab_lat" : 22.540459,
		"al_lng" : 113.924857,
		"al_lat" : 22.532357,
		"cnt" : 1629
	},
	{
		"abroad_site" : "黄贝岭站",
		"alight_site" : "大剧院站",
		"ab_lng" : 114.142136,
		"ab_lat" : 22.54862,
		"al_lng" : 114.107811,
		"al_lat" : 22.5418,
		"cnt" : 1553
	},
	{
		"abroad_site" : "上梅林站",
		"alight_site" : "莲花北站",
		"ab_lng" : 114.05944,
		"ab_lat" : 22.570462,
		"al_lng" : 114.059402,
		"al_lat" : 22.560538,
		"cnt" : 1507
	},
	{
		"abroad_site" : "布吉站",
		"alight_site" : "太安站",
		"ab_lng" : 114.123749,
		"ab_lat" : 22.617382,
		"al_lng" : 114.137018,
		"al_lat" : 22.572496,
		"cnt" : 1454
	},
	{
		"abroad_site" : "福田站",
		"alight_site" : "海月站",
		"ab_lng" : 114.057241,
		"ab_lat" : 22.53815,
		"al_lng" : 113.937715,
		"al_lat" : 22.500409,
		"cnt" : 1418
	},
	{
		"abroad_site" : "华新站",
		"alight_site" : "深圳大学站",
		"ab_lng" : 114.086654,
		"ab_lat" : 22.548981,
		"al_lng" : 113.931847,
		"al_lat" : 22.533911,
		"cnt" : 1401
	},
	{
		"abroad_site" : "清湖站",
		"alight_site" : "登良站",
		"ab_lng" : 114.037033,
		"ab_lat" : 22.665243,
		"al_lng" : 113.937602,
		"al_lat" : 22.509146,
		"cnt" : 1382
	},
	{
		"abroad_site" : "五和站",
		"alight_site" : "水贝站",
		"ab_lng" : 114.060681,
		"ab_lat" : 22.626833,
		"al_lng" : 114.124974,
		"al_lat" : 22.573988,
		"cnt" : 1328
	},
	{
		"abroad_site" : "深圳大学站",
		"alight_site" : "草埔站",
		"ab_lng" : 113.931847,
		"ab_lat" : 22.533911,
		"al_lng" : 114.1165,
		"al_lat" : 22.584447,
		"cnt" : 1272
	},
	{
		"abroad_site" : "横岗站",
		"alight_site" : "上沙站",
		"ab_lng" : 114.208994,
		"ab_lat" : 22.648442,
		"al_lng" : 114.028282,
		"al_lat" : 22.529348,
		"cnt" : 1214
	},
	{
		"abroad_site" : "龙华站",
		"alight_site" : "黄贝岭站",
		"ab_lng" : 114.030946,
		"ab_lat" : 22.671135,
		"al_lng" : 114.142136,
		"al_lat" : 22.54862,
		"cnt" : 1182
	},
	{
		"abroad_site" : "国贸站",
		"alight_site" : "世界之窗站",
		"ab_lng" : 114.118909,
		"ab_lat" : 22.53968,
		"al_lng" : 113.974216,
		"al_lat" : 22.5369,
		"cnt" : 1182
	},
	{
		"abroad_site" : "晒布站",
		"alight_site" : "梅景站",
		"ab_lng" : 114.122664,
		"ab_lat" : 22.549238,
		"al_lng" : 114.037934,
		"al_lat" : 22.561028,
		"cnt" : 1154
	},
	{
		"abroad_site" : "大芬站",
		"alight_site" : "晒布站",
		"ab_lng" : 114.110773,
		"ab_lat" : 22.613581,
		"al_lng" : 114.122664,
		"al_lat" : 22.549238,
		"cnt" : 1141
	},
	{
		"abroad_site" : "大新站",
		"alight_site" : "宝安中心站",
		"ab_lng" : 113.915072,
		"ab_lat" : 22.532232,
		"al_lng" : 113.886589,
		"al_lat" : 22.555304,
		"cnt" : 1103
	},
	{
		"abroad_site" : "民治站",
		"alight_site" : "大芬站",
		"ab_lng" : 114.04085,
		"ab_lat" : 22.617545,
		"al_lng" : 114.110773,
		"al_lat" : 22.613581,
		"cnt" : 1085
	},
	{
		"abroad_site" : "西丽站",
		"alight_site" : "车公庙站",
		"ab_lng" : 113.954396,
		"ab_lat" : 22.580677,
		"al_lng" : 114.02583,
		"al_lat" : 22.536247,
		"cnt" : 1052
	},
	{
		"abroad_site" : "南山站",
		"alight_site" : "长龙站",
		"ab_lng" : 113.912877,
		"ab_lat" : 22.542716,
		"al_lng" : 114.113825,
		"al_lat" : 22.608053,
		"cnt" : 1027
	},
	{
		"abroad_site" : "灵芝站",
		"alight_site" : "民乐站",
		"ab_lng" : 113.904158,
		"ab_lat" : 22.568964,
		"al_lng" : 114.050385,
		"al_lat" : 22.594336,
		"cnt" : 998
	},
	{
		"abroad_site" : "福民站",
		"alight_site" : "福田口岸站",
		"ab_lng" : 114.065915,
		"ab_lat" : 22.523226,
		"al_lng" : 114.069273,
		"al_lat" : 22.515737,
		"cnt" : 982
	},
	{
		"abroad_site" : "高新园站",
		"alight_site" : "大剧院站",
		"ab_lng" : 113.953842,
		"ab_lat" : 22.540236,
		"al_lng" : 114.107811,
		"al_lat" : 22.5418,
		"cnt" : 969
	},
	{
		"abroad_site" : "桃园站",
		"alight_site" : "丹竹头站",
		"ab_lng" : 113.924857,
		"ab_lat" : 22.532357,
		"al_lng" : 114.147644,
		"al_lat" : 22.61989,
		"cnt" : 947
	},
	{
		"abroad_site" : "机场站",
		"alight_site" : "黄贝岭站",
		"ab_lng" : 113.813663,
		"ab_lat" : 22.624026,
		"al_lng" : 114.142136,
		"al_lat" : 22.54862,
		"cnt" : 933
	},
	{
		"abroad_site" : "西乡站",
		"alight_site" : "深圳大学站",
		"ab_lng" : 113.882703,
		"ab_lat" : 22.577428,
		"al_lng" : 113.931847,
		"al_lat" : 22.533911,
		"cnt" : 933
	},
	{
		"abroad_site" : "坪洲站",
		"alight_site" : "世界之窗站",
		"ab_lng" : 113.899146,
		"ab_lat" : 22.563762,
		"al_lng" : 113.974216,
		"al_lat" : 22.5369,
		"cnt" : 918
	},
	{
		"abroad_site" : "丹竹头站",
		"alight_site" : "六约站",
		"ab_lng" : 114.147644,
		"ab_lat" : 22.61989,
		"al_lng" : 114.180646,
		"al_lat" : 22.634322,
		"cnt" : 913
	},
	{
		"abroad_site" : "固戍站",
		"alight_site" : "宝华站",
		"ab_lng" : 113.846792,
		"ab_lat" : 22.601363,
		"al_lng" : 113.88509,
		"al_lat" : 22.549635,
		"cnt" : 912
	},
	{
		"abroad_site" : "科学馆站",
		"alight_site" : "国贸站",
		"ab_lng" : 114.094946,
		"ab_lat" : 22.540618,
		"al_lng" : 114.118909,
		"al_lat" : 22.53968,
		"cnt" : 905
	},
	{
		"abroad_site" : "竹子林站",
		"alight_site" : "黄贝岭站",
		"ab_lng" : 114.013917,
		"ab_lat" : 22.533357,
		"al_lng" : 114.142136,
		"al_lat" : 22.54862,
		"cnt" : 903
	},
	{
		"abroad_site" : "岗厦站",
		"alight_site" : "购物公园站",
		"ab_lng" : 114.063591,
		"ab_lat" : 22.547375,
		"al_lng" : 114.052948,
		"al_lat" : 22.53632,
		"cnt" : 826
	},
	{
		"abroad_site" : "侨城东站",
		"alight_site" : "桃园站",
		"ab_lng" : 113.996651,
		"ab_lat" : 22.532406,
		"al_lng" : 113.924857,
		"al_lat" : 22.532357,
		"cnt" : 824
	},
	{
		"abroad_site" : "龙胜站",
		"alight_site" : "银湖站",
		"ab_lng" : 114.030946,
		"ab_lat" : 22.671135,
		"al_lng" : 114.089157,
		"al_lat" : 22.568182,
		"cnt" : 809
	},
	{
		"abroad_site" : "石厦站",
		"alight_site" : "华新站",
		"ab_lng" : 114.053616,
		"ab_lat" : 22.523708,
		"al_lng" : 114.086654,
		"al_lat" : 22.548981,
		"cnt" : 798
	},
	{
		"abroad_site" : "白石洲站",
		"alight_site" : "世界之窗站",
		"ab_lng" : 113.968773,
		"ab_lat" : 22.53944,
		"al_lng" : 113.974216,
		"al_lat" : 22.5369,
		"cnt" : 785
	},
	{
		"abroad_site" : "草埔站",
		"alight_site" : "田贝站",
		"ab_lng" : 114.1165,
		"ab_lat" : 22.584447,
		"al_lng" : 114.130052,
		"al_lat" : 22.56728,
		"cnt" : 771
	},
	{
		"abroad_site" : "下沙站",
		"alight_site" : "文锦站",
		"ab_lng" : 114.272293,
		"ab_lat" : 22.700365,
		"al_lng" : 114.130962,
		"al_lat" : 22.542259,
		"cnt" : 763
	},
	{
		"abroad_site" : "景田站",
		"alight_site" : "会展中心站",
		"ab_lng" : 114.043343,
		"ab_lat" : 22.553419,
		"al_lng" : 114.061101,
		"al_lat" : 22.534769,
		"cnt" : 747
	},
	{
		"abroad_site" : "沙井站",
		"alight_site" : "桥头站",
		"ab_lng" : 113.809759,
		"ab_lat" : 22.732605,
		"al_lng" : 113.811001,
		"al_lat" : 22.688133,
		"cnt" : 728
	},
	{
		"abroad_site" : "田贝站",
		"alight_site" : "田贝站",
		"ab_lng" : 114.130052,
		"ab_lat" : 22.56728,
		"al_lng" : 114.130052,
		"al_lat" : 22.56728,
		"cnt" : 711
	},
	{
		"abroad_site" : "南联站",
		"alight_site" : "南山站",
		"ab_lng" : 114.265531,
		"ab_lat" : 22.721967,
		"al_lng" : 113.912877,
		"al_lat" : 22.542716,
		"cnt" : 694
	},
	{
		"abroad_site" : "太安站",
		"alight_site" : "笋岗站",
		"ab_lng" : 114.137018,
		"ab_lat" : 22.572496,
		"al_lng" : 114.116746,
		"al_lat" : 22.560244,
		"cnt" : 682
	},
	{
		"abroad_site" : "长龙站",
		"alight_site" : "太安站",
		"ab_lng" : 114.113825,
		"ab_lat" : 22.608053,
		"al_lng" : 114.137018,
		"al_lat" : 22.572496,
		"cnt" : 675
	},
	{
		"abroad_site" : "翻身站",
		"alight_site" : "福永站",
		"ab_lng" : 113.893232,
		"ab_lat" : 22.55969,
		"al_lng" : 113.82758,
		"al_lat" : 22.671302,
		"cnt" : 671
	},
	{
		"abroad_site" : "杨美站",
		"alight_site" : "西丽站",
		"ab_lng" : 114.079975,
		"ab_lat" : 22.626777,
		"al_lng" : 113.954396,
		"al_lat" : 22.580677,
		"cnt" : 666
	},
	{
		"abroad_site" : "湖贝站",
		"alight_site" : "侨香站",
		"ab_lng" : 114.125437,
		"ab_lat" : 22.544287,
		"al_lng" : 114.014378,
		"al_lat" : 22.549784,
		"cnt" : 657
	},
	{
		"abroad_site" : "木棉湾站",
		"alight_site" : "塘坑站",
		"ab_lng" : 114.12702,
		"ab_lat" : 22.604577,
		"al_lng" : 114.192725,
		"al_lat" : 22.639179,
		"cnt" : 656
	},
	{
		"abroad_site" : "怡景站",
		"alight_site" : "草埔站",
		"ab_lng" : 114.140115,
		"ab_lat" : 22.555856,
		"al_lng" : 114.1165,
		"al_lat" : 22.584447,
		"cnt" : 649
	},
	{
		"abroad_site" : "白石龙站",
		"alight_site" : "上梅林站",
		"ab_lng" : 114.042431,
		"ab_lat" : 22.601505,
		"al_lng" : 114.05944,
		"al_lat" : 22.570462,
		"cnt" : 646
	},
	{
		"abroad_site" : "沙尾站",
		"alight_site" : "西丽站",
		"ab_lng" : 114.042579,
		"ab_lat" : 22.520798,
		"al_lng" : 113.954396,
		"al_lat" : 22.580677,
		"cnt" : 639
	},
	{
		"abroad_site" : "笋岗站",
		"alight_site" : "太安站",
		"ab_lng" : 114.116746,
		"ab_lat" : 22.560244,
		"al_lng" : 114.137018,
		"al_lat" : 22.572496,
		"cnt" : 638
	},
	{
		"abroad_site" : "坂田站",
		"alight_site" : "六约站",
		"ab_lng" : 114.053191,
		"ab_lat" : 22.624917,
		"al_lng" : 114.180646,
		"al_lat" : 22.634322,
		"cnt" : 636
	},
	{
		"abroad_site" : "大运站",
		"alight_site" : "布吉站",
		"ab_lng" : 114.228163,
		"ab_lat" : 22.68572,
		"al_lng" : 114.123749,
		"al_lat" : 22.617382,
		"cnt" : 616
	},
	{
		"abroad_site" : "莲花北站",
		"alight_site" : "深圳北站",
		"ab_lng" : 114.059402,
		"ab_lat" : 22.560538,
		"al_lng" : 114.029113,
		"al_lat" : 22.609725,
		"cnt" : 603
	},
	{
		"abroad_site" : "益田站",
		"alight_site" : "侨香站",
		"ab_lng" : 114.050987,
		"ab_lat" : 22.516287,
		"al_lng" : 114.014378,
		"al_lat" : 22.549784,
		"cnt" : 593
	},
	{
		"abroad_site" : "大学城站",
		"alight_site" : "五和站",
		"ab_lng" : 113.965307,
		"ab_lat" : 22.581946,
		"al_lng" : 114.060681,
		"al_lat" : 22.626833,
		"cnt" : 591
	},
	{
		"abroad_site" : "翠竹站",
		"alight_site" : "石厦站",
		"ab_lng" : 114.129883,
		"ab_lat" : 22.556188,
		"al_lng" : 114.053616,
		"al_lat" : 22.523708,
		"cnt" : 583
	},
	{
		"abroad_site" : "华侨城站",
		"alight_site" : "华强路站",
		"ab_lng" : 113.985369,
		"ab_lat" : 22.533489,
		"al_lng" : 114.085133,
		"al_lat" : 22.540459,
		"cnt" : 576
	},
	{
		"abroad_site" : "红山站",
		"alight_site" : "下梅林站",
		"ab_lng" : 114.023465,
		"ab_lat" : 22.621886,
		"al_lng" : 114.041768,
		"al_lat" : 22.565672,
		"cnt" : 570
	},
	{
		"abroad_site" : "红岭站",
		"alight_site" : "五和站",
		"ab_lng" : 114.104584,
		"ab_lat" : 22.54838,
		"al_lng" : 114.060681,
		"al_lat" : 22.626833,
		"cnt" : 568
	},
	{
		"abroad_site" : "莲花村站",
		"alight_site" : "石厦站",
		"ab_lng" : 114.067829,
		"ab_lat" : 22.548646,
		"al_lng" : 114.053616,
		"al_lat" : 22.523708,
		"cnt" : 566
	},
	{
		"abroad_site" : "龙城广场站",
		"alight_site" : "大运站",
		"ab_lng" : 114.252541,
		"ab_lat" : 22.718138,
		"al_lng" : 114.228163,
		"al_lat" : 22.68572,
		"cnt" : 540
	},
	{
		"abroad_site" : "松岗站",
		"alight_site" : "碧海湾站",
		"ab_lng" : 113.851562,
		"ab_lat" : 22.770126,
		"al_lng" : 113.856093,
		"al_lat" : 22.575073,
		"cnt" : 538
	},
	{
		"abroad_site" : "市民中心站",
		"alight_site" : "黄贝岭站",
		"ab_lng" : 114.061192,
		"ab_lat" : 22.541744,
		"al_lng" : 114.142136,
		"al_lat" : 22.54862,
		"cnt" : 534
	},
	{
		"abroad_site" : "上沙站",
		"alight_site" : "龙华站",
		"ab_lng" : 114.028282,
		"ab_lat" : 22.529348,
		"al_lng" : 114.030946,
		"al_lat" : 22.671135,
		"cnt" : 532
	},
	{
		"abroad_site" : "下梅林站",
		"alight_site" : "下梅林站",
		"ab_lng" : 114.041768,
		"ab_lat" : 22.565672,
		"al_lng" : 114.041768,
		"al_lat" : 22.565672,
		"cnt" : 525
	},
	{
		"abroad_site" : "民乐站",
		"alight_site" : "大剧院站",
		"ab_lng" : 114.050385,
		"ab_lat" : 22.594336,
		"al_lng" : 114.107811,
		"al_lat" : 22.5418,
		"cnt" : 521
	},
	{
		"abroad_site" : "吉祥站",
		"alight_site" : "龙华站",
		"ab_lng" : 114.244318,
		"ab_lat" : 22.709488,
		"al_lng" : 114.030946,
		"al_lat" : 22.671135,
		"cnt" : 520
	},
	{
		"abroad_site" : "海上世界站",
		"alight_site" : "东角头站",
		"ab_lng" : 113.915111,
		"ab_lat" : 22.485101,
		"al_lng" : 113.931149,
		"al_lat" : 22.486325,
		"cnt" : 515
	},
	{
		"abroad_site" : "红岭北站",
		"alight_site" : "太安站",
		"ab_lng" : 114.104315,
		"ab_lat" : 22.56203,
		"al_lng" : 114.137018,
		"al_lat" : 22.572496,
		"cnt" : 513
	},
	{
		"abroad_site" : "塘坑站",
		"alight_site" : "丹竹头站",
		"ab_lng" : 114.192725,
		"ab_lat" : 22.639179,
		"al_lng" : 114.147644,
		"al_lat" : 22.61989,
		"cnt" : 500
	},
	{
		"abroad_site" : "六约站",
		"alight_site" : "龙胜站",
		"ab_lng" : 114.180646,
		"ab_lat" : 22.634322,
		"al_lng" : 114.030946,
		"al_lat" : 22.671135,
		"cnt" : 499
	},
	{
		"abroad_site" : "海月站",
		"alight_site" : "枫丹雅苑",
		"ab_lng" : 113.937715,
		"ab_lat" : 22.500409,
		"al_lng" : 114.023079,
		"al_lat" : 22.552691,
		"cnt" : 494
	},
	{
		"abroad_site" : "爱联站",
		"alight_site" : "少年宫站",
		"ab_lng" : 114.234423,
		"ab_lat" : 22.697495,
		"al_lng" : 114.06017,
		"al_lat" : 22.548627,
		"cnt" : 492
	},
	{
		"abroad_site" : "布心站",
		"alight_site" : "布吉站",
		"ab_lng" : 114.138045,
		"ab_lat" : 22.580986,
		"al_lng" : 114.123749,
		"al_lat" : 22.617382,
		"cnt" : 491
	},
	{
		"abroad_site" : "宝安中心站",
		"alight_site" : "龙华站",
		"ab_lng" : 113.886589,
		"ab_lat" : 22.555304,
		"al_lng" : 114.030946,
		"al_lat" : 22.671135,
		"cnt" : 485
	},
	{
		"abroad_site" : "碧海湾站",
		"alight_site" : "沙井站",
		"ab_lng" : 113.856093,
		"ab_lat" : 22.575073,
		"al_lng" : 113.809759,
		"al_lat" : 22.732605,
		"cnt" : 485
	},
	{
		"abroad_site" : "宝体站",
		"alight_site" : "莲花西站",
		"ab_lng" : 113.880641,
		"ab_lat" : 22.560741,
		"al_lng" : 114.050034,
		"al_lat" : 22.546668,
		"cnt" : 484
	},
	{
		"abroad_site" : "洪浪北站",
		"alight_site" : "翻身站",
		"ab_lng" : 113.910585,
		"ab_lat" : 22.574543,
		"al_lng" : 113.893232,
		"al_lat" : 22.55969,
		"cnt" : 474
	},
	{
		"abroad_site" : "西丽湖站",
		"alight_site" : "太安站",
		"ab_lng" : 113.965648,
		"ab_lat" : 22.593567,
		"al_lng" : 114.137018,
		"al_lat" : 22.572496,
		"cnt" : 466
	},
	{
		"abroad_site" : "赤尾站",
		"alight_site" : "布吉站",
		"ab_lng" : 114.083598,
		"ab_lat" : 22.531374,
		"al_lng" : 114.123749,
		"al_lat" : 22.617382,
		"cnt" : 456
	},
	{
		"abroad_site" : "下水径站",
		"alight_site" : "布吉站",
		"ab_lng" : 114.110662,
		"ab_lat" : 22.614833,
		"al_lng" : 114.123749,
		"al_lat" : 22.617382,
		"cnt" : 453
	},
	{
		"abroad_site" : "科苑站",
		"alight_site" : "机场站",
		"ab_lng" : 113.946195,
		"ab_lat" : 22.527019,
		"al_lng" : 113.813663,
		"al_lat" : 22.624026,
		"cnt" : 451
	},
	{
		"abroad_site" : "桃源村站",
		"alight_site" : "华强北站",
		"ab_lng" : 113.981962,
		"ab_lat" : 22.5599,
		"al_lng" : 114.086243,
		"al_lat" : 22.544244,
		"cnt" : 442
	},
	{
		"abroad_site" : "东角头站",
		"alight_site" : "东角头站",
		"ab_lng" : 113.931149,
		"ab_lat" : 22.486325,
		"al_lng" : 113.931149,
		"al_lat" : 22.486325,
		"cnt" : 442
	},
	{
		"abroad_site" : "荷坳站",
		"alight_site" : "横岗站",
		"ab_lng" : 114.22431,
		"ab_lat" : 22.673079,
		"al_lng" : 114.208994,
		"al_lat" : 22.648442,
		"cnt" : 439
	},
	{
		"abroad_site" : "福永站",
		"alight_site" : "碧海湾站",
		"ab_lng" : 113.82758,
		"ab_lat" : 22.671302,
		"al_lng" : 113.856093,
		"al_lat" : 22.575073,
		"cnt" : 437
	}
]
