[
	{
		"abroad_site" : "深圳北站",
		"alight_site" : "赤尾站",
		"ab_lng" : 114.029113,
		"ab_lat" : 22.609725,
		"al_lng" : 114.083598,
		"al_lat" : 22.531374,
		"cnt" : 1610
	},
	{
		"abroad_site" : "机场站",
		"alight_site" : "红树湾南站",
		"ab_lng" : 113.813663,
		"ab_lat" : 22.624026,
		"al_lng" : 113.971433,
		"al_lat" : 22.523023,
		"cnt" : 197
	},
	{
		"abroad_site" : "深圳大学站",
		"alight_site" : "海上世界站",
		"ab_lng" : 113.931847,
		"ab_lat" : 22.533911,
		"al_lng" : 113.915111,
		"al_lat" : 22.485101,
		"cnt" : 183
	},
	{
		"abroad_site" : "竹子林站",
		"alight_site" : "深康站",
		"ab_lng" : 114.013917,
		"ab_lat" : 22.533357,
		"al_lng" : 113.998846,
		"al_lat" : 22.546456,
		"cnt" : 176
	},
	{
		"abroad_site" : "老街站",
		"alight_site" : "大芬站",
		"ab_lng" : 114.116939,
		"ab_lat" : 22.544232,
		"al_lng" : 114.110773,
		"al_lat" : 22.613581,
		"cnt" : 174
	},
	{
		"abroad_site" : "草埔站",
		"alight_site" : "华新站",
		"ab_lng" : 114.1165,
		"ab_lat" : 22.584447,
		"al_lng" : 114.086654,
		"al_lat" : 22.548981,
		"cnt" : 125
	},
	{
		"abroad_site" : "布吉站",
		"alight_site" : "民治站",
		"ab_lng" : 114.123749,
		"ab_lat" : 22.617382,
		"al_lng" : 114.04085,
		"al_lat" : 22.617545,
		"cnt" : 125
	},
	{
		"abroad_site" : "东门③",
		"alight_site" : "丹竹头地铁站",
		"ab_lng" : 113.94906,
		"ab_lat" : 22.52948,
		"al_lng" : 114.147644,
		"al_lat" : 22.61989,
		"cnt" : 119
	},
	{
		"abroad_site" : "世界之窗站",
		"alight_site" : "东角头站",
		"ab_lng" : 113.974216,
		"ab_lat" : 22.5369,
		"al_lng" : 113.931149,
		"al_lat" : 22.486325,
		"cnt" : 108
	},
	{
		"abroad_site" : "火车站",
		"alight_site" : "莲塘",
		"ab_lng" : 114.128059,
		"ab_lat" : 22.691498,
		"al_lng" : 114.172119,
		"al_lat" : 22.560308,
		"cnt" : 102
	},
	{
		"abroad_site" : "购物公园站",
		"alight_site" : "科学馆站",
		"ab_lng" : 114.052948,
		"ab_lat" : 22.53632,
		"al_lng" : 114.094946,
		"al_lat" : 22.540618,
		"cnt" : 101
	},
	{
		"abroad_site" : "民治站",
		"alight_site" : "深圳北站",
		"ab_lng" : 114.04085,
		"ab_lat" : 22.617545,
		"al_lng" : 114.029113,
		"al_lat" : 22.609725,
		"cnt" : 97
	},
	{
		"abroad_site" : "后海站",
		"alight_site" : "湾厦站",
		"ab_lng" : 113.942498,
		"ab_lat" : 22.518422,
		"al_lng" : 113.938604,
		"al_lat" : 22.493353,
		"cnt" : 95
	},
	{
		"abroad_site" : "丹竹头站",
		"alight_site" : "横岗站",
		"ab_lng" : 114.147644,
		"ab_lat" : 22.61989,
		"al_lng" : 114.208994,
		"al_lat" : 22.648442,
		"cnt" : 93
	},
	{
		"abroad_site" : "车公庙站",
		"alight_site" : "上沙站",
		"ab_lng" : 114.02583,
		"ab_lat" : 22.536247,
		"al_lng" : 114.028282,
		"al_lat" : 22.529348,
		"cnt" : 87
	},
	{
		"abroad_site" : "横岗站",
		"alight_site" : "吉祥站",
		"ab_lng" : 114.208994,
		"ab_lat" : 22.648442,
		"al_lng" : 114.244318,
		"al_lat" : 22.709488,
		"cnt" : 86
	},
	{
		"abroad_site" : "大芬站",
		"alight_site" : "下水径站",
		"ab_lng" : 114.110773,
		"ab_lat" : 22.613581,
		"al_lng" : 114.110662,
		"al_lat" : 22.614833,
		"cnt" : 86
	},
	{
		"abroad_site" : "大剧院站",
		"alight_site" : "景芬路口",
		"ab_lng" : 114.107811,
		"ab_lat" : 22.5418,
		"al_lng" : 114.126328,
		"al_lat" : 22.622158,
		"cnt" : 77
	},
	{
		"abroad_site" : "金城大厦②",
		"alight_site" : "樟树布社区",
		"ab_lng" : 114.122528,
		"ab_lat" : 22.542276,
		"al_lng" : 114.15461,
		"al_lat" : 22.605537,
		"cnt" : 77
	},
	{
		"abroad_site" : "五和站",
		"alight_site" : "深圳北站",
		"ab_lng" : 114.060681,
		"ab_lat" : 22.626833,
		"al_lng" : 114.029113,
		"al_lat" : 22.609725,
		"cnt" : 76
	},
	{
		"abroad_site" : "高新园站",
		"alight_site" : "侨城东站",
		"ab_lng" : 113.953842,
		"ab_lat" : 22.540236,
		"al_lng" : 113.996651,
		"al_lat" : 22.532406,
		"cnt" : 75
	},
	{
		"abroad_site" : "东门中②",
		"alight_site" : "聚宝路口",
		"ab_lng" : 114.123421,
		"ab_lat" : 22.550236,
		"al_lng" : 114.169128,
		"al_lat" : 22.559774,
		"cnt" : 73
	},
	{
		"abroad_site" : "晒布站",
		"alight_site" : "田贝站",
		"ab_lng" : 114.122664,
		"ab_lat" : 22.549238,
		"al_lng" : 114.130052,
		"al_lat" : 22.56728,
		"cnt" : 73
	},
	{
		"abroad_site" : "白石洲站",
		"alight_site" : "大新站",
		"ab_lng" : 113.968773,
		"ab_lat" : 22.53944,
		"al_lng" : 113.915072,
		"al_lat" : 22.532232,
		"cnt" : 72
	},
	{
		"abroad_site" : "会展中心站",
		"alight_site" : "百合山庄",
		"ab_lng" : 114.061101,
		"ab_lat" : 22.534769,
		"al_lng" : 114.120522,
		"al_lat" : 22.593828,
		"cnt" : 71
	},
	{
		"abroad_site" : "京湖酒店",
		"alight_site" : "南岭村",
		"ab_lng" : 114.119083,
		"ab_lat" : 22.53497,
		"al_lng" : 114.151367,
		"al_lat" : 22.606894,
		"cnt" : 71
	},
	{
		"abroad_site" : "上梅林站",
		"alight_site" : "白石龙站",
		"ab_lng" : 114.05944,
		"ab_lat" : 22.570462,
		"al_lng" : 114.042431,
		"al_lat" : 22.601505,
		"cnt" : 69
	},
	{
		"abroad_site" : "南山站",
		"alight_site" : "碧海湾站",
		"ab_lng" : 113.912877,
		"ab_lat" : 22.542716,
		"al_lng" : 113.856093,
		"al_lat" : 22.575073,
		"cnt" : 67
	},
	{
		"abroad_site" : "华强北站",
		"alight_site" : "龙城广场站",
		"ab_lng" : 114.086243,
		"ab_lat" : 22.544244,
		"al_lng" : 114.252541,
		"al_lat" : 22.718138,
		"cnt" : 64
	},
	{
		"abroad_site" : "东门中①",
		"alight_site" : "儿童公园①",
		"ab_lng" : 114.123421,
		"ab_lat" : 22.550236,
		"al_lng" : 114.121788,
		"al_lat" : 22.556147,
		"cnt" : 62
	},
	{
		"abroad_site" : "皇岗口岸站",
		"alight_site" : "皇岗口岸站",
		"ab_lng" : 114.073972,
		"ab_lat" : 22.521799,
		"al_lng" : 114.073972,
		"al_lat" : 22.521799,
		"cnt" : 62
	},
	{
		"abroad_site" : "西丽站",
		"alight_site" : "黄贝岭站",
		"ab_lng" : 113.954396,
		"ab_lat" : 22.580677,
		"al_lng" : 114.142136,
		"al_lat" : 22.54862,
		"cnt" : 61
	},
	{
		"abroad_site" : "侨城东站",
		"alight_site" : "桃园站",
		"ab_lng" : 113.996651,
		"ab_lat" : 22.532406,
		"al_lng" : 113.924857,
		"al_lat" : 22.532357,
		"cnt" : 56
	},
	{
		"abroad_site" : "少年宫站",
		"alight_site" : "红山站",
		"ab_lng" : 114.06017,
		"ab_lat" : 22.548627,
		"al_lng" : 114.023465,
		"al_lat" : 22.621886,
		"cnt" : 52
	},
	{
		"abroad_site" : "东门②",
		"alight_site" : "菁华园",
		"ab_lng" : 113.94906,
		"ab_lat" : 22.52948,
		"al_lng" : 114.125923,
		"al_lat" : 22.593889,
		"cnt" : 52
	},
	{
		"abroad_site" : "大新站",
		"alight_site" : "红岭站",
		"ab_lng" : 113.915072,
		"ab_lat" : 22.532232,
		"al_lng" : 114.104584,
		"al_lat" : 22.54838,
		"cnt" : 51
	},
	{
		"abroad_site" : "杨美站",
		"alight_site" : "西丽站",
		"ab_lng" : 114.079975,
		"ab_lat" : 22.626777,
		"al_lng" : 113.954396,
		"al_lat" : 22.580677,
		"cnt" : 50
	},
	{
		"abroad_site" : "桃园站",
		"alight_site" : "侨城东站",
		"ab_lng" : 113.924857,
		"ab_lat" : 22.532357,
		"al_lng" : 113.996651,
		"al_lat" : 22.532406,
		"cnt" : 49
	},
	{
		"abroad_site" : "大运站",
		"alight_site" : "横岗站",
		"ab_lng" : 114.228163,
		"ab_lat" : 22.68572,
		"al_lng" : 114.208994,
		"al_lat" : 22.648442,
		"cnt" : 48
	},
	{
		"abroad_site" : "景田站",
		"alight_site" : "车公庙站",
		"ab_lng" : 114.043343,
		"ab_lat" : 22.553419,
		"al_lng" : 114.02583,
		"al_lat" : 22.536247,
		"cnt" : 43
	},
	{
		"abroad_site" : "人民桥",
		"alight_site" : "高级技校",
		"ab_lng" : 114.112717,
		"ab_lat" : 22.542286,
		"al_lng" : 114.064873,
		"al_lat" : 22.568388,
		"cnt" : 43
	},
	{
		"abroad_site" : "长龙站",
		"alight_site" : "民治站",
		"ab_lng" : 114.113825,
		"ab_lat" : 22.608053,
		"al_lng" : 114.04085,
		"al_lat" : 22.617545,
		"cnt" : 42
	},
	{
		"abroad_site" : "木棉湾站",
		"alight_site" : "翠竹站",
		"ab_lng" : 114.12702,
		"ab_lat" : 22.604577,
		"al_lng" : 114.129883,
		"al_lat" : 22.556188,
		"cnt" : 42
	},
	{
		"abroad_site" : "灵芝站",
		"alight_site" : "翻身站",
		"ab_lng" : 113.904158,
		"ab_lat" : 22.568964,
		"al_lng" : 113.893232,
		"al_lat" : 22.55969,
		"cnt" : 41
	},
	{
		"abroad_site" : "金光华广场",
		"alight_site" : "水库新村",
		"ab_lng" : 114.11972,
		"ab_lat" : 22.539951,
		"al_lng" : 114.139297,
		"al_lat" : 22.561897,
		"cnt" : 40
	},
	{
		"abroad_site" : "坪洲站",
		"alight_site" : "后瑞站",
		"ab_lng" : 113.899146,
		"ab_lat" : 22.563762,
		"al_lng" : 113.835449,
		"al_lat" : 22.628835,
		"cnt" : 40
	},
	{
		"abroad_site" : "华强路站",
		"alight_site" : "后瑞站",
		"ab_lng" : 114.085133,
		"ab_lat" : 22.540459,
		"al_lng" : 113.835449,
		"al_lat" : 22.628835,
		"cnt" : 39
	},
	{
		"abroad_site" : "华新站",
		"alight_site" : "新秀站",
		"ab_lng" : 114.086654,
		"ab_lat" : 22.548981,
		"al_lng" : 114.148765,
		"al_lat" : 22.547688,
		"cnt" : 39
	},
	{
		"abroad_site" : "沙井站",
		"alight_site" : "桥头站",
		"ab_lng" : 113.809759,
		"ab_lat" : 22.732605,
		"al_lng" : 113.811001,
		"al_lat" : 22.688133,
		"cnt" : 36
	},
	{
		"abroad_site" : "赤尾站",
		"alight_site" : "上沙站",
		"ab_lng" : 114.083598,
		"ab_lat" : 22.531374,
		"al_lng" : 114.028282,
		"al_lat" : 22.529348,
		"cnt" : 35
	},
	{
		"abroad_site" : "碧海湾站",
		"alight_site" : "碧海湾站",
		"ab_lng" : 113.856093,
		"ab_lat" : 22.575073,
		"al_lng" : 113.856093,
		"al_lat" : 22.575073,
		"cnt" : 34
	},
	{
		"abroad_site" : "沙尾站",
		"alight_site" : "车公庙站",
		"ab_lng" : 114.042579,
		"ab_lat" : 22.520798,
		"al_lng" : 114.02583,
		"al_lat" : 22.536247,
		"cnt" : 33
	},
	{
		"abroad_site" : "布吉街",
		"alight_site" : "荣超花园①",
		"ab_lng" : 114.1185,
		"ab_lat" : 22.600864,
		"al_lng" : 114.116425,
		"al_lat" : 22.594116,
		"cnt" : 33
	},
	{
		"abroad_site" : "塘坑站",
		"alight_site" : "丹竹头站",
		"ab_lng" : 114.192725,
		"ab_lat" : 22.639179,
		"al_lng" : 114.147644,
		"al_lat" : 22.61989,
		"cnt" : 33
	},
	{
		"abroad_site" : "翻身站",
		"alight_site" : "西乡站",
		"ab_lng" : 113.893232,
		"ab_lat" : 22.55969,
		"al_lng" : 113.882703,
		"al_lat" : 22.577428,
		"cnt" : 32
	},
	{
		"abroad_site" : "金城大厦①",
		"alight_site" : "布吉街",
		"ab_lng" : 114.122528,
		"ab_lat" : 22.542276,
		"al_lng" : 114.1185,
		"al_lat" : 22.600864,
		"cnt" : 32
	},
	{
		"abroad_site" : "罗湖小学",
		"alight_site" : "梅龙天桥",
		"ab_lng" : 114.11866,
		"ab_lat" : 22.538311,
		"al_lng" : 114.072632,
		"al_lat" : 22.570282,
		"cnt" : 31
	},
	{
		"abroad_site" : "门诊部②",
		"alight_site" : "田贝地铁站",
		"ab_lng" : 114.119484,
		"ab_lat" : 22.543303,
		"al_lng" : 114.129875,
		"al_lat" : 22.568356,
		"cnt" : 30
	},
	{
		"abroad_site" : "留仙洞站",
		"alight_site" : "塘朗站",
		"ab_lng" : 113.943543,
		"ab_lat" : 22.580534,
		"al_lng" : 113.999666,
		"al_lat" : 22.590097,
		"cnt" : 29
	},
	{
		"abroad_site" : "布心站",
		"alight_site" : "怡景地铁站①",
		"ab_lng" : 114.138045,
		"ab_lat" : 22.580986,
		"al_lng" : 114.140976,
		"al_lat" : 22.555035,
		"cnt" : 29
	},
	{
		"abroad_site" : "岗厦站",
		"alight_site" : "购物公园站",
		"ab_lng" : 114.063591,
		"ab_lat" : 22.547375,
		"al_lng" : 114.052948,
		"al_lat" : 22.53632,
		"cnt" : 29
	},
	{
		"abroad_site" : "上沙站",
		"alight_site" : "沙尾站",
		"ab_lng" : 114.028282,
		"ab_lat" : 22.529348,
		"al_lng" : 114.042579,
		"al_lat" : 22.520798,
		"cnt" : 28
	},
	{
		"abroad_site" : "田贝站",
		"alight_site" : "晒布站",
		"ab_lng" : 114.130052,
		"ab_lat" : 22.56728,
		"al_lng" : 114.122664,
		"al_lat" : 22.549238,
		"cnt" : 28
	},
	{
		"abroad_site" : "福田站",
		"alight_site" : "景田站",
		"ab_lng" : 114.057241,
		"ab_lat" : 22.53815,
		"al_lng" : 114.043343,
		"al_lat" : 22.553419,
		"cnt" : 28
	},
	{
		"abroad_site" : "福永站",
		"alight_site" : "桥头站",
		"ab_lng" : 113.82758,
		"ab_lat" : 22.671302,
		"al_lng" : 113.811001,
		"al_lat" : 22.688133,
		"cnt" : 26
	},
	{
		"abroad_site" : "东门①",
		"alight_site" : "下水径",
		"ab_lng" : 113.94906,
		"ab_lat" : 22.52948,
		"al_lng" : 114.110662,
		"al_lat" : 22.614833,
		"cnt" : 26
	},
	{
		"abroad_site" : "福民站",
		"alight_site" : "塘朗站",
		"ab_lng" : 114.065915,
		"ab_lat" : 22.523226,
		"al_lng" : 113.999666,
		"al_lat" : 22.590097,
		"cnt" : 26
	},
	{
		"abroad_site" : "东湖宾馆",
		"alight_site" : "南岭村",
		"ab_lng" : 114.144463,
		"ab_lat" : 22.573784,
		"al_lng" : 114.151367,
		"al_lat" : 22.606894,
		"cnt" : 25
	},
	{
		"abroad_site" : "坂田站",
		"alight_site" : "怡景站",
		"ab_lng" : 114.053191,
		"ab_lat" : 22.624917,
		"al_lng" : 114.140115,
		"al_lat" : 22.555856,
		"cnt" : 25
	},
	{
		"abroad_site" : "鲤鱼门站",
		"alight_site" : "坪洲站",
		"ab_lng" : 113.903079,
		"ab_lat" : 22.532005,
		"al_lng" : 113.899146,
		"al_lat" : 22.563762,
		"cnt" : 24
	},
	{
		"abroad_site" : "东门老街",
		"alight_site" : "水库总站",
		"ab_lng" : 114.120552,
		"ab_lat" : 22.544222,
		"al_lng" : 114.143227,
		"al_lat" : 22.566813,
		"cnt" : 24
	},
	{
		"abroad_site" : "深圳湾公园站",
		"alight_site" : "农林站",
		"ab_lng" : 113.993114,
		"ab_lat" : 22.521591,
		"al_lng" : 114.018135,
		"al_lat" : 22.540411,
		"cnt" : 24
	},
	{
		"abroad_site" : "太安站",
		"alight_site" : "下水径站",
		"ab_lng" : 114.137018,
		"ab_lat" : 22.572496,
		"al_lng" : 114.110662,
		"al_lat" : 22.614833,
		"cnt" : 24
	},
	{
		"abroad_site" : "下水径站",
		"alight_site" : "五和站",
		"ab_lng" : 114.110662,
		"ab_lat" : 22.614833,
		"al_lng" : 114.060681,
		"al_lat" : 22.626833,
		"cnt" : 24
	},
	{
		"abroad_site" : "荷坳站",
		"alight_site" : "晒布站",
		"ab_lng" : 114.22431,
		"ab_lat" : 22.673079,
		"al_lng" : 114.122664,
		"al_lat" : 22.549238,
		"cnt" : 24
	},
	{
		"abroad_site" : "华侨城站",
		"alight_site" : "侨城北站",
		"ab_lng" : 113.985369,
		"ab_lat" : 22.533489,
		"al_lng" : 113.989148,
		"al_lat" : 22.543992,
		"cnt" : 24
	},
	{
		"abroad_site" : "田贝①",
		"alight_site" : "信义逸翠园",
		"ab_lng" : 114.128052,
		"ab_lat" : 22.559996,
		"al_lng" : 114.123535,
		"al_lat" : 22.593927,
		"cnt" : 24
	},
	{
		"abroad_site" : "西乡站",
		"alight_site" : "华强路站",
		"ab_lng" : 113.882703,
		"ab_lat" : 22.577428,
		"al_lng" : 114.085133,
		"al_lat" : 22.540459,
		"cnt" : 24
	},
	{
		"abroad_site" : "六约站",
		"alight_site" : "南联站",
		"ab_lng" : 114.180646,
		"ab_lat" : 22.634322,
		"al_lng" : 114.265531,
		"al_lat" : 22.721967,
		"cnt" : 22
	},
	{
		"abroad_site" : "海馨苑",
		"alight_site" : "万家灯火",
		"ab_lng" : 114.08609,
		"ab_lat" : 22.553125,
		"al_lng" : 114.055901,
		"al_lat" : 22.602243,
		"cnt" : 21
	},
	{
		"abroad_site" : "横岭工业区",
		"alight_site" : "风和日丽北",
		"ab_lng" : 114.042583,
		"ab_lat" : 22.613214,
		"al_lng" : 114.03064,
		"al_lat" : 22.642939,
		"cnt" : 20
	},
	{
		"abroad_site" : "国贸站",
		"alight_site" : "国贸站",
		"ab_lng" : 114.118909,
		"ab_lat" : 22.53968,
		"al_lng" : 114.118909,
		"al_lat" : 22.53968,
		"cnt" : 20
	},
	{
		"abroad_site" : "红山站",
		"alight_site" : "塘朗站",
		"ab_lng" : 114.023465,
		"ab_lat" : 22.621886,
		"al_lng" : 113.999666,
		"al_lat" : 22.590097,
		"cnt" : 20
	},
	{
		"abroad_site" : "白石龙站",
		"alight_site" : "深圳北站",
		"ab_lng" : 114.042431,
		"ab_lat" : 22.601505,
		"al_lng" : 114.029113,
		"al_lat" : 22.609725,
		"cnt" : 20
	},
	{
		"abroad_site" : "翠竹站",
		"alight_site" : "草埔站",
		"ab_lng" : 114.129883,
		"ab_lat" : 22.556188,
		"al_lng" : 114.1165,
		"al_lat" : 22.584447,
		"cnt" : 20
	},
	{
		"abroad_site" : "科学馆站",
		"alight_site" : "大剧院站",
		"ab_lng" : 114.094946,
		"ab_lat" : 22.540618,
		"al_lng" : 114.107811,
		"al_lat" : 22.5418,
		"cnt" : 19
	},
	{
		"abroad_site" : "侨香站",
		"alight_site" : "深康站",
		"ab_lng" : 114.014378,
		"ab_lat" : 22.549784,
		"al_lng" : 113.998846,
		"al_lat" : 22.546456,
		"cnt" : 19
	},
	{
		"abroad_site" : "燕南站",
		"alight_site" : "侨香站",
		"ab_lng" : 114.092561,
		"ab_lat" : 22.544541,
		"al_lng" : 114.014378,
		"al_lat" : 22.549784,
		"cnt" : 19
	},
	{
		"abroad_site" : "康佳集团东",
		"alight_site" : "科技园②",
		"ab_lng" : 113.990761,
		"ab_lat" : 22.533251,
		"al_lng" : 113.94606,
		"al_lat" : 22.540133,
		"cnt" : 19
	},
	{
		"abroad_site" : "松岗站",
		"alight_site" : "宝安站",
		"ab_lng" : 113.851562,
		"ab_lat" : 22.770126,
		"al_lng" : 113.899146,
		"al_lat" : 22.563762,
		"cnt" : 19
	},
	{
		"abroad_site" : "石厦站",
		"alight_site" : "西丽站",
		"ab_lng" : 114.053616,
		"ab_lat" : 22.523708,
		"al_lng" : 113.954396,
		"al_lat" : 22.580677,
		"cnt" : 19
	},
	{
		"abroad_site" : "深圳书城",
		"alight_site" : "梅龙天桥",
		"ab_lng" : 114.108482,
		"ab_lat" : 22.541466,
		"al_lng" : 114.072632,
		"al_lat" : 22.570282,
		"cnt" : 18
	},
	{
		"abroad_site" : "龙胜站",
		"alight_site" : "福民站",
		"ab_lng" : 114.030946,
		"ab_lat" : 22.671135,
		"al_lng" : 114.065915,
		"al_lat" : 22.523226,
		"cnt" : 18
	},
	{
		"abroad_site" : "龙城广场站",
		"alight_site" : "荷坳站",
		"ab_lng" : 114.252541,
		"ab_lat" : 22.718138,
		"al_lng" : 114.22431,
		"al_lat" : 22.673079,
		"cnt" : 17
	},
	{
		"abroad_site" : "大学城站",
		"alight_site" : "大学城站",
		"ab_lng" : 113.965307,
		"ab_lat" : 22.581946,
		"al_lng" : 113.965307,
		"al_lat" : 22.581946,
		"cnt" : 17
	},
	{
		"abroad_site" : "新闻大厦",
		"alight_site" : "水库新村",
		"ab_lng" : 114.101646,
		"ab_lat" : 22.540726,
		"al_lng" : 114.139297,
		"al_lat" : 22.561897,
		"cnt" : 17
	},
	{
		"abroad_site" : "市委",
		"alight_site" : "塘坑地铁站",
		"ab_lng" : 114.099625,
		"ab_lat" : 22.540674,
		"al_lng" : 114.191956,
		"al_lat" : 22.63953,
		"cnt" : 17
	},
	{
		"abroad_site" : "梅景站",
		"alight_site" : "梅村站",
		"ab_lng" : 114.037934,
		"ab_lat" : 22.561028,
		"al_lng" : 114.038514,
		"al_lat" : 22.560759,
		"cnt" : 17
	},
	{
		"abroad_site" : "宝体站",
		"alight_site" : "坪洲站",
		"ab_lng" : 113.880641,
		"ab_lat" : 22.560741,
		"al_lng" : 113.899146,
		"al_lat" : 22.563762,
		"cnt" : 17
	},
	{
		"abroad_site" : "通新岭站",
		"alight_site" : "塘坑站",
		"ab_lng" : 114.096273,
		"ab_lat" : 22.549126,
		"al_lng" : 114.192725,
		"al_lat" : 22.639179,
		"cnt" : 17
	}
]
