[
	{
		"abroad_site" : "东门中②",
		"alight_site" : "布吉街",
		"ab_lng" : 114.123421,
		"ab_lat" : 22.550236,
		"al_lng" : 114.1185,
		"al_lat" : 22.600864,
		"cnt" : 62
	},
	{
		"abroad_site" : "火车站",
		"alight_site" : "火车站",
		"ab_lng" : 114.128059,
		"ab_lat" : 22.691498,
		"al_lng" : 114.128059,
		"al_lat" : 22.691498,
		"cnt" : 43
	},
	{
		"abroad_site" : "东门②",
		"alight_site" : "草埔地铁站①",
		"ab_lng" : 113.94906,
		"ab_lat" : 22.52948,
		"al_lng" : 114.117393,
		"al_lat" : 22.583862,
		"cnt" : 39
	},
	{
		"abroad_site" : "金光华广场",
		"alight_site" : "南湾人民医院",
		"ab_lng" : 114.11972,
		"ab_lat" : 22.539951,
		"al_lng" : 114.142761,
		"al_lat" : 22.606649,
		"cnt" : 39
	},
	{
		"abroad_site" : "金城大厦①",
		"alight_site" : "金光华广场",
		"ab_lng" : 114.122528,
		"ab_lat" : 22.542276,
		"al_lng" : 114.11972,
		"al_lat" : 22.539951,
		"cnt" : 30
	},
	{
		"abroad_site" : "人民桥",
		"alight_site" : "黄贝岭地铁站①",
		"ab_lng" : 114.112717,
		"ab_lat" : 22.542286,
		"al_lng" : 114.137535,
		"al_lat" : 22.546343,
		"cnt" : 26
	},
	{
		"abroad_site" : "建设路总站",
		"alight_site" : "洪湖公园①",
		"ab_lng" : 114.116859,
		"ab_lat" : 22.537018,
		"al_lng" : 114.122932,
		"al_lat" : 22.569027,
		"cnt" : 25
	},
	{
		"abroad_site" : "东门中①",
		"alight_site" : "竹园宾馆②",
		"ab_lng" : 114.123421,
		"ab_lat" : 22.550236,
		"al_lng" : 114.133713,
		"al_lat" : 22.558325,
		"cnt" : 24
	},
	{
		"abroad_site" : "京湖酒店",
		"alight_site" : "五方广场",
		"ab_lng" : 114.119083,
		"ab_lat" : 22.53497,
		"al_lng" : 114.132416,
		"al_lat" : 22.568312,
		"cnt" : 21
	},
	{
		"abroad_site" : "田贝①",
		"alight_site" : "洪湖公园①",
		"ab_lng" : 114.128052,
		"ab_lat" : 22.559996,
		"al_lng" : 114.122932,
		"al_lat" : 22.569027,
		"cnt" : 21
	},
	{
		"abroad_site" : "荣超花园①",
		"alight_site" : "布吉中学",
		"ab_lng" : 114.116425,
		"ab_lat" : 22.594116,
		"al_lng" : 114.114807,
		"al_lat" : 22.607426,
		"cnt" : 18
	},
	{
		"abroad_site" : "东门①",
		"alight_site" : "布吉街",
		"ab_lng" : 113.94906,
		"ab_lat" : 22.52948,
		"al_lng" : 114.1185,
		"al_lat" : 22.600864,
		"cnt" : 14
	},
	{
		"abroad_site" : "上海宾馆",
		"alight_site" : "世界之窗①",
		"ab_lng" : 114.083359,
		"ab_lat" : 22.540424,
		"al_lng" : 113.976463,
		"al_lat" : 22.53754,
		"cnt" : 12
	},
	{
		"abroad_site" : "深圳北站",
		"alight_site" : "五和大道南",
		"ab_lng" : 114.029113,
		"ab_lat" : 22.609725,
		"al_lng" : 114.061157,
		"al_lat" : 22.659479,
		"cnt" : 11
	},
	{
		"abroad_site" : "市委",
		"alight_site" : "岗厦北地铁站①",
		"ab_lng" : 114.099625,
		"ab_lat" : 22.540674,
		"al_lng" : 114.06924,
		"al_lat" : 22.540937,
		"cnt" : 11
	},
	{
		"abroad_site" : "投资大厦②",
		"alight_site" : "深大北门②",
		"ab_lng" : 114.053429,
		"ab_lat" : 22.539545,
		"al_lng" : 113.940536,
		"al_lat" : 22.539366,
		"cnt" : 10
	},
	{
		"abroad_site" : "阳光酒店",
		"alight_site" : "文锦南路",
		"ab_lng" : 114.122284,
		"ab_lat" : 22.540586,
		"al_lng" : 114.131096,
		"al_lat" : 22.543442,
		"cnt" : 10
	},
	{
		"abroad_site" : "滨海科苑立交",
		"alight_site" : "新洲村",
		"ab_lng" : 113.944252,
		"ab_lat" : 22.521061,
		"al_lng" : 114.04393,
		"al_lat" : 22.520126,
		"cnt" : 10
	},
	{
		"abroad_site" : "罗湖小学",
		"alight_site" : "太宁小学",
		"ab_lng" : 114.11866,
		"ab_lat" : 22.538311,
		"al_lng" : 114.139488,
		"al_lat" : 22.568108,
		"cnt" : 10
	},
	{
		"abroad_site" : "门诊部②",
		"alight_site" : "竹园宾馆②",
		"ab_lng" : 114.119484,
		"ab_lat" : 22.543303,
		"al_lng" : 114.133713,
		"al_lat" : 22.558325,
		"cnt" : 9
	},
	{
		"abroad_site" : "科技园②",
		"alight_site" : "桂庙新村",
		"ab_lng" : 113.94606,
		"ab_lat" : 22.540133,
		"al_lng" : 113.929306,
		"al_lat" : 22.527477,
		"cnt" : 9
	},
	{
		"abroad_site" : "黄贝岭地铁站②",
		"alight_site" : "罗芳三岔河",
		"ab_lng" : 114.136332,
		"ab_lat" : 22.546095,
		"al_lng" : 114.144119,
		"al_lat" : 22.541115,
		"cnt" : 9
	},
	{
		"abroad_site" : "布吉街",
		"alight_site" : "东门①",
		"ab_lng" : 114.1185,
		"ab_lat" : 22.600864,
		"al_lng" : 113.94906,
		"al_lat" : 22.52948,
		"cnt" : 9
	},
	{
		"abroad_site" : "水库总站",
		"alight_site" : "东门老街",
		"ab_lng" : 114.143227,
		"ab_lat" : 22.566813,
		"al_lng" : 114.120552,
		"al_lat" : 22.544222,
		"cnt" : 8
	},
	{
		"abroad_site" : "建设路",
		"alight_site" : "朗山路西",
		"ab_lng" : 114.116676,
		"ab_lat" : 22.538103,
		"al_lng" : 113.935158,
		"al_lat" : 22.556681,
		"cnt" : 8
	},
	{
		"abroad_site" : "东门老街",
		"alight_site" : "水库总站",
		"ab_lng" : 114.120552,
		"ab_lat" : 22.544222,
		"al_lng" : 114.143227,
		"al_lat" : 22.566813,
		"cnt" : 8
	},
	{
		"abroad_site" : "深航大厦①",
		"alight_site" : "世界之窗①",
		"ab_lng" : 114.020103,
		"ab_lat" : 22.534931,
		"al_lng" : 113.976463,
		"al_lat" : 22.53754,
		"cnt" : 8
	},
	{
		"abroad_site" : "岗边村②",
		"alight_site" : "布吉长龙新村",
		"ab_lng" : 114.086243,
		"ab_lat" : 22.544244,
		"al_lng" : 114.113159,
		"al_lat" : 22.613758,
		"cnt" : 8
	},
	{
		"abroad_site" : "水湾地铁站",
		"alight_site" : "玫瑰园",
		"ab_lng" : 113.920197,
		"ab_lat" : 22.488461,
		"al_lng" : 113.924706,
		"al_lat" : 22.498629,
		"cnt" : 8
	},
	{
		"abroad_site" : "田面",
		"alight_site" : "田贝②",
		"ab_lng" : 114.07869,
		"ab_lat" : 22.540251,
		"al_lng" : 114.128052,
		"al_lat" : 22.559996,
		"cnt" : 7
	},
	{
		"abroad_site" : "深圳书城",
		"alight_site" : "东门③",
		"ab_lng" : 114.108482,
		"ab_lat" : 22.541466,
		"al_lng" : 113.94906,
		"al_lat" : 22.52948,
		"cnt" : 7
	},
	{
		"abroad_site" : "新闻大厦",
		"alight_site" : "竹园宾馆②",
		"ab_lng" : 114.101646,
		"ab_lat" : 22.540726,
		"al_lng" : 114.133713,
		"al_lat" : 22.558325,
		"cnt" : 7
	},
	{
		"abroad_site" : "草埔地铁站①",
		"alight_site" : "翠枫豪园总站",
		"ab_lng" : 114.117393,
		"ab_lat" : 22.583862,
		"al_lng" : 114.101479,
		"al_lat" : 22.612263,
		"cnt" : 7
	},
	{
		"abroad_site" : "东湖宾馆",
		"alight_site" : "南岭村",
		"ab_lng" : 114.144463,
		"ab_lat" : 22.573784,
		"al_lng" : 114.151367,
		"al_lat" : 22.606894,
		"cnt" : 7
	},
	{
		"abroad_site" : "赤尾天桥",
		"alight_site" : "布吉街",
		"ab_lng" : 114.083636,
		"ab_lat" : 22.532336,
		"al_lng" : 114.1185,
		"al_lat" : 22.600864,
		"cnt" : 6
	},
	{
		"abroad_site" : "南新深南天桥②",
		"alight_site" : "上海宾馆",
		"ab_lng" : 113.920242,
		"ab_lat" : 22.539213,
		"al_lng" : 114.083359,
		"al_lat" : 22.540424,
		"cnt" : 6
	},
	{
		"abroad_site" : "龙岗区第二人民医院",
		"alight_site" : "金城大厦①",
		"ab_lng" : 114.116241,
		"ab_lat" : 22.605694,
		"al_lng" : 114.122528,
		"al_lat" : 22.542276,
		"cnt" : 6
	},
	{
		"abroad_site" : "地王大厦",
		"alight_site" : "水库新村",
		"ab_lng" : 114.109047,
		"ab_lat" : 22.54158,
		"al_lng" : 114.139297,
		"al_lat" : 22.561897,
		"cnt" : 6
	},
	{
		"abroad_site" : "国贸",
		"alight_site" : "五方广场",
		"ab_lng" : 114.118909,
		"ab_lat" : 22.53968,
		"al_lng" : 114.132416,
		"al_lat" : 22.568312,
		"cnt" : 6
	},
	{
		"abroad_site" : "布吉一村",
		"alight_site" : "上水径地铁站",
		"ab_lng" : 114.112029,
		"ab_lat" : 22.609868,
		"al_lng" : 114.105337,
		"al_lat" : 22.622046,
		"cnt" : 6
	},
	{
		"abroad_site" : "丽都酒店①",
		"alight_site" : "草埔地铁站①",
		"ab_lng" : 114.12384,
		"ab_lat" : 22.540049,
		"al_lng" : 114.117393,
		"al_lat" : 22.583862,
		"cnt" : 5
	},
	{
		"abroad_site" : "留医部①",
		"alight_site" : "竹园宾馆②",
		"ab_lng" : 114.131699,
		"ab_lat" : 22.557219,
		"al_lng" : 114.133713,
		"al_lat" : 22.558325,
		"cnt" : 5
	},
	{
		"abroad_site" : "白石洲①",
		"alight_site" : "桃园南新路口",
		"ab_lng" : 113.967048,
		"ab_lat" : 22.539604,
		"al_lng" : 113.920021,
		"al_lat" : 22.532564,
		"cnt" : 5
	},
	{
		"abroad_site" : "红桂路口",
		"alight_site" : "深圳东站",
		"ab_lng" : 114.106346,
		"ab_lat" : 22.549566,
		"al_lng" : 114.118698,
		"al_lat" : 22.532539,
		"cnt" : 5
	},
	{
		"abroad_site" : "龙珠花园②",
		"alight_site" : "双龙地铁站①",
		"ab_lng" : 114.119934,
		"ab_lat" : 22.601986,
		"al_lng" : 114.277405,
		"al_lat" : 22.728924,
		"cnt" : 5
	},
	{
		"abroad_site" : "布吉中学",
		"alight_site" : "三联广场",
		"ab_lng" : 114.114807,
		"ab_lat" : 22.607426,
		"al_lng" : 114.114494,
		"al_lat" : 22.628246,
		"cnt" : 5
	},
	{
		"abroad_site" : "民乐地铁站③",
		"alight_site" : "四季花城①",
		"ab_lng" : 114.050278,
		"ab_lat" : 22.596098,
		"al_lng" : 114.060783,
		"al_lat" : 22.624311,
		"cnt" : 5
	},
	{
		"abroad_site" : "华富路公交始发站⑦",
		"alight_site" : "横岭工业区",
		"ab_lng" : 114.081291,
		"ab_lat" : 22.544945,
		"al_lng" : 114.042583,
		"al_lat" : 22.613214,
		"cnt" : 5
	},
	{
		"abroad_site" : "竹子林①",
		"alight_site" : "竹子林①",
		"ab_lng" : 114.013917,
		"ab_lat" : 22.533357,
		"al_lng" : 114.013917,
		"al_lat" : 22.533357,
		"cnt" : 5
	},
	{
		"abroad_site" : "金海燕花园",
		"alight_site" : "丽都酒店①",
		"ab_lng" : 113.998154,
		"ab_lat" : 22.530369,
		"al_lng" : 114.12384,
		"al_lat" : 22.540049,
		"cnt" : 5
	},
	{
		"abroad_site" : "长岭陂地铁站",
		"alight_site" : "西丽法庭②",
		"ab_lng" : 114.010275,
		"ab_lat" : 22.599395,
		"al_lng" : 113.954353,
		"al_lat" : 22.578091,
		"cnt" : 5
	},
	{
		"abroad_site" : "东门③",
		"alight_site" : "荣超花园②",
		"ab_lng" : 113.94906,
		"ab_lat" : 22.52948,
		"al_lng" : 114.116425,
		"al_lat" : 22.594116,
		"cnt" : 5
	},
	{
		"abroad_site" : "深南香蜜立交①",
		"alight_site" : "星光之约②",
		"ab_lng" : 114.030777,
		"ab_lat" : 22.536732,
		"al_lng" : 114.059875,
		"al_lat" : 22.607527,
		"cnt" : 5
	},
	{
		"abroad_site" : "大冲①",
		"alight_site" : "锦绣中华①",
		"ab_lng" : 113.951508,
		"ab_lat" : 22.540386,
		"al_lng" : 113.9907,
		"al_lat" : 22.533251,
		"cnt" : 5
	},
	{
		"abroad_site" : "岗厦地铁站",
		"alight_site" : "东门中①",
		"ab_lng" : 114.06649,
		"ab_lat" : 22.534813,
		"al_lng" : 114.123421,
		"al_lat" : 22.550236,
		"cnt" : 5
	},
	{
		"abroad_site" : "兴华宾馆东",
		"alight_site" : "东门老街",
		"ab_lng" : 114.094429,
		"ab_lat" : 22.540573,
		"al_lng" : 114.120552,
		"al_lat" : 22.544222,
		"cnt" : 5
	},
	{
		"abroad_site" : "华强北站",
		"alight_site" : "华强北站",
		"ab_lng" : 114.086243,
		"ab_lat" : 22.544244,
		"al_lng" : 114.086243,
		"al_lat" : 22.544244,
		"cnt" : 5
	},
	{
		"abroad_site" : "会展中心南",
		"alight_site" : "洪湖公园①",
		"ab_lng" : 114.057678,
		"ab_lat" : 22.528976,
		"al_lng" : 114.122932,
		"al_lat" : 22.569027,
		"cnt" : 5
	},
	{
		"abroad_site" : "大冲②",
		"alight_site" : "深南香蜜立交②",
		"ab_lng" : 113.951508,
		"ab_lat" : 22.540386,
		"al_lng" : 114.030777,
		"al_lat" : 22.536732,
		"cnt" : 5
	},
	{
		"abroad_site" : "福田实验学校②",
		"alight_site" : "东门中①",
		"ab_lng" : 114.045036,
		"ab_lat" : 22.528402,
		"al_lng" : 114.123421,
		"al_lat" : 22.550236,
		"cnt" : 4
	},
	{
		"abroad_site" : "独树村①",
		"alight_site" : "布吉中学",
		"ab_lng" : 114.119621,
		"ab_lat" : 22.578421,
		"al_lng" : 114.114807,
		"al_lat" : 22.607426,
		"cnt" : 4
	},
	{
		"abroad_site" : "福田党校",
		"alight_site" : "滢水山庄",
		"ab_lng" : 114.066185,
		"ab_lat" : 22.571871,
		"al_lng" : 114.051895,
		"al_lat" : 22.601324,
		"cnt" : 4
	},
	{
		"abroad_site" : "龙城广场地铁站",
		"alight_site" : "南联天桥",
		"ab_lng" : 114.255051,
		"ab_lat" : 22.717171,
		"al_lng" : 114.261398,
		"al_lat" : 22.719978,
		"cnt" : 4
	},
	{
		"abroad_site" : "市六医院东",
		"alight_site" : "布吉中学",
		"ab_lng" : 113.924744,
		"ab_lat" : 22.529762,
		"al_lng" : 114.114807,
		"al_lat" : 22.607426,
		"cnt" : 4
	},
	{
		"abroad_site" : "洪湖公园①",
		"alight_site" : "田贝①",
		"ab_lng" : 114.122932,
		"ab_lat" : 22.569027,
		"al_lng" : 114.128052,
		"al_lat" : 22.559996,
		"cnt" : 4
	},
	{
		"abroad_site" : "科技南路",
		"alight_site" : "白石洲①",
		"ab_lng" : 113.950027,
		"ab_lat" : 22.530313,
		"al_lng" : 113.967048,
		"al_lat" : 22.539604,
		"cnt" : 4
	},
	{
		"abroad_site" : "南头①",
		"alight_site" : "岗厦北地铁站①",
		"ab_lng" : 113.922516,
		"ab_lat" : 22.540352,
		"al_lng" : 114.06924,
		"al_lat" : 22.540937,
		"cnt" : 4
	},
	{
		"abroad_site" : "田贝地铁站",
		"alight_site" : "康宁医院",
		"ab_lng" : 114.129875,
		"ab_lat" : 22.568356,
		"al_lng" : 114.130325,
		"al_lat" : 22.563681,
		"cnt" : 4
	},
	{
		"abroad_site" : "招商银行大厦①",
		"alight_site" : "西丽社区②",
		"ab_lng" : 114.022881,
		"ab_lat" : 22.535429,
		"al_lng" : 113.954277,
		"al_lat" : 22.57361,
		"cnt" : 4
	},
	{
		"abroad_site" : "惠鑫公寓",
		"alight_site" : "清湖市场",
		"ab_lng" : 114.04512,
		"ab_lat" : 22.603037,
		"al_lng" : 114.034515,
		"al_lat" : 22.672222,
		"cnt" : 4
	},
	{
		"abroad_site" : "独树村②",
		"alight_site" : "草埔地铁站⑥",
		"ab_lng" : 114.119621,
		"ab_lat" : 22.578421,
		"al_lng" : 114.117393,
		"al_lat" : 22.583862,
		"cnt" : 4
	},
	{
		"abroad_site" : "龙岗长途客运站",
		"alight_site" : "坪东工业区",
		"ab_lng" : 114.272163,
		"ab_lat" : 22.726158,
		"al_lng" : 114.312439,
		"al_lat" : 22.776588,
		"cnt" : 4
	},
	{
		"abroad_site" : "爱国大厦",
		"alight_site" : "翠园中学东晓校区",
		"ab_lng" : 114.132103,
		"ab_lat" : 22.552017,
		"al_lng" : 114.136421,
		"al_lat" : 22.581705,
		"cnt" : 4
	},
	{
		"abroad_site" : "水库",
		"alight_site" : "樟树布社区",
		"ab_lng" : 114.142723,
		"ab_lat" : 22.569313,
		"al_lng" : 114.15461,
		"al_lat" : 22.605537,
		"cnt" : 4
	},
	{
		"abroad_site" : "世界之窗站",
		"alight_site" : "世界之窗站",
		"ab_lng" : 113.974216,
		"ab_lat" : 22.5369,
		"al_lng" : 113.974216,
		"al_lat" : 22.5369,
		"cnt" : 4
	},
	{
		"abroad_site" : "双龙地铁站③",
		"alight_site" : "新大坑市场",
		"ab_lng" : 114.276436,
		"ab_lat" : 22.728479,
		"al_lng" : 114.294334,
		"al_lat" : 22.72253,
		"cnt" : 4
	},
	{
		"abroad_site" : "冶金大厦",
		"alight_site" : "黄贝岭地铁站①",
		"ab_lng" : 114.133469,
		"ab_lat" : 22.545555,
		"al_lng" : 114.137535,
		"al_lat" : 22.546343,
		"cnt" : 4
	},
	{
		"abroad_site" : "民乐地铁站①",
		"alight_site" : "金龙华广场",
		"ab_lng" : 114.050385,
		"ab_lat" : 22.594336,
		"al_lng" : 114.017235,
		"al_lat" : 22.661467,
		"cnt" : 4
	},
	{
		"abroad_site" : "怡景花园",
		"alight_site" : "罗湖体育馆①",
		"ab_lng" : 114.138206,
		"ab_lat" : 22.557821,
		"al_lng" : 114.15106,
		"al_lat" : 22.555438,
		"cnt" : 4
	},
	{
		"abroad_site" : "南航公司",
		"alight_site" : "深圳书城",
		"ab_lng" : 113.924057,
		"ab_lat" : 22.526653,
		"al_lng" : 114.108482,
		"al_lat" : 22.541466,
		"cnt" : 4
	},
	{
		"abroad_site" : "岗厦村",
		"alight_site" : "福民新村",
		"ab_lng" : 114.068161,
		"ab_lat" : 22.534035,
		"al_lng" : 114.068344,
		"al_lat" : 22.5228,
		"cnt" : 3
	},
	{
		"abroad_site" : "文锦南路",
		"alight_site" : "莲塘",
		"ab_lng" : 114.131096,
		"ab_lat" : 22.543442,
		"al_lng" : 114.172119,
		"al_lat" : 22.560308,
		"cnt" : 3
	},
	{
		"abroad_site" : "儿童公园②",
		"alight_site" : "茵悦之生",
		"ab_lng" : 114.121788,
		"ab_lat" : 22.556147,
		"al_lng" : 114.111389,
		"al_lat" : 22.626827,
		"cnt" : 3
	},
	{
		"abroad_site" : "深圳北站枢纽公交场站",
		"alight_site" : "坂田手造文化街",
		"ab_lng" : 114.02995,
		"ab_lat" : 22.611695,
		"al_lng" : 114.066643,
		"al_lat" : 22.61664,
		"cnt" : 3
	},
	{
		"abroad_site" : "荣超花园③",
		"alight_site" : "三联广场",
		"ab_lng" : 114.116425,
		"ab_lat" : 22.594116,
		"al_lng" : 114.114494,
		"al_lat" : 22.628246,
		"cnt" : 3
	},
	{
		"abroad_site" : "岗厦北地铁站②",
		"alight_site" : "招商银行大厦①",
		"ab_lng" : 114.06924,
		"ab_lat" : 22.540937,
		"al_lng" : 114.022881,
		"al_lat" : 22.535429,
		"cnt" : 3
	},
	{
		"abroad_site" : "桃园站",
		"alight_site" : "桃园站",
		"ab_lng" : 113.924857,
		"ab_lat" : 22.532357,
		"al_lng" : 113.924857,
		"al_lat" : 22.532357,
		"cnt" : 3
	},
	{
		"abroad_site" : "草埔地铁站②",
		"alight_site" : "深圳东站",
		"ab_lng" : 114.117393,
		"ab_lat" : 22.583862,
		"al_lng" : 114.118698,
		"al_lat" : 22.532539,
		"cnt" : 3
	},
	{
		"abroad_site" : "南联地铁站",
		"alight_site" : "坪东工业区",
		"ab_lng" : 114.265549,
		"ab_lat" : 22.722122,
		"al_lng" : 114.312439,
		"al_lat" : 22.776588,
		"cnt" : 3
	},
	{
		"abroad_site" : "莲塘",
		"alight_site" : "沙头角海关",
		"ab_lng" : 114.172119,
		"ab_lat" : 22.560308,
		"al_lng" : 114.224846,
		"al_lat" : 22.553078,
		"cnt" : 3
	},
	{
		"abroad_site" : "西岭下",
		"alight_site" : "安芳小学",
		"ab_lng" : 114.159805,
		"ab_lat" : 22.557956,
		"al_lng" : 114.154572,
		"al_lat" : 22.544312,
		"cnt" : 3
	},
	{
		"abroad_site" : "南山文体中心",
		"alight_site" : "白石洲②",
		"ab_lng" : 113.924545,
		"ab_lat" : 22.534964,
		"al_lng" : 113.967048,
		"al_lat" : 22.539604,
		"cnt" : 3
	},
	{
		"abroad_site" : "皓月花园",
		"alight_site" : "星光之约②",
		"ab_lng" : 114.043365,
		"ab_lat" : 22.615303,
		"al_lng" : 114.059875,
		"al_lat" : 22.607527,
		"cnt" : 3
	},
	{
		"abroad_site" : "深大北门②",
		"alight_site" : "东门中①",
		"ab_lng" : 113.940536,
		"ab_lat" : 22.539366,
		"al_lng" : 114.123421,
		"al_lat" : 22.550236,
		"cnt" : 3
	},
	{
		"abroad_site" : "坪洲站",
		"alight_site" : "坪洲站",
		"ab_lng" : 113.899146,
		"ab_lat" : 22.563762,
		"al_lng" : 113.899146,
		"al_lat" : 22.563762,
		"cnt" : 3
	},
	{
		"abroad_site" : "金城大厦②",
		"alight_site" : "樟树布社区",
		"ab_lng" : 114.122528,
		"ab_lat" : 22.542276,
		"al_lng" : 114.15461,
		"al_lat" : 22.605537,
		"cnt" : 3
	},
	{
		"abroad_site" : "卓越时代广场",
		"alight_site" : "人民桥",
		"ab_lng" : 114.057167,
		"ab_lat" : 22.534748,
		"al_lng" : 114.112717,
		"al_lat" : 22.542286,
		"cnt" : 3
	},
	{
		"abroad_site" : "深圳湾口岸",
		"alight_site" : "白石洲①",
		"ab_lng" : 113.951416,
		"ab_lat" : 22.505091,
		"al_lng" : 113.967048,
		"al_lat" : 22.539604,
		"cnt" : 3
	},
	{
		"abroad_site" : "横岭",
		"alight_site" : "华富市场",
		"ab_lng" : 114.045677,
		"ab_lat" : 22.607674,
		"al_lng" : 114.025002,
		"al_lat" : 22.651093,
		"cnt" : 3
	},
	{
		"abroad_site" : "留医部②",
		"alight_site" : "购物公园总站",
		"ab_lng" : 114.132149,
		"ab_lat" : 22.557644,
		"al_lng" : 114.053388,
		"al_lat" : 22.53514,
		"cnt" : 3
	}
]
