[
	{
		"abroad_site" : "布吉站",
		"alight_site" : "石厦站",
		"ab_lng" : 114.123749,
		"ab_lat" : 22.617382,
		"al_lng" : 114.053616,
		"al_lat" : 22.523708,
		"cnt" : 975
	},
	{
		"abroad_site" : "罗湖站",
		"alight_site" : "上塘站",
		"ab_lng" : 114.116746,
		"ab_lat" : 22.560244,
		"al_lng" : 114.012808,
		"al_lat" : 22.637134,
		"cnt" : 595
	},
	{
		"abroad_site" : "清湖站",
		"alight_site" : "深圳北站",
		"ab_lng" : 114.037033,
		"ab_lat" : 22.665243,
		"al_lng" : 114.029113,
		"al_lat" : 22.609725,
		"cnt" : 504
	},
	{
		"abroad_site" : "固戍站",
		"alight_site" : "老街站",
		"ab_lng" : 113.846792,
		"ab_lat" : 22.601363,
		"al_lng" : 114.116939,
		"al_lat" : 22.544232,
		"cnt" : 486
	},
	{
		"abroad_site" : "五和站",
		"alight_site" : "深圳北站",
		"ab_lng" : 114.060681,
		"ab_lat" : 22.626833,
		"al_lng" : 114.029113,
		"al_lat" : 22.609725,
		"cnt" : 383
	},
	{
		"abroad_site" : "黄贝岭站",
		"alight_site" : "龙华站",
		"ab_lng" : 114.142136,
		"ab_lat" : 22.54862,
		"al_lng" : 114.030946,
		"al_lat" : 22.671135,
		"cnt" : 355
	},
	{
		"abroad_site" : "龙华站",
		"alight_site" : "罗湖站",
		"ab_lng" : 114.030946,
		"ab_lat" : 22.671135,
		"al_lng" : 114.116746,
		"al_lat" : 22.560244,
		"cnt" : 327
	},
	{
		"abroad_site" : "龙胜站",
		"alight_site" : "龙胜站",
		"ab_lng" : 114.030946,
		"ab_lat" : 22.671135,
		"al_lng" : 114.030946,
		"al_lat" : 22.671135,
		"cnt" : 313
	},
	{
		"abroad_site" : "坪洲站",
		"alight_site" : "水湾站",
		"ab_lng" : 113.899146,
		"ab_lat" : 22.563762,
		"al_lng" : 113.924844,
		"al_lat" : 22.485098,
		"cnt" : 297
	},
	{
		"abroad_site" : "民治站",
		"alight_site" : "布心站",
		"ab_lng" : 114.04085,
		"ab_lat" : 22.617545,
		"al_lng" : 114.138045,
		"al_lat" : 22.580986,
		"cnt" : 284
	},
	{
		"abroad_site" : "丹竹头站",
		"alight_site" : "后海站",
		"ab_lng" : 114.147644,
		"ab_lat" : 22.61989,
		"al_lng" : 113.942498,
		"al_lat" : 22.518422,
		"cnt" : 264
	},
	{
		"abroad_site" : "福民站",
		"alight_site" : "益田站",
		"ab_lng" : 114.065915,
		"ab_lat" : 22.523226,
		"al_lng" : 114.050987,
		"al_lat" : 22.516287,
		"cnt" : 259
	},
	{
		"abroad_site" : "大新站",
		"alight_site" : "大剧院站",
		"ab_lng" : 113.915072,
		"ab_lat" : 22.532232,
		"al_lng" : 114.107811,
		"al_lat" : 22.5418,
		"cnt" : 252
	},
	{
		"abroad_site" : "深圳北站",
		"alight_site" : "赤尾站",
		"ab_lng" : 114.029113,
		"ab_lat" : 22.609725,
		"al_lng" : 114.083598,
		"al_lat" : 22.531374,
		"cnt" : 252
	},
	{
		"abroad_site" : "草埔站",
		"alight_site" : "福田口岸站",
		"ab_lng" : 114.1165,
		"ab_lat" : 22.584447,
		"al_lng" : 114.069273,
		"al_lat" : 22.515737,
		"cnt" : 237
	},
	{
		"abroad_site" : "沙井站",
		"alight_site" : "翻身站",
		"ab_lng" : 113.809759,
		"ab_lat" : 22.732605,
		"al_lng" : 113.893232,
		"al_lat" : 22.55969,
		"cnt" : 236
	},
	{
		"abroad_site" : "长龙站",
		"alight_site" : "大学城站",
		"ab_lng" : 114.113825,
		"ab_lat" : 22.608053,
		"al_lng" : 113.965307,
		"al_lat" : 22.581946,
		"cnt" : 235
	},
	{
		"abroad_site" : "白石洲站",
		"alight_site" : "深圳北站",
		"ab_lng" : 113.968773,
		"ab_lat" : 22.53944,
		"al_lng" : 114.029113,
		"al_lat" : 22.609725,
		"cnt" : 224
	},
	{
		"abroad_site" : "双龙站",
		"alight_site" : "华强路站",
		"ab_lng" : 114.277422,
		"ab_lat" : 22.728806,
		"al_lng" : 114.085133,
		"al_lat" : 22.540459,
		"cnt" : 208
	},
	{
		"abroad_site" : "坂田站",
		"alight_site" : "坂田站",
		"ab_lng" : 114.053191,
		"ab_lat" : 22.624917,
		"al_lng" : 114.053191,
		"al_lat" : 22.624917,
		"cnt" : 200
	},
	{
		"abroad_site" : "沙尾站",
		"alight_site" : "车公庙站",
		"ab_lng" : 114.042579,
		"ab_lat" : 22.520798,
		"al_lng" : 114.02583,
		"al_lat" : 22.536247,
		"cnt" : 194
	},
	{
		"abroad_site" : "上塘站",
		"alight_site" : "深圳大学站",
		"ab_lng" : 114.012808,
		"ab_lat" : 22.637134,
		"al_lng" : 113.931847,
		"al_lat" : 22.533911,
		"cnt" : 193
	},
	{
		"abroad_site" : "机场站",
		"alight_site" : "石厦站",
		"ab_lng" : 113.813663,
		"ab_lat" : 22.624026,
		"al_lng" : 114.053616,
		"al_lat" : 22.523708,
		"cnt" : 190
	},
	{
		"abroad_site" : "怡景站",
		"alight_site" : "深圳北站",
		"ab_lng" : 114.140115,
		"ab_lat" : 22.555856,
		"al_lng" : 114.029113,
		"al_lat" : 22.609725,
		"cnt" : 185
	},
	{
		"abroad_site" : "福永站",
		"alight_site" : "龙胜站",
		"ab_lng" : 113.82758,
		"ab_lat" : 22.671302,
		"al_lng" : 114.030946,
		"al_lat" : 22.671135,
		"cnt" : 182
	},
	{
		"abroad_site" : "塘坑站",
		"alight_site" : "罗湖站",
		"ab_lng" : 114.192725,
		"ab_lat" : 22.639179,
		"al_lng" : 114.116746,
		"al_lat" : 22.560244,
		"cnt" : 178
	},
	{
		"abroad_site" : "西丽站",
		"alight_site" : "湖贝站",
		"ab_lng" : 113.954396,
		"ab_lat" : 22.580677,
		"al_lng" : 114.125437,
		"al_lat" : 22.544287,
		"cnt" : 169
	},
	{
		"abroad_site" : "翻身站",
		"alight_site" : "沙井站",
		"ab_lng" : 113.893232,
		"ab_lat" : 22.55969,
		"al_lng" : 113.809759,
		"al_lat" : 22.732605,
		"cnt" : 168
	},
	{
		"abroad_site" : "南山站",
		"alight_site" : "黄木岗站",
		"ab_lng" : 113.912877,
		"ab_lat" : 22.542716,
		"al_lng" : 114.08728,
		"al_lat" : 22.555843,
		"cnt" : 164
	},
	{
		"abroad_site" : "大芬站",
		"alight_site" : "后海站",
		"ab_lng" : 114.110773,
		"ab_lat" : 22.613581,
		"al_lng" : 113.942498,
		"al_lat" : 22.518422,
		"cnt" : 163
	},
	{
		"abroad_site" : "灵芝站",
		"alight_site" : "晒布站",
		"ab_lng" : 113.904158,
		"ab_lat" : 22.568964,
		"al_lng" : 114.122664,
		"al_lat" : 22.549238,
		"cnt" : 160
	},
	{
		"abroad_site" : "上沙站",
		"alight_site" : "皇岗口岸站",
		"ab_lng" : 114.028282,
		"ab_lat" : 22.529348,
		"al_lng" : 114.073972,
		"al_lat" : 22.521799,
		"cnt" : 159
	},
	{
		"abroad_site" : "桥头站",
		"alight_site" : "南山站",
		"ab_lng" : 113.811001,
		"ab_lat" : 22.688133,
		"al_lng" : 113.912877,
		"al_lat" : 22.542716,
		"cnt" : 157
	},
	{
		"abroad_site" : "景田站",
		"alight_site" : "银湖站",
		"ab_lng" : 114.043343,
		"ab_lat" : 22.553419,
		"al_lng" : 114.089157,
		"al_lat" : 22.568182,
		"cnt" : 150
	},
	{
		"abroad_site" : "岗厦站",
		"alight_site" : "国贸站",
		"ab_lng" : 114.063591,
		"ab_lat" : 22.547375,
		"al_lng" : 114.118909,
		"al_lat" : 22.53968,
		"cnt" : 149
	},
	{
		"abroad_site" : "横岗站",
		"alight_site" : "机场站",
		"ab_lng" : 114.208994,
		"ab_lat" : 22.648442,
		"al_lng" : 113.813663,
		"al_lat" : 22.624026,
		"cnt" : 149
	},
	{
		"abroad_site" : "晒布站",
		"alight_site" : "皇岗口岸站",
		"ab_lng" : 114.122664,
		"ab_lat" : 22.549238,
		"al_lng" : 114.073972,
		"al_lat" : 22.521799,
		"cnt" : 147
	},
	{
		"abroad_site" : "福田口岸站",
		"alight_site" : "东角头站",
		"ab_lng" : 114.069273,
		"ab_lat" : 22.515737,
		"al_lng" : 113.931149,
		"al_lat" : 22.486325,
		"cnt" : 146
	},
	{
		"abroad_site" : "机场东站",
		"alight_site" : "桃园站",
		"ab_lng" : 113.823677,
		"ab_lat" : 22.646675,
		"al_lng" : 113.924857,
		"al_lat" : 22.532357,
		"cnt" : 146
	},
	{
		"abroad_site" : "布心站",
		"alight_site" : "深圳北站",
		"ab_lng" : 114.138045,
		"ab_lat" : 22.580986,
		"al_lng" : 114.029113,
		"al_lat" : 22.609725,
		"cnt" : 146
	},
	{
		"abroad_site" : "杨美站",
		"alight_site" : "华强路站",
		"ab_lng" : 114.079975,
		"ab_lat" : 22.626777,
		"al_lng" : 114.085133,
		"al_lat" : 22.540459,
		"cnt" : 143
	},
	{
		"abroad_site" : "白石龙站",
		"alight_site" : "益田站",
		"ab_lng" : 114.042431,
		"ab_lat" : 22.601505,
		"al_lng" : 114.050987,
		"al_lat" : 22.516287,
		"cnt" : 142
	},
	{
		"abroad_site" : "泥岗站",
		"alight_site" : "通新岭站",
		"ab_lng" : 114.097634,
		"ab_lat" : 22.567804,
		"al_lng" : 114.096273,
		"al_lat" : 22.549126,
		"cnt" : 141
	},
	{
		"abroad_site" : "登良站",
		"alight_site" : "东角头站",
		"ab_lng" : 113.937602,
		"ab_lat" : 22.509146,
		"al_lng" : 113.931149,
		"al_lat" : 22.486325,
		"cnt" : 139
	},
	{
		"abroad_site" : "爱联站",
		"alight_site" : "通新岭站",
		"ab_lng" : 114.234423,
		"ab_lat" : 22.697495,
		"al_lng" : 114.096273,
		"al_lat" : 22.549126,
		"cnt" : 138
	},
	{
		"abroad_site" : "石厦站",
		"alight_site" : "第十工业区",
		"ab_lng" : 114.053616,
		"ab_lat" : 22.523708,
		"al_lng" : 114.034187,
		"al_lat" : 22.648046,
		"cnt" : 133
	},
	{
		"abroad_site" : "西乡站",
		"alight_site" : "海上世界站",
		"ab_lng" : 113.882703,
		"ab_lat" : 22.577428,
		"al_lng" : 113.915111,
		"al_lat" : 22.485101,
		"cnt" : 133
	},
	{
		"abroad_site" : "樟树布社区",
		"alight_site" : "门诊部②",
		"ab_lng" : 114.15461,
		"ab_lat" : 22.605537,
		"al_lng" : 114.119484,
		"al_lat" : 22.543303,
		"cnt" : 131
	},
	{
		"abroad_site" : "南联站",
		"alight_site" : "草埔站",
		"ab_lng" : 114.265531,
		"ab_lat" : 22.721967,
		"al_lng" : 114.1165,
		"al_lat" : 22.584447,
		"cnt" : 128
	},
	{
		"abroad_site" : "下水径站",
		"alight_site" : "福民站",
		"ab_lng" : 114.110662,
		"ab_lat" : 22.614833,
		"al_lng" : 114.065915,
		"al_lat" : 22.523226,
		"cnt" : 127
	},
	{
		"abroad_site" : "洪浪北站",
		"alight_site" : "深圳北站",
		"ab_lng" : 113.910585,
		"ab_lat" : 22.574543,
		"al_lng" : 114.029113,
		"al_lat" : 22.609725,
		"cnt" : 124
	},
	{
		"abroad_site" : "民乐站",
		"alight_site" : "竹子林站",
		"ab_lng" : 114.050385,
		"ab_lat" : 22.594336,
		"al_lng" : 114.013917,
		"al_lat" : 22.533357,
		"cnt" : 122
	},
	{
		"abroad_site" : "松岗站",
		"alight_site" : "福永站",
		"ab_lng" : 113.851562,
		"ab_lat" : 22.770126,
		"al_lng" : 113.82758,
		"al_lat" : 22.671302,
		"cnt" : 119
	},
	{
		"abroad_site" : "龙城广场站",
		"alight_site" : "华强路站",
		"ab_lng" : 114.252541,
		"ab_lat" : 22.718138,
		"al_lng" : 114.085133,
		"al_lat" : 22.540459,
		"cnt" : 118
	},
	{
		"abroad_site" : "木棉湾站",
		"alight_site" : "福田口岸站",
		"ab_lng" : 114.12702,
		"ab_lat" : 22.604577,
		"al_lng" : 114.069273,
		"al_lat" : 22.515737,
		"cnt" : 115
	},
	{
		"abroad_site" : "六约站",
		"alight_site" : "翠竹站",
		"ab_lng" : 114.180646,
		"ab_lat" : 22.634322,
		"al_lng" : 114.129883,
		"al_lat" : 22.556188,
		"cnt" : 114
	},
	{
		"abroad_site" : "鲤鱼门站",
		"alight_site" : "高新园站",
		"ab_lng" : 113.903079,
		"ab_lat" : 22.532005,
		"al_lng" : 113.953842,
		"al_lat" : 22.540236,
		"cnt" : 111
	},
	{
		"abroad_site" : "上梅林站",
		"alight_site" : "会展中心站",
		"ab_lng" : 114.05944,
		"ab_lat" : 22.570462,
		"al_lng" : 114.061101,
		"al_lat" : 22.534769,
		"cnt" : 110
	},
	{
		"abroad_site" : "东角头站",
		"alight_site" : "罗湖站",
		"ab_lng" : 113.931149,
		"ab_lat" : 22.486325,
		"al_lng" : 114.116746,
		"al_lat" : 22.560244,
		"cnt" : 109
	},
	{
		"abroad_site" : "龙岗区第二人民医院",
		"alight_site" : "东门中②",
		"ab_lng" : 114.116241,
		"ab_lat" : 22.605694,
		"al_lng" : 114.123421,
		"al_lat" : 22.550236,
		"cnt" : 108
	},
	{
		"abroad_site" : "后瑞站",
		"alight_site" : "民乐站",
		"ab_lng" : 113.835449,
		"ab_lat" : 22.628835,
		"al_lng" : 114.050385,
		"al_lat" : 22.594336,
		"cnt" : 108
	},
	{
		"abroad_site" : "布吉街",
		"alight_site" : "东门①",
		"ab_lng" : 114.1185,
		"ab_lat" : 22.600864,
		"al_lng" : 113.94906,
		"al_lat" : 22.52948,
		"cnt" : 105
	},
	{
		"abroad_site" : "赤尾站",
		"alight_site" : "黄木岗站",
		"ab_lng" : 114.083598,
		"ab_lat" : 22.531374,
		"al_lng" : 114.08728,
		"al_lat" : 22.555843,
		"cnt" : 104
	},
	{
		"abroad_site" : "大剧院站",
		"alight_site" : "田贝站",
		"ab_lng" : 114.107811,
		"ab_lat" : 22.5418,
		"al_lng" : 114.130052,
		"al_lat" : 22.56728,
		"cnt" : 103
	},
	{
		"abroad_site" : "马鞍山站",
		"alight_site" : "罗湖站",
		"ab_lng" : 113.817039,
		"ab_lat" : 22.713516,
		"al_lng" : 114.116746,
		"al_lat" : 22.560244,
		"cnt" : 103
	},
	{
		"abroad_site" : "世界之窗站",
		"alight_site" : "塘朗站",
		"ab_lng" : 113.974216,
		"ab_lat" : 22.5369,
		"al_lng" : 113.999666,
		"al_lat" : 22.590097,
		"cnt" : 101
	},
	{
		"abroad_site" : "科学馆站",
		"alight_site" : "罗湖站",
		"ab_lng" : 114.094946,
		"ab_lat" : 22.540618,
		"al_lng" : 114.116746,
		"al_lat" : 22.560244,
		"cnt" : 100
	},
	{
		"abroad_site" : "塘尾站",
		"alight_site" : "南山站",
		"ab_lng" : 113.908073,
		"ab_lat" : 22.749704,
		"al_lng" : 113.912877,
		"al_lat" : 22.542716,
		"cnt" : 93
	},
	{
		"abroad_site" : "湖贝站",
		"alight_site" : "灵芝站",
		"ab_lng" : 114.125437,
		"ab_lat" : 22.544287,
		"al_lng" : 113.904158,
		"al_lat" : 22.568964,
		"cnt" : 92
	},
	{
		"abroad_site" : "永湖站",
		"alight_site" : "通新岭站",
		"ab_lng" : 114.218042,
		"ab_lat" : 22.658995,
		"al_lng" : 114.096273,
		"al_lat" : 22.549126,
		"cnt" : 91
	},
	{
		"abroad_site" : "上水径站",
		"alight_site" : "深圳北站",
		"ab_lng" : 114.105337,
		"ab_lat" : 22.622046,
		"al_lng" : 114.029113,
		"al_lat" : 22.609725,
		"cnt" : 91
	},
	{
		"abroad_site" : "益田站",
		"alight_site" : "通新岭站",
		"ab_lng" : 114.050987,
		"ab_lat" : 22.516287,
		"al_lng" : 114.096273,
		"al_lat" : 22.549126,
		"cnt" : 90
	},
	{
		"abroad_site" : "太安站",
		"alight_site" : "深圳北站",
		"ab_lng" : 114.137018,
		"ab_lat" : 22.572496,
		"al_lng" : 114.029113,
		"al_lat" : 22.609725,
		"cnt" : 87
	},
	{
		"abroad_site" : "国贸站",
		"alight_site" : "深圳北站",
		"ab_lng" : 114.118909,
		"ab_lat" : 22.53968,
		"al_lng" : 114.029113,
		"al_lat" : 22.609725,
		"cnt" : 86
	},
	{
		"abroad_site" : "章輋村",
		"alight_site" : "滨海科苑立交",
		"ab_lng" : 114.112099,
		"ab_lat" : 22.587904,
		"al_lng" : 113.944252,
		"al_lat" : 22.521061,
		"cnt" : 86
	},
	{
		"abroad_site" : "南岭村",
		"alight_site" : "东角头站",
		"ab_lng" : 114.151367,
		"ab_lat" : 22.606894,
		"al_lng" : 113.931149,
		"al_lat" : 22.486325,
		"cnt" : 83
	},
	{
		"abroad_site" : "下梅林站",
		"alight_site" : "南山站",
		"ab_lng" : 114.041768,
		"ab_lat" : 22.565672,
		"al_lng" : 113.912877,
		"al_lat" : 22.542716,
		"cnt" : 82
	},
	{
		"abroad_site" : "红山站",
		"alight_site" : "水贝站",
		"ab_lng" : 114.023465,
		"ab_lat" : 22.621886,
		"al_lng" : 114.124974,
		"al_lat" : 22.573988,
		"cnt" : 82
	},
	{
		"abroad_site" : "冶金大厦",
		"alight_site" : "金湖山庄",
		"ab_lng" : 114.133469,
		"ab_lat" : 22.545555,
		"al_lng" : 114.088043,
		"al_lat" : 22.572487,
		"cnt" : 81
	},
	{
		"abroad_site" : "下水径",
		"alight_site" : "桂园工商所",
		"ab_lng" : 114.110662,
		"ab_lat" : 22.614833,
		"al_lng" : 114.112961,
		"al_lat" : 22.544987,
		"cnt" : 80
	},
	{
		"abroad_site" : "桃园站",
		"alight_site" : "机场站",
		"ab_lng" : 113.924857,
		"ab_lat" : 22.532357,
		"al_lng" : 113.813663,
		"al_lat" : 22.624026,
		"cnt" : 80
	},
	{
		"abroad_site" : "荣超花园①",
		"alight_site" : "体育馆东",
		"ab_lng" : 114.116425,
		"ab_lat" : 22.594116,
		"al_lng" : 114.09462,
		"al_lat" : 22.558493,
		"cnt" : 79
	},
	{
		"abroad_site" : "布吉一村",
		"alight_site" : "桂庙路口",
		"ab_lng" : 114.112029,
		"ab_lat" : 22.609868,
		"al_lng" : 113.935623,
		"al_lat" : 22.525793,
		"cnt" : 79
	},
	{
		"abroad_site" : "东边",
		"alight_site" : "罗湖小学",
		"ab_lng" : 114.03894,
		"ab_lat" : 22.623993,
		"al_lng" : 114.11866,
		"al_lat" : 22.538311,
		"cnt" : 77
	},
	{
		"abroad_site" : "一电科技①",
		"alight_site" : "潜龙湾",
		"ab_lng" : 113.920128,
		"ab_lat" : 22.64776,
		"al_lng" : 113.919128,
		"al_lat" : 22.486345,
		"cnt" : 77
	},
	{
		"abroad_site" : "大学城站",
		"alight_site" : "大学城站",
		"ab_lng" : 113.965307,
		"ab_lat" : 22.581946,
		"al_lng" : 113.965307,
		"al_lat" : 22.581946,
		"cnt" : 76
	},
	{
		"abroad_site" : "大浪石观工业区",
		"alight_site" : "灵芝站",
		"ab_lng" : 114.000214,
		"ab_lat" : 22.661684,
		"al_lng" : 113.904158,
		"al_lat" : 22.568964,
		"cnt" : 75
	},
	{
		"abroad_site" : "华强路站",
		"alight_site" : "坪洲站",
		"ab_lng" : 114.085133,
		"ab_lat" : 22.540459,
		"al_lng" : 113.899146,
		"al_lat" : 22.563762,
		"cnt" : 72
	},
	{
		"abroad_site" : "兴东站",
		"alight_site" : "香蜜湖站",
		"ab_lng" : 113.919013,
		"ab_lat" : 22.581822,
		"al_lng" : 114.038637,
		"al_lat" : 22.538887,
		"cnt" : 71
	},
	{
		"abroad_site" : "梅景站",
		"alight_site" : "上沙站",
		"ab_lng" : 114.037934,
		"ab_lat" : 22.561028,
		"al_lng" : 114.028282,
		"al_lat" : 22.529348,
		"cnt" : 71
	},
	{
		"abroad_site" : "白石洲②",
		"alight_site" : "松岗天虹商场",
		"ab_lng" : 113.967048,
		"ab_lat" : 22.539604,
		"al_lng" : 113.849792,
		"al_lat" : 22.76198,
		"cnt" : 70
	},
	{
		"abroad_site" : "桂芳园",
		"alight_site" : "科技园①",
		"ab_lng" : 114.140495,
		"ab_lat" : 22.616913,
		"al_lng" : 113.94606,
		"al_lat" : 22.540133,
		"cnt" : 69
	},
	{
		"abroad_site" : "翠竹站",
		"alight_site" : "南联站",
		"ab_lng" : 114.129883,
		"ab_lat" : 22.556188,
		"al_lng" : 114.265531,
		"al_lat" : 22.721967,
		"cnt" : 69
	},
	{
		"abroad_site" : "塘朗站",
		"alight_site" : "翻身站",
		"ab_lng" : 113.999666,
		"ab_lat" : 22.590097,
		"al_lng" : 113.893232,
		"al_lat" : 22.55969,
		"cnt" : 68
	},
	{
		"abroad_site" : "红岭站",
		"alight_site" : "梅景站",
		"ab_lng" : 114.104584,
		"ab_lat" : 22.54838,
		"al_lng" : 114.037934,
		"al_lat" : 22.561028,
		"cnt" : 68
	},
	{
		"abroad_site" : "荣超花园②",
		"alight_site" : "岗边村②",
		"ab_lng" : 114.116425,
		"ab_lat" : 22.594116,
		"al_lng" : 114.086243,
		"al_lat" : 22.544244,
		"cnt" : 68
	},
	{
		"abroad_site" : "竹子林站",
		"alight_site" : "益田站",
		"ab_lng" : 114.013917,
		"ab_lat" : 22.533357,
		"al_lng" : 114.050987,
		"al_lat" : 22.516287,
		"cnt" : 68
	},
	{
		"abroad_site" : "珠光站",
		"alight_site" : "红门",
		"ab_lng" : 113.960559,
		"ab_lat" : 22.56827,
		"al_lng" : 114.090523,
		"al_lat" : 22.637053,
		"cnt" : 67
	},
	{
		"abroad_site" : "下沙站",
		"alight_site" : "深圳湾公园站",
		"ab_lng" : 114.272293,
		"ab_lat" : 22.700365,
		"al_lng" : 113.993114,
		"al_lat" : 22.521591,
		"cnt" : 66
	},
	{
		"abroad_site" : "新洲村",
		"alight_site" : "妇幼保健院",
		"ab_lng" : 114.04393,
		"ab_lat" : 22.520126,
		"al_lng" : 114.048035,
		"al_lat" : 22.517704,
		"cnt" : 65
	}
]
