[
	{
		"abroad_site" : "清湖站",
		"alight_site" : "莲花北站",
		"ab_lng" : 114.037033,
		"ab_lat" : 22.665243,
		"al_lng" : 114.059402,
		"al_lat" : 22.560538,
		"cnt" : 1156
	},
	{
		"abroad_site" : "坪洲站",
		"alight_site" : "东角头站",
		"ab_lng" : 113.899146,
		"ab_lat" : 22.563762,
		"al_lng" : 113.931149,
		"al_lat" : 22.486325,
		"cnt" : 1148
	},
	{
		"abroad_site" : "固戍站",
		"alight_site" : "老街站",
		"ab_lng" : 113.846792,
		"ab_lat" : 22.601363,
		"al_lng" : 114.116939,
		"al_lat" : 22.544232,
		"cnt" : 1080
	},
	{
		"abroad_site" : "五和站",
		"alight_site" : "少年宫站",
		"ab_lng" : 114.060681,
		"ab_lat" : 22.626833,
		"al_lng" : 114.06017,
		"al_lat" : 22.548627,
		"cnt" : 1038
	},
	{
		"abroad_site" : "龙胜站",
		"alight_site" : "深圳北站",
		"ab_lng" : 114.030946,
		"ab_lat" : 22.671135,
		"al_lng" : 114.029113,
		"al_lat" : 22.609725,
		"cnt" : 875
	},
	{
		"abroad_site" : "布吉站",
		"alight_site" : "翠竹站",
		"ab_lng" : 114.123749,
		"ab_lat" : 22.617382,
		"al_lng" : 114.129883,
		"al_lat" : 22.556188,
		"cnt" : 831
	},
	{
		"abroad_site" : "丹竹头站",
		"alight_site" : "深圳北站",
		"ab_lng" : 114.147644,
		"ab_lat" : 22.61989,
		"al_lng" : 114.029113,
		"al_lat" : 22.609725,
		"cnt" : 775
	},
	{
		"abroad_site" : "龙华站",
		"alight_site" : "燕南站",
		"ab_lng" : 114.030946,
		"ab_lat" : 22.671135,
		"al_lng" : 114.092561,
		"al_lat" : 22.544541,
		"cnt" : 757
	},
	{
		"abroad_site" : "民治站",
		"alight_site" : "深圳北站",
		"ab_lng" : 114.04085,
		"ab_lat" : 22.617545,
		"al_lng" : 114.029113,
		"al_lat" : 22.609725,
		"cnt" : 688
	},
	{
		"abroad_site" : "深圳北站",
		"alight_site" : "五和站",
		"ab_lng" : 114.029113,
		"ab_lat" : 22.609725,
		"al_lng" : 114.060681,
		"al_lat" : 22.626833,
		"cnt" : 667
	},
	{
		"abroad_site" : "大新站",
		"alight_site" : "双龙站",
		"ab_lng" : 113.915072,
		"ab_lat" : 22.532232,
		"al_lng" : 114.277422,
		"al_lat" : 22.728806,
		"cnt" : 650
	},
	{
		"abroad_site" : "白石洲站",
		"alight_site" : "沙头角海关",
		"ab_lng" : 113.968773,
		"ab_lat" : 22.53944,
		"al_lng" : 114.224846,
		"al_lat" : 22.553078,
		"cnt" : 632
	},
	{
		"abroad_site" : "白石龙站",
		"alight_site" : "深圳北站",
		"ab_lng" : 114.042431,
		"ab_lat" : 22.601505,
		"al_lng" : 114.029113,
		"al_lat" : 22.609725,
		"cnt" : 629
	},
	{
		"abroad_site" : "福田口岸站",
		"alight_site" : "福民站",
		"ab_lng" : 114.069273,
		"ab_lat" : 22.515737,
		"al_lng" : 114.065915,
		"al_lat" : 22.523226,
		"cnt" : 616
	},
	{
		"abroad_site" : "横岗站",
		"alight_site" : "田贝站",
		"ab_lng" : 114.208994,
		"ab_lat" : 22.648442,
		"al_lng" : 114.130052,
		"al_lat" : 22.56728,
		"cnt" : 582
	},
	{
		"abroad_site" : "长龙站",
		"alight_site" : "西乡站",
		"ab_lng" : 114.113825,
		"ab_lat" : 22.608053,
		"al_lng" : 113.882703,
		"al_lat" : 22.577428,
		"cnt" : 527
	},
	{
		"abroad_site" : "福民站",
		"alight_site" : "华强南站",
		"ab_lng" : 114.065915,
		"ab_lat" : 22.523226,
		"al_lng" : 114.086825,
		"al_lat" : 22.537214,
		"cnt" : 520
	},
	{
		"abroad_site" : "南山站",
		"alight_site" : "后海站",
		"ab_lng" : 113.912877,
		"ab_lat" : 22.542716,
		"al_lng" : 113.942498,
		"al_lat" : 22.518422,
		"cnt" : 493
	},
	{
		"abroad_site" : "黄贝岭站",
		"alight_site" : "龙华站",
		"ab_lng" : 114.142136,
		"ab_lat" : 22.54862,
		"al_lng" : 114.030946,
		"al_lat" : 22.671135,
		"cnt" : 479
	},
	{
		"abroad_site" : "下水径站",
		"alight_site" : "皇岗口岸站",
		"ab_lng" : 114.110662,
		"ab_lat" : 22.614833,
		"al_lng" : 114.073972,
		"al_lat" : 22.521799,
		"cnt" : 477
	},
	{
		"abroad_site" : "灵芝站",
		"alight_site" : "深圳北站",
		"ab_lng" : 113.904158,
		"ab_lat" : 22.568964,
		"al_lng" : 114.029113,
		"al_lat" : 22.609725,
		"cnt" : 473
	},
	{
		"abroad_site" : "罗湖站",
		"alight_site" : "大剧院站",
		"ab_lng" : 114.116746,
		"ab_lat" : 22.560244,
		"al_lng" : 114.107811,
		"al_lat" : 22.5418,
		"cnt" : 467
	},
	{
		"abroad_site" : "大芬站",
		"alight_site" : "长龙站",
		"ab_lng" : 114.110773,
		"ab_lat" : 22.613581,
		"al_lng" : 114.113825,
		"al_lat" : 22.608053,
		"cnt" : 461
	},
	{
		"abroad_site" : "西丽站",
		"alight_site" : "少年宫站",
		"ab_lng" : 113.954396,
		"ab_lat" : 22.580677,
		"al_lng" : 114.06017,
		"al_lat" : 22.548627,
		"cnt" : 458
	},
	{
		"abroad_site" : "坂田站",
		"alight_site" : "吉祥站",
		"ab_lng" : 114.053191,
		"ab_lat" : 22.624917,
		"al_lng" : 114.244318,
		"al_lat" : 22.709488,
		"cnt" : 435
	},
	{
		"abroad_site" : "沙井站",
		"alight_site" : "宝安站",
		"ab_lng" : 113.809759,
		"ab_lat" : 22.732605,
		"al_lng" : 113.899146,
		"al_lat" : 22.563762,
		"cnt" : 423
	},
	{
		"abroad_site" : "双龙站",
		"alight_site" : "翠竹站",
		"ab_lng" : 114.277422,
		"ab_lat" : 22.728806,
		"al_lng" : 114.129883,
		"al_lat" : 22.556188,
		"cnt" : 422
	},
	{
		"abroad_site" : "上塘站",
		"alight_site" : "福民站",
		"ab_lng" : 114.012808,
		"ab_lat" : 22.637134,
		"al_lng" : 114.065915,
		"al_lat" : 22.523226,
		"cnt" : 422
	},
	{
		"abroad_site" : "西乡站",
		"alight_site" : "购物公园站",
		"ab_lng" : 113.882703,
		"ab_lat" : 22.577428,
		"al_lng" : 114.052948,
		"al_lat" : 22.53632,
		"cnt" : 419
	},
	{
		"abroad_site" : "塘坑站",
		"alight_site" : "木棉湾站",
		"ab_lng" : 114.192725,
		"ab_lat" : 22.639179,
		"al_lng" : 114.12702,
		"al_lat" : 22.604577,
		"cnt" : 417
	},
	{
		"abroad_site" : "草埔站",
		"alight_site" : "大剧院站",
		"ab_lng" : 114.1165,
		"ab_lat" : 22.584447,
		"al_lng" : 114.107811,
		"al_lat" : 22.5418,
		"cnt" : 415
	},
	{
		"abroad_site" : "杨美站",
		"alight_site" : "笋岗仓库",
		"ab_lng" : 114.079975,
		"ab_lat" : 22.626777,
		"al_lng" : 114.109207,
		"al_lat" : 22.557692,
		"cnt" : 411
	},
	{
		"abroad_site" : "石厦站",
		"alight_site" : "石厦站",
		"ab_lng" : 114.053616,
		"ab_lat" : 22.523708,
		"al_lng" : 114.053616,
		"al_lat" : 22.523708,
		"cnt" : 387
	},
	{
		"abroad_site" : "爱联站",
		"alight_site" : "布吉站",
		"ab_lng" : 114.234423,
		"ab_lat" : 22.697495,
		"al_lng" : 114.123749,
		"al_lat" : 22.617382,
		"cnt" : 383
	},
	{
		"abroad_site" : "福永站",
		"alight_site" : "深圳大学站",
		"ab_lng" : 113.82758,
		"ab_lat" : 22.671302,
		"al_lng" : 113.931847,
		"al_lat" : 22.533911,
		"cnt" : 380
	},
	{
		"abroad_site" : "沙尾站",
		"alight_site" : "华强南站",
		"ab_lng" : 114.042579,
		"ab_lat" : 22.520798,
		"al_lng" : 114.086825,
		"al_lat" : 22.537214,
		"cnt" : 377
	},
	{
		"abroad_site" : "六约站",
		"alight_site" : "翠竹站",
		"ab_lng" : 114.180646,
		"ab_lat" : 22.634322,
		"al_lng" : 114.129883,
		"al_lat" : 22.556188,
		"cnt" : 368
	},
	{
		"abroad_site" : "民乐站",
		"alight_site" : "通新岭站",
		"ab_lng" : 114.050385,
		"ab_lat" : 22.594336,
		"al_lng" : 114.096273,
		"al_lat" : 22.549126,
		"cnt" : 358
	},
	{
		"abroad_site" : "翻身站",
		"alight_site" : "龙华站",
		"ab_lng" : 113.893232,
		"ab_lat" : 22.55969,
		"al_lng" : 114.030946,
		"al_lat" : 22.671135,
		"cnt" : 357
	},
	{
		"abroad_site" : "木棉湾站",
		"alight_site" : "灵芝站",
		"ab_lng" : 114.12702,
		"ab_lat" : 22.604577,
		"al_lng" : 113.904158,
		"al_lat" : 22.568964,
		"cnt" : 352
	},
	{
		"abroad_site" : "世界之窗站",
		"alight_site" : "景田站",
		"ab_lng" : 113.974216,
		"ab_lat" : 22.5369,
		"al_lng" : 114.043343,
		"al_lat" : 22.553419,
		"cnt" : 348
	},
	{
		"abroad_site" : "桥头站",
		"alight_site" : "黄贝岭站",
		"ab_lng" : 113.811001,
		"ab_lat" : 22.688133,
		"al_lng" : 114.142136,
		"al_lat" : 22.54862,
		"cnt" : 346
	},
	{
		"abroad_site" : "上沙站",
		"alight_site" : "五和站",
		"ab_lng" : 114.028282,
		"ab_lat" : 22.529348,
		"al_lng" : 114.060681,
		"al_lat" : 22.626833,
		"cnt" : 339
	},
	{
		"abroad_site" : "后瑞站",
		"alight_site" : "深圳北站",
		"ab_lng" : 113.835449,
		"ab_lat" : 22.628835,
		"al_lng" : 114.029113,
		"al_lat" : 22.609725,
		"cnt" : 335
	},
	{
		"abroad_site" : "大剧院站",
		"alight_site" : "福田口岸站",
		"ab_lng" : 114.107811,
		"ab_lat" : 22.5418,
		"al_lng" : 114.069273,
		"al_lat" : 22.515737,
		"cnt" : 322
	},
	{
		"abroad_site" : "岗厦站",
		"alight_site" : "晒布站",
		"ab_lng" : 114.063591,
		"ab_lat" : 22.547375,
		"al_lng" : 114.122664,
		"al_lat" : 22.549238,
		"cnt" : 321
	},
	{
		"abroad_site" : "晒布站",
		"alight_site" : "登良站",
		"ab_lng" : 114.122664,
		"ab_lat" : 22.549238,
		"al_lng" : 113.937602,
		"al_lat" : 22.509146,
		"cnt" : 315
	},
	{
		"abroad_site" : "景田站",
		"alight_site" : "深圳北站",
		"ab_lng" : 114.043343,
		"ab_lat" : 22.553419,
		"al_lng" : 114.029113,
		"al_lat" : 22.609725,
		"cnt" : 315
	},
	{
		"abroad_site" : "鲤鱼门站",
		"alight_site" : "侨城东站",
		"ab_lng" : 113.903079,
		"ab_lat" : 22.532005,
		"al_lng" : 113.996651,
		"al_lat" : 22.532406,
		"cnt" : 307
	},
	{
		"abroad_site" : "布心站",
		"alight_site" : "深圳北站",
		"ab_lng" : 114.138045,
		"ab_lat" : 22.580986,
		"al_lng" : 114.029113,
		"al_lat" : 22.609725,
		"cnt" : 303
	},
	{
		"abroad_site" : "碧海湾站",
		"alight_site" : "沙井站",
		"ab_lng" : 113.856093,
		"ab_lat" : 22.575073,
		"al_lng" : 113.809759,
		"al_lat" : 22.732605,
		"cnt" : 298
	},
	{
		"abroad_site" : "洪浪北站",
		"alight_site" : "翻身站",
		"ab_lng" : 113.910585,
		"ab_lat" : 22.574543,
		"al_lng" : 113.893232,
		"al_lat" : 22.55969,
		"cnt" : 296
	},
	{
		"abroad_site" : "松岗站",
		"alight_site" : "碧海湾站",
		"ab_lng" : 113.851562,
		"ab_lat" : 22.770126,
		"al_lng" : 113.856093,
		"al_lat" : 22.575073,
		"cnt" : 287
	},
	{
		"abroad_site" : "南联站",
		"alight_site" : "蛇口沃尔玛②",
		"ab_lng" : 114.265531,
		"ab_lat" : 22.721967,
		"al_lng" : 113.922821,
		"al_lat" : 22.502737,
		"cnt" : 283
	},
	{
		"abroad_site" : "泥岗站",
		"alight_site" : "人民南站",
		"ab_lng" : 114.097634,
		"ab_lat" : 22.567804,
		"al_lng" : 114.118154,
		"al_lat" : 22.535514,
		"cnt" : 268
	},
	{
		"abroad_site" : "赤尾站",
		"alight_site" : "南联站",
		"ab_lng" : 114.083598,
		"ab_lat" : 22.531374,
		"al_lng" : 114.265531,
		"al_lat" : 22.721967,
		"cnt" : 266
	},
	{
		"abroad_site" : "机场东站",
		"alight_site" : "罗湖站",
		"ab_lng" : 113.823677,
		"ab_lat" : 22.646675,
		"al_lng" : 114.116746,
		"al_lat" : 22.560244,
		"cnt" : 266
	},
	{
		"abroad_site" : "上梅林站",
		"alight_site" : "红岭南站",
		"ab_lng" : 114.05944,
		"ab_lat" : 22.570462,
		"al_lng" : 114.104749,
		"al_lat" : 22.539943,
		"cnt" : 256
	},
	{
		"abroad_site" : "怡景站",
		"alight_site" : "长龙站",
		"ab_lng" : 114.140115,
		"ab_lat" : 22.555856,
		"al_lng" : 114.113825,
		"al_lat" : 22.608053,
		"cnt" : 248
	},
	{
		"abroad_site" : "太安站",
		"alight_site" : "深圳北站",
		"ab_lng" : 114.137018,
		"ab_lat" : 22.572496,
		"al_lng" : 114.029113,
		"al_lat" : 22.609725,
		"cnt" : 242
	},
	{
		"abroad_site" : "马鞍山站",
		"alight_site" : "机场站",
		"ab_lng" : 113.817039,
		"ab_lat" : 22.713516,
		"al_lng" : 113.813663,
		"al_lat" : 22.624026,
		"cnt" : 230
	},
	{
		"abroad_site" : "上水径站",
		"alight_site" : "上梅林站",
		"ab_lng" : 114.105337,
		"ab_lat" : 22.622046,
		"al_lng" : 114.05944,
		"al_lat" : 22.570462,
		"cnt" : 229
	},
	{
		"abroad_site" : "东角头站",
		"alight_site" : "科学馆站",
		"ab_lng" : 113.931149,
		"ab_lat" : 22.486325,
		"al_lng" : 114.094946,
		"al_lat" : 22.540618,
		"cnt" : 229
	},
	{
		"abroad_site" : "红山站",
		"alight_site" : "福田口岸站",
		"ab_lng" : 114.023465,
		"ab_lat" : 22.621886,
		"al_lng" : 114.069273,
		"al_lat" : 22.515737,
		"cnt" : 228
	},
	{
		"abroad_site" : "龙城广场站",
		"alight_site" : "福田中医院",
		"ab_lng" : 114.252541,
		"ab_lat" : 22.718138,
		"al_lng" : 114.041023,
		"al_lat" : 22.560101,
		"cnt" : 225
	},
	{
		"abroad_site" : "桃园站",
		"alight_site" : "侨香站",
		"ab_lng" : 113.924857,
		"ab_lat" : 22.532357,
		"al_lng" : 114.014378,
		"al_lat" : 22.549784,
		"cnt" : 220
	},
	{
		"abroad_site" : "益田站",
		"alight_site" : "少年宫站",
		"ab_lng" : 114.050987,
		"ab_lat" : 22.516287,
		"al_lng" : 114.06017,
		"al_lat" : 22.548627,
		"cnt" : 219
	},
	{
		"abroad_site" : "白石洲②",
		"alight_site" : "南头②",
		"ab_lng" : 113.967048,
		"ab_lat" : 22.539604,
		"al_lng" : 113.922073,
		"al_lat" : 22.540373,
		"cnt" : 219
	},
	{
		"abroad_site" : "竹子林站",
		"alight_site" : "国贸站",
		"ab_lng" : 114.013917,
		"ab_lat" : 22.533357,
		"al_lng" : 114.118909,
		"al_lat" : 22.53968,
		"cnt" : 216
	},
	{
		"abroad_site" : "下沙站",
		"alight_site" : "宝安站",
		"ab_lng" : 114.272293,
		"ab_lat" : 22.700365,
		"al_lng" : 113.899146,
		"al_lat" : 22.563762,
		"cnt" : 216
	},
	{
		"abroad_site" : "笋岗站",
		"alight_site" : "通新岭站",
		"ab_lng" : 114.116746,
		"ab_lat" : 22.560244,
		"al_lng" : 114.096273,
		"al_lat" : 22.549126,
		"cnt" : 215
	},
	{
		"abroad_site" : "樟树布社区",
		"alight_site" : "东门中①",
		"ab_lng" : 114.15461,
		"ab_lat" : 22.605537,
		"al_lng" : 114.123421,
		"al_lat" : 22.550236,
		"cnt" : 207
	},
	{
		"abroad_site" : "塘尾站",
		"alight_site" : "红树湾南站",
		"ab_lng" : 113.908073,
		"ab_lat" : 22.749704,
		"al_lng" : 113.971433,
		"al_lat" : 22.523023,
		"cnt" : 204
	},
	{
		"abroad_site" : "翠竹站",
		"alight_site" : "大运站",
		"ab_lng" : 114.129883,
		"ab_lat" : 22.556188,
		"al_lng" : 114.228163,
		"al_lat" : 22.68572,
		"cnt" : 202
	},
	{
		"abroad_site" : "机场站",
		"alight_site" : "松岗站",
		"ab_lng" : 113.813663,
		"ab_lat" : 22.624026,
		"al_lng" : 113.851562,
		"al_lat" : 22.770126,
		"cnt" : 201
	},
	{
		"abroad_site" : "兴东站",
		"alight_site" : "布心站",
		"ab_lng" : 113.919013,
		"ab_lat" : 22.581822,
		"al_lng" : 114.138045,
		"al_lat" : 22.580986,
		"cnt" : 195
	},
	{
		"abroad_site" : "下梅林站",
		"alight_site" : "老街站",
		"ab_lng" : 114.041768,
		"ab_lat" : 22.565672,
		"al_lng" : 114.116939,
		"al_lat" : 22.544232,
		"cnt" : 194
	},
	{
		"abroad_site" : "永湖站",
		"alight_site" : "莲花村站",
		"ab_lng" : 114.218042,
		"ab_lat" : 22.658995,
		"al_lng" : 114.067829,
		"al_lat" : 22.548646,
		"cnt" : 191
	},
	{
		"abroad_site" : "布吉街",
		"alight_site" : "东门①",
		"ab_lng" : 114.1185,
		"ab_lat" : 22.600864,
		"al_lng" : 113.94906,
		"al_lat" : 22.52948,
		"cnt" : 191
	},
	{
		"abroad_site" : "大运站",
		"alight_site" : "翠竹站",
		"ab_lng" : 114.228163,
		"ab_lat" : 22.68572,
		"al_lng" : 114.129883,
		"al_lat" : 22.556188,
		"cnt" : 186
	},
	{
		"abroad_site" : "宝体站",
		"alight_site" : "岗头村委",
		"ab_lng" : 113.880641,
		"ab_lat" : 22.560741,
		"al_lng" : 114.065865,
		"al_lat" : 22.658693,
		"cnt" : 180
	},
	{
		"abroad_site" : "大学城站",
		"alight_site" : "深圳北站",
		"ab_lng" : 113.965307,
		"ab_lat" : 22.581946,
		"al_lng" : 114.029113,
		"al_lat" : 22.609725,
		"cnt" : 175
	},
	{
		"abroad_site" : "深圳大学站",
		"alight_site" : "坪洲站",
		"ab_lng" : 113.931847,
		"ab_lat" : 22.533911,
		"al_lng" : 113.899146,
		"al_lat" : 22.563762,
		"cnt" : 175
	},
	{
		"abroad_site" : "百鸽笼站",
		"alight_site" : "新秀站",
		"ab_lng" : 114.13038,
		"ab_lat" : 22.595442,
		"al_lng" : 114.148765,
		"al_lat" : 22.547688,
		"cnt" : 170
	},
	{
		"abroad_site" : "莲花北站",
		"alight_site" : "少年宫站",
		"ab_lng" : 114.059402,
		"ab_lat" : 22.560538,
		"al_lng" : 114.06017,
		"al_lat" : 22.548627,
		"cnt" : 168
	},
	{
		"abroad_site" : "珠光站",
		"alight_site" : "福田口岸站",
		"ab_lng" : 113.960559,
		"ab_lat" : 22.56827,
		"al_lng" : 114.069273,
		"al_lat" : 22.515737,
		"cnt" : 168
	},
	{
		"abroad_site" : "塘朗站",
		"alight_site" : "湖贝站",
		"ab_lng" : 113.999666,
		"ab_lat" : 22.590097,
		"al_lng" : 114.125437,
		"al_lat" : 22.544287,
		"cnt" : 167
	},
	{
		"abroad_site" : "湖贝站",
		"alight_site" : "科苑站",
		"ab_lng" : 114.125437,
		"ab_lat" : 22.544287,
		"al_lng" : 113.946195,
		"al_lat" : 22.527019,
		"cnt" : 167
	},
	{
		"abroad_site" : "吉祥站",
		"alight_site" : "罗湖站",
		"ab_lng" : 114.244318,
		"ab_lat" : 22.709488,
		"al_lng" : 114.116746,
		"al_lat" : 22.560244,
		"cnt" : 164
	},
	{
		"abroad_site" : "国贸站",
		"alight_site" : "华强路站",
		"ab_lng" : 114.118909,
		"ab_lat" : 22.53968,
		"al_lng" : 114.085133,
		"al_lat" : 22.540459,
		"cnt" : 164
	},
	{
		"abroad_site" : "华强路站",
		"alight_site" : "老街站",
		"ab_lng" : 114.085133,
		"ab_lat" : 22.540459,
		"al_lng" : 114.116939,
		"al_lat" : 22.544232,
		"cnt" : 164
	},
	{
		"abroad_site" : "科学馆站",
		"alight_site" : "深圳北站",
		"ab_lng" : 114.094946,
		"ab_lat" : 22.540618,
		"al_lng" : 114.029113,
		"al_lat" : 22.609725,
		"cnt" : 162
	},
	{
		"abroad_site" : "深康站",
		"alight_site" : "莲花西站",
		"ab_lng" : 113.998846,
		"ab_lat" : 22.546456,
		"al_lng" : 114.050034,
		"al_lat" : 22.546668,
		"cnt" : 162
	},
	{
		"abroad_site" : "东边",
		"alight_site" : "利金城工业园",
		"ab_lng" : 114.03894,
		"ab_lat" : 22.623993,
		"al_lng" : 114.05323,
		"al_lat" : 22.635414,
		"cnt" : 161
	},
	{
		"abroad_site" : "南岭村",
		"alight_site" : "机场东站",
		"ab_lng" : 114.151367,
		"ab_lat" : 22.606894,
		"al_lng" : 113.823677,
		"al_lat" : 22.646675,
		"cnt" : 157
	},
	{
		"abroad_site" : "水尾",
		"alight_site" : "石龙路口",
		"ab_lng" : 114.038002,
		"ab_lat" : 22.626453,
		"al_lng" : 114.042953,
		"al_lat" : 22.605656,
		"cnt" : 156
	},
	{
		"abroad_site" : "龙岗区第二人民医院",
		"alight_site" : "特区报社②",
		"ab_lng" : 114.116241,
		"ab_lat" : 22.605694,
		"al_lng" : 114.044678,
		"al_lat" : 22.539726,
		"cnt" : 152
	},
	{
		"abroad_site" : "一电科技①",
		"alight_site" : "桃源村东",
		"ab_lng" : 113.920128,
		"ab_lat" : 22.64776,
		"al_lng" : 113.985397,
		"al_lat" : 22.558538,
		"cnt" : 152
	},
	{
		"abroad_site" : "梅景站",
		"alight_site" : "红山站",
		"ab_lng" : 114.037934,
		"ab_lat" : 22.561028,
		"al_lng" : 114.023465,
		"al_lat" : 22.621886,
		"cnt" : 151
	},
	{
		"abroad_site" : "桃源村站",
		"alight_site" : "香蜜湖站",
		"ab_lng" : 113.981962,
		"ab_lat" : 22.5599,
		"al_lng" : 114.038637,
		"al_lat" : 22.538887,
		"cnt" : 151
	}
]
