[
	{
		"abroad_site" : "清湖站",
		"alight_site" : "新秀站",
		"ab_lng" : 114.037033,
		"ab_lat" : 22.665243,
		"al_lng" : 114.148765,
		"al_lat" : 22.547688,
		"cnt" : 1737
	},
	{
		"abroad_site" : "坪洲站",
		"alight_site" : "高新园站",
		"ab_lng" : 113.899146,
		"ab_lat" : 22.563762,
		"al_lng" : 113.953842,
		"al_lat" : 22.540236,
		"cnt" : 1691
	},
	{
		"abroad_site" : "五和站",
		"alight_site" : "大运站",
		"ab_lng" : 114.060681,
		"ab_lat" : 22.626833,
		"al_lng" : 114.228163,
		"al_lat" : 22.68572,
		"cnt" : 1483
	},
	{
		"abroad_site" : "罗湖站",
		"alight_site" : "科学馆站",
		"ab_lng" : 114.116746,
		"ab_lat" : 22.560244,
		"al_lng" : 114.094946,
		"al_lat" : 22.540618,
		"cnt" : 1476
	},
	{
		"abroad_site" : "布吉站",
		"alight_site" : "华侨城站",
		"ab_lng" : 114.123749,
		"ab_lat" : 22.617382,
		"al_lng" : 113.985369,
		"al_lat" : 22.533489,
		"cnt" : 1418
	},
	{
		"abroad_site" : "固戍站",
		"alight_site" : "西乡站",
		"ab_lng" : 113.846792,
		"ab_lat" : 22.601363,
		"al_lng" : 113.882703,
		"al_lat" : 22.577428,
		"cnt" : 1289
	},
	{
		"abroad_site" : "丹竹头站",
		"alight_site" : "东湖客运站",
		"ab_lng" : 114.147644,
		"ab_lat" : 22.61989,
		"al_lng" : 114.141846,
		"al_lat" : 22.569159,
		"cnt" : 1286
	},
	{
		"abroad_site" : "龙胜站",
		"alight_site" : "松坪山学校小学部",
		"ab_lng" : 114.030946,
		"ab_lat" : 22.671135,
		"al_lng" : 113.954291,
		"al_lat" : 22.559928,
		"cnt" : 1109
	},
	{
		"abroad_site" : "民治站",
		"alight_site" : "五和站",
		"ab_lng" : 114.04085,
		"ab_lat" : 22.617545,
		"al_lng" : 114.060681,
		"al_lat" : 22.626833,
		"cnt" : 1104
	},
	{
		"abroad_site" : "福田口岸站",
		"alight_site" : "清湖站",
		"ab_lng" : 114.069273,
		"ab_lat" : 22.515737,
		"al_lng" : 114.037033,
		"al_lat" : 22.665243,
		"cnt" : 1093
	},
	{
		"abroad_site" : "龙华站",
		"alight_site" : "太安站",
		"ab_lng" : 114.030946,
		"ab_lat" : 22.671135,
		"al_lng" : 114.137018,
		"al_lat" : 22.572496,
		"cnt" : 1085
	},
	{
		"abroad_site" : "白石龙站",
		"alight_site" : "通新岭站",
		"ab_lng" : 114.042431,
		"ab_lat" : 22.601505,
		"al_lng" : 114.096273,
		"al_lat" : 22.549126,
		"cnt" : 1055
	},
	{
		"abroad_site" : "深圳北站",
		"alight_site" : "福民站",
		"ab_lng" : 114.029113,
		"ab_lat" : 22.609725,
		"al_lng" : 114.065915,
		"al_lat" : 22.523226,
		"cnt" : 1018
	},
	{
		"abroad_site" : "白石洲站",
		"alight_site" : "国贸站",
		"ab_lng" : 113.968773,
		"ab_lat" : 22.53944,
		"al_lng" : 114.118909,
		"al_lat" : 22.53968,
		"cnt" : 1009
	},
	{
		"abroad_site" : "长龙站",
		"alight_site" : "怡景地铁站①",
		"ab_lng" : 114.113825,
		"ab_lat" : 22.608053,
		"al_lng" : 114.140976,
		"al_lat" : 22.555035,
		"cnt" : 869
	},
	{
		"abroad_site" : "横岗站",
		"alight_site" : "桃园站",
		"ab_lng" : 114.208994,
		"ab_lat" : 22.648442,
		"al_lng" : 113.924857,
		"al_lat" : 22.532357,
		"cnt" : 864
	},
	{
		"abroad_site" : "大新站",
		"alight_site" : "水贝站",
		"ab_lng" : 113.915072,
		"ab_lat" : 22.532232,
		"al_lng" : 114.124974,
		"al_lat" : 22.573988,
		"cnt" : 839
	},
	{
		"abroad_site" : "下水径站",
		"alight_site" : "大运站",
		"ab_lng" : 114.110662,
		"ab_lat" : 22.614833,
		"al_lng" : 114.228163,
		"al_lat" : 22.68572,
		"cnt" : 798
	},
	{
		"abroad_site" : "大芬站",
		"alight_site" : "西丽站",
		"ab_lng" : 114.110773,
		"ab_lat" : 22.613581,
		"al_lng" : 113.954396,
		"al_lat" : 22.580677,
		"cnt" : 792
	},
	{
		"abroad_site" : "福民站",
		"alight_site" : "香蜜湖站",
		"ab_lng" : 114.065915,
		"ab_lat" : 22.523226,
		"al_lng" : 114.038637,
		"al_lat" : 22.538887,
		"cnt" : 759
	},
	{
		"abroad_site" : "南山站",
		"alight_site" : "丹竹头站",
		"ab_lng" : 113.912877,
		"ab_lat" : 22.542716,
		"al_lng" : 114.147644,
		"al_lat" : 22.61989,
		"cnt" : 748
	},
	{
		"abroad_site" : "上沙站",
		"alight_site" : "福田口岸站",
		"ab_lng" : 114.028282,
		"ab_lat" : 22.529348,
		"al_lng" : 114.069273,
		"al_lat" : 22.515737,
		"cnt" : 718
	},
	{
		"abroad_site" : "西丽站",
		"alight_site" : "莲花西站",
		"ab_lng" : 113.954396,
		"ab_lat" : 22.580677,
		"al_lng" : 114.050034,
		"al_lat" : 22.546668,
		"cnt" : 713
	},
	{
		"abroad_site" : "杨美站",
		"alight_site" : "白石龙站",
		"ab_lng" : 114.079975,
		"ab_lat" : 22.626777,
		"al_lng" : 114.042431,
		"al_lat" : 22.601505,
		"cnt" : 697
	},
	{
		"abroad_site" : "双龙站",
		"alight_site" : "六约站",
		"ab_lng" : 114.277422,
		"ab_lat" : 22.728806,
		"al_lng" : 114.180646,
		"al_lat" : 22.634322,
		"cnt" : 680
	},
	{
		"abroad_site" : "西乡站",
		"alight_site" : "后海站",
		"ab_lng" : 113.882703,
		"ab_lat" : 22.577428,
		"al_lng" : 113.942498,
		"al_lat" : 22.518422,
		"cnt" : 667
	},
	{
		"abroad_site" : "沙尾站",
		"alight_site" : "福田口岸站",
		"ab_lng" : 114.042579,
		"ab_lat" : 22.520798,
		"al_lng" : 114.069273,
		"al_lat" : 22.515737,
		"cnt" : 641
	},
	{
		"abroad_site" : "灵芝站",
		"alight_site" : "龙井站",
		"ab_lng" : 113.904158,
		"ab_lat" : 22.568964,
		"al_lng" : 113.974687,
		"al_lat" : 22.56401,
		"cnt" : 636
	},
	{
		"abroad_site" : "景田站",
		"alight_site" : "世界之窗站",
		"ab_lng" : 114.043343,
		"ab_lat" : 22.553419,
		"al_lng" : 113.974216,
		"al_lat" : 22.5369,
		"cnt" : 634
	},
	{
		"abroad_site" : "草埔站",
		"alight_site" : "通新岭站",
		"ab_lng" : 114.1165,
		"ab_lat" : 22.584447,
		"al_lng" : 114.096273,
		"al_lat" : 22.549126,
		"cnt" : 625
	},
	{
		"abroad_site" : "坂田站",
		"alight_site" : "深圳北站",
		"ab_lng" : 114.053191,
		"ab_lat" : 22.624917,
		"al_lng" : 114.029113,
		"al_lat" : 22.609725,
		"cnt" : 608
	},
	{
		"abroad_site" : "翻身站",
		"alight_site" : "洪浪北站",
		"ab_lng" : 113.893232,
		"ab_lat" : 22.55969,
		"al_lng" : 113.910585,
		"al_lat" : 22.574543,
		"cnt" : 604
	},
	{
		"abroad_site" : "民乐站",
		"alight_site" : "后瑞站",
		"ab_lng" : 114.050385,
		"ab_lat" : 22.594336,
		"al_lng" : 113.835449,
		"al_lat" : 22.628835,
		"cnt" : 595
	},
	{
		"abroad_site" : "大剧院站",
		"alight_site" : "桃园站",
		"ab_lng" : 114.107811,
		"ab_lat" : 22.5418,
		"al_lng" : 113.924857,
		"al_lat" : 22.532357,
		"cnt" : 577
	},
	{
		"abroad_site" : "世界之窗站",
		"alight_site" : "侨城东站",
		"ab_lng" : 113.974216,
		"ab_lat" : 22.5369,
		"al_lng" : 113.996651,
		"al_lat" : 22.532406,
		"cnt" : 572
	},
	{
		"abroad_site" : "塘坑站",
		"alight_site" : "罗湖站",
		"ab_lng" : 114.192725,
		"ab_lat" : 22.639179,
		"al_lng" : 114.116746,
		"al_lat" : 22.560244,
		"cnt" : 566
	},
	{
		"abroad_site" : "岗厦站",
		"alight_site" : "侨城东站",
		"ab_lng" : 114.063591,
		"ab_lat" : 22.547375,
		"al_lng" : 113.996651,
		"al_lat" : 22.532406,
		"cnt" : 553
	},
	{
		"abroad_site" : "上塘站",
		"alight_site" : "福田口岸站",
		"ab_lng" : 114.012808,
		"ab_lat" : 22.637134,
		"al_lng" : 114.069273,
		"al_lat" : 22.515737,
		"cnt" : 539
	},
	{
		"abroad_site" : "沙井站",
		"alight_site" : "晒布站",
		"ab_lng" : 113.809759,
		"ab_lat" : 22.732605,
		"al_lng" : 114.122664,
		"al_lat" : 22.549238,
		"cnt" : 531
	},
	{
		"abroad_site" : "石厦站",
		"alight_site" : "金银坑",
		"ab_lng" : 114.053616,
		"ab_lat" : 22.523708,
		"al_lng" : 114.163696,
		"al_lat" : 22.628576,
		"cnt" : 526
	},
	{
		"abroad_site" : "爱联站",
		"alight_site" : "晒布站",
		"ab_lng" : 114.234423,
		"ab_lat" : 22.697495,
		"al_lng" : 114.122664,
		"al_lat" : 22.549238,
		"cnt" : 523
	},
	{
		"abroad_site" : "木棉湾站",
		"alight_site" : "科学馆站",
		"ab_lng" : 114.12702,
		"ab_lat" : 22.604577,
		"al_lng" : 114.094946,
		"al_lat" : 22.540618,
		"cnt" : 517
	},
	{
		"abroad_site" : "黄贝岭站",
		"alight_site" : "大剧院站",
		"ab_lng" : 114.142136,
		"ab_lat" : 22.54862,
		"al_lng" : 114.107811,
		"al_lat" : 22.5418,
		"cnt" : 516
	},
	{
		"abroad_site" : "碧海湾站",
		"alight_site" : "红树湾南站",
		"ab_lng" : 113.856093,
		"ab_lat" : 22.575073,
		"al_lng" : 113.971433,
		"al_lat" : 22.523023,
		"cnt" : 490
	},
	{
		"abroad_site" : "桥头站",
		"alight_site" : "大剧院站",
		"ab_lng" : 113.811001,
		"ab_lat" : 22.688133,
		"al_lng" : 114.107811,
		"al_lat" : 22.5418,
		"cnt" : 488
	},
	{
		"abroad_site" : "福永站",
		"alight_site" : "少年宫站",
		"ab_lng" : 113.82758,
		"ab_lat" : 22.671302,
		"al_lng" : 114.06017,
		"al_lat" : 22.548627,
		"cnt" : 481
	},
	{
		"abroad_site" : "晒布站",
		"alight_site" : "信义逸翠园",
		"ab_lng" : 114.122664,
		"ab_lat" : 22.549238,
		"al_lng" : 114.123535,
		"al_lat" : 22.593927,
		"cnt" : 473
	},
	{
		"abroad_site" : "松岗站",
		"alight_site" : "梅村站",
		"ab_lng" : 113.851562,
		"ab_lat" : 22.770126,
		"al_lng" : 114.038514,
		"al_lat" : 22.560759,
		"cnt" : 465
	},
	{
		"abroad_site" : "六约站",
		"alight_site" : "少年宫站",
		"ab_lng" : 114.180646,
		"ab_lat" : 22.634322,
		"al_lng" : 114.06017,
		"al_lat" : 22.548627,
		"cnt" : 464
	},
	{
		"abroad_site" : "上梅林站",
		"alight_site" : "科学馆站",
		"ab_lng" : 114.05944,
		"ab_lat" : 22.570462,
		"al_lng" : 114.094946,
		"al_lat" : 22.540618,
		"cnt" : 463
	},
	{
		"abroad_site" : "洪浪北站",
		"alight_site" : "翻身站",
		"ab_lng" : 113.910585,
		"ab_lat" : 22.574543,
		"al_lng" : 113.893232,
		"al_lat" : 22.55969,
		"cnt" : 450
	},
	{
		"abroad_site" : "后瑞站",
		"alight_site" : "西乡站",
		"ab_lng" : 113.835449,
		"ab_lat" : 22.628835,
		"al_lng" : 113.882703,
		"al_lat" : 22.577428,
		"cnt" : 441
	},
	{
		"abroad_site" : "布心站",
		"alight_site" : "五和站",
		"ab_lng" : 114.138045,
		"ab_lat" : 22.580986,
		"al_lng" : 114.060681,
		"al_lat" : 22.626833,
		"cnt" : 438
	},
	{
		"abroad_site" : "湖贝站",
		"alight_site" : "太安站",
		"ab_lng" : 114.125437,
		"ab_lat" : 22.544287,
		"al_lng" : 114.137018,
		"al_lat" : 22.572496,
		"cnt" : 437
	},
	{
		"abroad_site" : "赤尾站",
		"alight_site" : "岗厦北站",
		"ab_lng" : 114.083598,
		"ab_lat" : 22.531374,
		"al_lng" : 114.06924,
		"al_lat" : 22.540937,
		"cnt" : 429
	},
	{
		"abroad_site" : "桃园站",
		"alight_site" : "莲花村站",
		"ab_lng" : 113.924857,
		"ab_lat" : 22.532357,
		"al_lng" : 114.067829,
		"al_lat" : 22.548646,
		"cnt" : 418
	},
	{
		"abroad_site" : "翠竹站",
		"alight_site" : "坂田站",
		"ab_lng" : 114.129883,
		"ab_lat" : 22.556188,
		"al_lng" : 114.053191,
		"al_lat" : 22.624917,
		"cnt" : 401
	},
	{
		"abroad_site" : "下沙站",
		"alight_site" : "梅景站",
		"ab_lng" : 114.272293,
		"ab_lat" : 22.700365,
		"al_lng" : 114.037934,
		"al_lat" : 22.561028,
		"cnt" : 397
	},
	{
		"abroad_site" : "鲤鱼门站",
		"alight_site" : "洪浪北站",
		"ab_lng" : 113.903079,
		"ab_lat" : 22.532005,
		"al_lng" : 113.910585,
		"al_lat" : 22.574543,
		"cnt" : 389
	},
	{
		"abroad_site" : "南联站",
		"alight_site" : "少年宫站",
		"ab_lng" : 114.265531,
		"ab_lat" : 22.721967,
		"al_lng" : 114.06017,
		"al_lat" : 22.548627,
		"cnt" : 386
	},
	{
		"abroad_site" : "东角头站",
		"alight_site" : "海月站",
		"ab_lng" : 113.931149,
		"ab_lat" : 22.486325,
		"al_lng" : 113.937715,
		"al_lat" : 22.500409,
		"cnt" : 385
	},
	{
		"abroad_site" : "下梅林站",
		"alight_site" : "上梅林站",
		"ab_lng" : 114.041768,
		"ab_lat" : 22.565672,
		"al_lng" : 114.05944,
		"al_lat" : 22.570462,
		"cnt" : 382
	},
	{
		"abroad_site" : "竹子林站",
		"alight_site" : "大运站",
		"ab_lng" : 114.013917,
		"ab_lat" : 22.533357,
		"al_lng" : 114.228163,
		"al_lat" : 22.68572,
		"cnt" : 368
	},
	{
		"abroad_site" : "红山站",
		"alight_site" : "百鸽笼站",
		"ab_lng" : 114.023465,
		"ab_lat" : 22.621886,
		"al_lng" : 114.13038,
		"al_lat" : 22.595442,
		"cnt" : 358
	},
	{
		"abroad_site" : "笋岗站",
		"alight_site" : "园岭站",
		"ab_lng" : 114.116746,
		"ab_lat" : 22.560244,
		"al_lng" : 114.104497,
		"al_lat" : 22.556288,
		"cnt" : 355
	},
	{
		"abroad_site" : "龙城广场站",
		"alight_site" : "爱联站",
		"ab_lng" : 114.252541,
		"ab_lat" : 22.718138,
		"al_lng" : 114.234423,
		"al_lat" : 22.697495,
		"cnt" : 351
	},
	{
		"abroad_site" : "太安站",
		"alight_site" : "怡景站",
		"ab_lng" : 114.137018,
		"ab_lat" : 22.572496,
		"al_lng" : 114.140115,
		"al_lat" : 22.555856,
		"cnt" : 347
	},
	{
		"abroad_site" : "益田站",
		"alight_site" : "大剧院站",
		"ab_lng" : 114.050987,
		"ab_lat" : 22.516287,
		"al_lng" : 114.107811,
		"al_lat" : 22.5418,
		"cnt" : 344
	},
	{
		"abroad_site" : "马鞍山站",
		"alight_site" : "老街站",
		"ab_lng" : 113.817039,
		"ab_lat" : 22.713516,
		"al_lng" : 114.116939,
		"al_lat" : 22.544232,
		"cnt" : 339
	},
	{
		"abroad_site" : "机场东站",
		"alight_site" : "宝体站",
		"ab_lng" : 113.823677,
		"ab_lat" : 22.646675,
		"al_lng" : 113.880641,
		"al_lat" : 22.560741,
		"cnt" : 339
	},
	{
		"abroad_site" : "上水径站",
		"alight_site" : "布吉站",
		"ab_lng" : 114.105337,
		"ab_lat" : 22.622046,
		"al_lng" : 114.123749,
		"al_lat" : 22.617382,
		"cnt" : 336
	},
	{
		"abroad_site" : "永湖站",
		"alight_site" : "泥岗村①",
		"ab_lng" : 114.218042,
		"ab_lat" : 22.658995,
		"al_lng" : 114.098869,
		"al_lat" : 22.565142,
		"cnt" : 331
	},
	{
		"abroad_site" : "深圳大学站",
		"alight_site" : "福田口岸站",
		"ab_lng" : 113.931847,
		"ab_lat" : 22.533911,
		"al_lng" : 114.069273,
		"al_lat" : 22.515737,
		"cnt" : 324
	},
	{
		"abroad_site" : "大学城站",
		"alight_site" : "灵芝站",
		"ab_lng" : 113.965307,
		"ab_lat" : 22.581946,
		"al_lng" : 113.904158,
		"al_lat" : 22.568964,
		"cnt" : 323
	},
	{
		"abroad_site" : "宝体站",
		"alight_site" : "少年宫站",
		"ab_lng" : 113.880641,
		"ab_lat" : 22.560741,
		"al_lng" : 114.06017,
		"al_lat" : 22.548627,
		"cnt" : 319
	},
	{
		"abroad_site" : "老街站",
		"alight_site" : "华强路站",
		"ab_lng" : 114.116939,
		"ab_lat" : 22.544232,
		"al_lng" : 114.085133,
		"al_lat" : 22.540459,
		"cnt" : 309
	},
	{
		"abroad_site" : "泥岗站",
		"alight_site" : "红岭南站",
		"ab_lng" : 114.097634,
		"ab_lat" : 22.567804,
		"al_lng" : 114.104749,
		"al_lat" : 22.539943,
		"cnt" : 309
	},
	{
		"abroad_site" : "华强路站",
		"alight_site" : "布吉站",
		"ab_lng" : 114.085133,
		"ab_lat" : 22.540459,
		"al_lng" : 114.123749,
		"al_lat" : 22.617382,
		"cnt" : 306
	},
	{
		"abroad_site" : "怡景站",
		"alight_site" : "少年宫站",
		"ab_lng" : 114.140115,
		"ab_lat" : 22.555856,
		"al_lng" : 114.06017,
		"al_lat" : 22.548627,
		"cnt" : 306
	},
	{
		"abroad_site" : "樟树布社区",
		"alight_site" : "金光华广场",
		"ab_lng" : 114.15461,
		"ab_lat" : 22.605537,
		"al_lng" : 114.11972,
		"al_lat" : 22.539951,
		"cnt" : 305
	},
	{
		"abroad_site" : "科学馆站",
		"alight_site" : "购物公园站",
		"ab_lng" : 114.094946,
		"ab_lat" : 22.540618,
		"al_lng" : 114.052948,
		"al_lat" : 22.53632,
		"cnt" : 305
	},
	{
		"abroad_site" : "兴东站",
		"alight_site" : "南园村东",
		"ab_lng" : 113.919013,
		"ab_lat" : 22.581822,
		"al_lng" : 113.918419,
		"al_lat" : 22.514618,
		"cnt" : 295
	},
	{
		"abroad_site" : "国贸站",
		"alight_site" : "华强路站",
		"ab_lng" : 114.118909,
		"ab_lat" : 22.53968,
		"al_lng" : 114.085133,
		"al_lat" : 22.540459,
		"cnt" : 290
	},
	{
		"abroad_site" : "布吉街",
		"alight_site" : "东门中①",
		"ab_lng" : 114.1185,
		"ab_lat" : 22.600864,
		"al_lng" : 114.123421,
		"al_lat" : 22.550236,
		"cnt" : 290
	},
	{
		"abroad_site" : "塘尾站",
		"alight_site" : "翠竹站",
		"ab_lng" : 113.908073,
		"ab_lat" : 22.749704,
		"al_lng" : 114.129883,
		"al_lat" : 22.556188,
		"cnt" : 288
	},
	{
		"abroad_site" : "珠光站",
		"alight_site" : "吉祥站",
		"ab_lng" : 113.960559,
		"ab_lat" : 22.56827,
		"al_lng" : 114.244318,
		"al_lat" : 22.709488,
		"cnt" : 284
	},
	{
		"abroad_site" : "莲花北站",
		"alight_site" : "华强北站",
		"ab_lng" : 114.059402,
		"ab_lat" : 22.560538,
		"al_lng" : 114.086243,
		"al_lat" : 22.544244,
		"cnt" : 283
	},
	{
		"abroad_site" : "梅景站",
		"alight_site" : "坪洲站",
		"ab_lng" : 114.037934,
		"ab_lat" : 22.561028,
		"al_lng" : 113.899146,
		"al_lat" : 22.563762,
		"cnt" : 281
	},
	{
		"abroad_site" : "红岭站",
		"alight_site" : "金银坑",
		"ab_lng" : 114.104584,
		"ab_lat" : 22.54838,
		"al_lng" : 114.163696,
		"al_lat" : 22.628576,
		"cnt" : 276
	},
	{
		"abroad_site" : "新秀站",
		"alight_site" : "华强北站",
		"ab_lng" : 114.148765,
		"ab_lat" : 22.547688,
		"al_lng" : 114.086243,
		"al_lat" : 22.544244,
		"cnt" : 272
	},
	{
		"abroad_site" : "桃源村站",
		"alight_site" : "西丽湖站",
		"ab_lng" : 113.981962,
		"ab_lat" : 22.5599,
		"al_lng" : 113.965648,
		"al_lat" : 22.593567,
		"cnt" : 258
	},
	{
		"abroad_site" : "梅村站",
		"alight_site" : "园岭站",
		"ab_lng" : 114.038514,
		"ab_lat" : 22.560759,
		"al_lng" : 114.104497,
		"al_lat" : 22.556288,
		"cnt" : 236
	},
	{
		"abroad_site" : "荷坳站",
		"alight_site" : "翠竹站",
		"ab_lng" : 114.22431,
		"ab_lat" : 22.673079,
		"al_lng" : 114.129883,
		"al_lat" : 22.556188,
		"cnt" : 230
	},
	{
		"abroad_site" : "吉祥站",
		"alight_site" : "双龙站",
		"ab_lng" : 114.244318,
		"ab_lat" : 22.709488,
		"al_lng" : 114.277422,
		"al_lat" : 22.728806,
		"cnt" : 230
	},
	{
		"abroad_site" : "百鸽笼站",
		"alight_site" : "茵悦之生",
		"ab_lng" : 114.13038,
		"ab_lat" : 22.595442,
		"al_lng" : 114.111389,
		"al_lat" : 22.626827,
		"cnt" : 229
	},
	{
		"abroad_site" : "机场站",
		"alight_site" : "五和站",
		"ab_lng" : 113.813663,
		"ab_lat" : 22.624026,
		"al_lng" : 114.060681,
		"al_lat" : 22.626833,
		"cnt" : 225
	},
	{
		"abroad_site" : "田贝站",
		"alight_site" : "草埔站",
		"ab_lng" : 114.130052,
		"ab_lat" : 22.56728,
		"al_lng" : 114.1165,
		"al_lat" : 22.584447,
		"cnt" : 222
	},
	{
		"abroad_site" : "东边",
		"alight_site" : "横岭",
		"ab_lng" : 114.03894,
		"ab_lat" : 22.623993,
		"al_lng" : 114.045677,
		"al_lat" : 22.607674,
		"cnt" : 220
	},
	{
		"abroad_site" : "塘朗站",
		"alight_site" : "福田口岸站",
		"ab_lng" : 113.999666,
		"ab_lat" : 22.590097,
		"al_lng" : 114.069273,
		"al_lat" : 22.515737,
		"cnt" : 216
	},
	{
		"abroad_site" : "华新站",
		"alight_site" : "福田口岸站",
		"ab_lng" : 114.086654,
		"ab_lat" : 22.548981,
		"al_lng" : 114.069273,
		"al_lat" : 22.515737,
		"cnt" : 210
	}
]
