[
	{
		"abroad_site" : "深圳北站",
		"alight_site" : "布心站",
		"ab_lng" : 114.029113,
		"ab_lat" : 22.609725,
		"al_lng" : 114.138045,
		"al_lat" : 22.580986,
		"cnt" : 1950
	},
	{
		"abroad_site" : "清湖站",
		"alight_site" : "龙华站",
		"ab_lng" : 114.037033,
		"ab_lat" : 22.665243,
		"al_lng" : 114.030946,
		"al_lat" : 22.671135,
		"cnt" : 1921
	},
	{
		"abroad_site" : "坪洲站",
		"alight_site" : "白石洲站",
		"ab_lng" : 113.899146,
		"ab_lat" : 22.563762,
		"al_lng" : 113.968773,
		"al_lat" : 22.53944,
		"cnt" : 1782
	},
	{
		"abroad_site" : "五和站",
		"alight_site" : "福田口岸站",
		"ab_lng" : 114.060681,
		"ab_lat" : 22.626833,
		"al_lng" : 114.069273,
		"al_lat" : 22.515737,
		"cnt" : 1748
	},
	{
		"abroad_site" : "布吉站",
		"alight_site" : "清湖站",
		"ab_lng" : 114.123749,
		"ab_lat" : 22.617382,
		"al_lng" : 114.037033,
		"al_lat" : 22.665243,
		"cnt" : 1619
	},
	{
		"abroad_site" : "罗湖站",
		"alight_site" : "上塘站",
		"ab_lng" : 114.116746,
		"ab_lat" : 22.560244,
		"al_lng" : 114.012808,
		"al_lat" : 22.637134,
		"cnt" : 1509
	},
	{
		"abroad_site" : "固戍站",
		"alight_site" : "文竹园",
		"ab_lng" : 113.846792,
		"ab_lat" : 22.601363,
		"al_lng" : 113.930695,
		"al_lat" : 22.499691,
		"cnt" : 1428
	},
	{
		"abroad_site" : "龙华站",
		"alight_site" : "少年宫站",
		"ab_lng" : 114.030946,
		"ab_lat" : 22.671135,
		"al_lng" : 114.06017,
		"al_lat" : 22.548627,
		"cnt" : 1254
	},
	{
		"abroad_site" : "民治站",
		"alight_site" : "西丽站",
		"ab_lng" : 114.04085,
		"ab_lat" : 22.617545,
		"al_lng" : 113.954396,
		"al_lat" : 22.580677,
		"cnt" : 1225
	},
	{
		"abroad_site" : "丹竹头站",
		"alight_site" : "世界之窗站",
		"ab_lng" : 114.147644,
		"ab_lat" : 22.61989,
		"al_lng" : 113.974216,
		"al_lat" : 22.5369,
		"cnt" : 1216
	},
	{
		"abroad_site" : "福田口岸站",
		"alight_site" : "清湖站",
		"ab_lng" : 114.069273,
		"ab_lat" : 22.515737,
		"al_lng" : 114.037033,
		"al_lat" : 22.665243,
		"cnt" : 1141
	},
	{
		"abroad_site" : "龙胜站",
		"alight_site" : "侨城东站",
		"ab_lng" : 114.030946,
		"ab_lat" : 22.671135,
		"al_lng" : 113.996651,
		"al_lat" : 22.532406,
		"cnt" : 1118
	},
	{
		"abroad_site" : "福民站",
		"alight_site" : "莲花北站",
		"ab_lng" : 114.065915,
		"ab_lat" : 22.523226,
		"al_lng" : 114.059402,
		"al_lat" : 22.560538,
		"cnt" : 1061
	},
	{
		"abroad_site" : "白石龙站",
		"alight_site" : "湖贝站",
		"ab_lng" : 114.042431,
		"ab_lat" : 22.601505,
		"al_lng" : 114.125437,
		"al_lat" : 22.544287,
		"cnt" : 1007
	},
	{
		"abroad_site" : "白石洲站",
		"alight_site" : "固戍站",
		"ab_lng" : 113.968773,
		"ab_lat" : 22.53944,
		"al_lng" : 113.846792,
		"al_lat" : 22.601363,
		"cnt" : 968
	},
	{
		"abroad_site" : "西丽站",
		"alight_site" : "桃园站",
		"ab_lng" : 113.954396,
		"ab_lat" : 22.580677,
		"al_lng" : 113.924857,
		"al_lat" : 22.532357,
		"cnt" : 948
	},
	{
		"abroad_site" : "景田站",
		"alight_site" : "红岭站",
		"ab_lng" : 114.043343,
		"ab_lat" : 22.553419,
		"al_lng" : 114.104584,
		"al_lat" : 22.54838,
		"cnt" : 876
	},
	{
		"abroad_site" : "大新站",
		"alight_site" : "车公庙站",
		"ab_lng" : 113.915072,
		"ab_lat" : 22.532232,
		"al_lng" : 114.02583,
		"al_lat" : 22.536247,
		"cnt" : 870
	},
	{
		"abroad_site" : "横岗站",
		"alight_site" : "科学馆站",
		"ab_lng" : 114.208994,
		"ab_lat" : 22.648442,
		"al_lng" : 114.094946,
		"al_lat" : 22.540618,
		"cnt" : 854
	},
	{
		"abroad_site" : "南山站",
		"alight_site" : "五和站",
		"ab_lng" : 113.912877,
		"ab_lat" : 22.542716,
		"al_lng" : 114.060681,
		"al_lat" : 22.626833,
		"cnt" : 846
	},
	{
		"abroad_site" : "大芬站",
		"alight_site" : "景田站",
		"ab_lng" : 114.110773,
		"ab_lat" : 22.613581,
		"al_lng" : 114.043343,
		"al_lat" : 22.553419,
		"cnt" : 845
	},
	{
		"abroad_site" : "双龙站",
		"alight_site" : "横岗站",
		"ab_lng" : 114.277422,
		"ab_lat" : 22.728806,
		"al_lng" : 114.208994,
		"al_lat" : 22.648442,
		"cnt" : 808
	},
	{
		"abroad_site" : "长龙站",
		"alight_site" : "笋岗站",
		"ab_lng" : 114.113825,
		"ab_lat" : 22.608053,
		"al_lng" : 114.116746,
		"al_lat" : 22.560244,
		"cnt" : 767
	},
	{
		"abroad_site" : "民乐站",
		"alight_site" : "科学馆站",
		"ab_lng" : 114.050385,
		"ab_lat" : 22.594336,
		"al_lng" : 114.094946,
		"al_lat" : 22.540618,
		"cnt" : 746
	},
	{
		"abroad_site" : "灵芝站",
		"alight_site" : "龙胜站",
		"ab_lng" : 113.904158,
		"ab_lat" : 22.568964,
		"al_lng" : 114.030946,
		"al_lat" : 22.671135,
		"cnt" : 722
	},
	{
		"abroad_site" : "杨美站",
		"alight_site" : "塘朗站",
		"ab_lng" : 114.079975,
		"ab_lat" : 22.626777,
		"al_lng" : 113.999666,
		"al_lat" : 22.590097,
		"cnt" : 707
	},
	{
		"abroad_site" : "坂田站",
		"alight_site" : "珠光站",
		"ab_lng" : 114.053191,
		"ab_lat" : 22.624917,
		"al_lng" : 113.960559,
		"al_lat" : 22.56827,
		"cnt" : 706
	},
	{
		"abroad_site" : "上沙站",
		"alight_site" : "晒布站",
		"ab_lng" : 114.028282,
		"ab_lat" : 22.529348,
		"al_lng" : 114.122664,
		"al_lat" : 22.549238,
		"cnt" : 702
	},
	{
		"abroad_site" : "西乡站",
		"alight_site" : "碧海湾站",
		"ab_lng" : 113.882703,
		"ab_lat" : 22.577428,
		"al_lng" : 113.856093,
		"al_lat" : 22.575073,
		"cnt" : 699
	},
	{
		"abroad_site" : "翻身站",
		"alight_site" : "龙井站",
		"ab_lng" : 113.893232,
		"ab_lat" : 22.55969,
		"al_lng" : 113.974687,
		"al_lat" : 22.56401,
		"cnt" : 680
	},
	{
		"abroad_site" : "下水径站",
		"alight_site" : "科学馆站",
		"ab_lng" : 114.110662,
		"ab_lat" : 22.614833,
		"al_lng" : 114.094946,
		"al_lat" : 22.540618,
		"cnt" : 673
	},
	{
		"abroad_site" : "岗厦站",
		"alight_site" : "深圳大学站",
		"ab_lng" : 114.063591,
		"ab_lat" : 22.547375,
		"al_lng" : 113.931847,
		"al_lat" : 22.533911,
		"cnt" : 666
	},
	{
		"abroad_site" : "石厦站",
		"alight_site" : "五和站",
		"ab_lng" : 114.053616,
		"ab_lat" : 22.523708,
		"al_lng" : 114.060681,
		"al_lat" : 22.626833,
		"cnt" : 666
	},
	{
		"abroad_site" : "沙井站",
		"alight_site" : "深圳湾公园站",
		"ab_lng" : 113.809759,
		"ab_lat" : 22.732605,
		"al_lng" : 113.993114,
		"al_lat" : 22.521591,
		"cnt" : 662
	},
	{
		"abroad_site" : "沙尾站",
		"alight_site" : "深圳湾公园站",
		"ab_lng" : 114.042579,
		"ab_lat" : 22.520798,
		"al_lng" : 113.993114,
		"al_lat" : 22.521591,
		"cnt" : 655
	},
	{
		"abroad_site" : "福永站",
		"alight_site" : "深圳北站",
		"ab_lng" : 113.82758,
		"ab_lat" : 22.671302,
		"al_lng" : 114.029113,
		"al_lat" : 22.609725,
		"cnt" : 636
	},
	{
		"abroad_site" : "塘坑站",
		"alight_site" : "布心站",
		"ab_lng" : 114.192725,
		"ab_lat" : 22.639179,
		"al_lng" : 114.138045,
		"al_lat" : 22.580986,
		"cnt" : 635
	},
	{
		"abroad_site" : "世界之窗站",
		"alight_site" : "科苑站",
		"ab_lng" : 113.974216,
		"ab_lat" : 22.5369,
		"al_lng" : 113.946195,
		"al_lat" : 22.527019,
		"cnt" : 634
	},
	{
		"abroad_site" : "草埔站",
		"alight_site" : "罗湖站",
		"ab_lng" : 114.1165,
		"ab_lat" : 22.584447,
		"al_lng" : 114.116746,
		"al_lat" : 22.560244,
		"cnt" : 630
	},
	{
		"abroad_site" : "桃园站",
		"alight_site" : "吉祥站",
		"ab_lng" : 113.924857,
		"ab_lat" : 22.532357,
		"al_lng" : 114.244318,
		"al_lat" : 22.709488,
		"cnt" : 613
	},
	{
		"abroad_site" : "后瑞站",
		"alight_site" : "科学馆站",
		"ab_lng" : 113.835449,
		"ab_lat" : 22.628835,
		"al_lng" : 114.094946,
		"al_lat" : 22.540618,
		"cnt" : 604
	},
	{
		"abroad_site" : "桥头站",
		"alight_site" : "灵芝站",
		"ab_lng" : 113.811001,
		"ab_lat" : 22.688133,
		"al_lng" : 113.904158,
		"al_lat" : 22.568964,
		"cnt" : 599
	},
	{
		"abroad_site" : "大剧院站",
		"alight_site" : "罗湖站",
		"ab_lng" : 114.107811,
		"ab_lat" : 22.5418,
		"al_lng" : 114.116746,
		"al_lat" : 22.560244,
		"cnt" : 591
	},
	{
		"abroad_site" : "赤尾站",
		"alight_site" : "水湾站",
		"ab_lng" : 114.083598,
		"ab_lat" : 22.531374,
		"al_lng" : 113.924844,
		"al_lat" : 22.485098,
		"cnt" : 584
	},
	{
		"abroad_site" : "木棉湾站",
		"alight_site" : "华新站",
		"ab_lng" : 114.12702,
		"ab_lat" : 22.604577,
		"al_lng" : 114.086654,
		"al_lat" : 22.548981,
		"cnt" : 581
	},
	{
		"abroad_site" : "黄贝岭站",
		"alight_site" : "深圳湾公园站",
		"ab_lng" : 114.142136,
		"ab_lat" : 22.54862,
		"al_lng" : 113.993114,
		"al_lat" : 22.521591,
		"cnt" : 567
	},
	{
		"abroad_site" : "翠竹站",
		"alight_site" : "梅景站",
		"ab_lng" : 114.129883,
		"ab_lat" : 22.556188,
		"al_lng" : 114.037934,
		"al_lat" : 22.561028,
		"cnt" : 564
	},
	{
		"abroad_site" : "碧海湾站",
		"alight_site" : "福田口岸站",
		"ab_lng" : 113.856093,
		"ab_lat" : 22.575073,
		"al_lng" : 114.069273,
		"al_lat" : 22.515737,
		"cnt" : 551
	},
	{
		"abroad_site" : "松岗站",
		"alight_site" : "少年宫站",
		"ab_lng" : 113.851562,
		"ab_lat" : 22.770126,
		"al_lng" : 114.06017,
		"al_lat" : 22.548627,
		"cnt" : 550
	},
	{
		"abroad_site" : "上梅林站",
		"alight_site" : "南山站",
		"ab_lng" : 114.05944,
		"ab_lat" : 22.570462,
		"al_lng" : 113.912877,
		"al_lat" : 22.542716,
		"cnt" : 537
	},
	{
		"abroad_site" : "上塘站",
		"alight_site" : "布吉站",
		"ab_lng" : 114.012808,
		"ab_lat" : 22.637134,
		"al_lng" : 114.123749,
		"al_lat" : 22.617382,
		"cnt" : 531
	},
	{
		"abroad_site" : "晒布站",
		"alight_site" : "金银坑",
		"ab_lng" : 114.122664,
		"ab_lat" : 22.549238,
		"al_lng" : 114.163696,
		"al_lat" : 22.628576,
		"cnt" : 520
	},
	{
		"abroad_site" : "下沙站",
		"alight_site" : "深圳湾公园站",
		"ab_lng" : 114.272293,
		"ab_lat" : 22.700365,
		"al_lng" : 113.993114,
		"al_lat" : 22.521591,
		"cnt" : 518
	},
	{
		"abroad_site" : "爱联站",
		"alight_site" : "莲花西站",
		"ab_lng" : 114.234423,
		"ab_lat" : 22.697495,
		"al_lng" : 114.050034,
		"al_lat" : 22.546668,
		"cnt" : 501
	},
	{
		"abroad_site" : "益田站",
		"alight_site" : "红岭北站",
		"ab_lng" : 114.050987,
		"ab_lat" : 22.516287,
		"al_lng" : 114.104315,
		"al_lat" : 22.56203,
		"cnt" : 496
	},
	{
		"abroad_site" : "布心站",
		"alight_site" : "清湖市场",
		"ab_lng" : 114.138045,
		"ab_lat" : 22.580986,
		"al_lng" : 114.034515,
		"al_lat" : 22.672222,
		"cnt" : 496
	},
	{
		"abroad_site" : "机场站",
		"alight_site" : "世界之窗站",
		"ab_lng" : 113.813663,
		"ab_lat" : 22.624026,
		"al_lng" : 113.974216,
		"al_lat" : 22.5369,
		"cnt" : 484
	},
	{
		"abroad_site" : "洪浪北站",
		"alight_site" : "华强南站",
		"ab_lng" : 113.910585,
		"ab_lat" : 22.574543,
		"al_lng" : 114.086825,
		"al_lat" : 22.537214,
		"cnt" : 483
	},
	{
		"abroad_site" : "老街站",
		"alight_site" : "罗湖站",
		"ab_lng" : 114.116939,
		"ab_lat" : 22.544232,
		"al_lng" : 114.116746,
		"al_lat" : 22.560244,
		"cnt" : 473
	},
	{
		"abroad_site" : "红山站",
		"alight_site" : "龙华站",
		"ab_lng" : 114.023465,
		"ab_lat" : 22.621886,
		"al_lng" : 114.030946,
		"al_lat" : 22.671135,
		"cnt" : 458
	},
	{
		"abroad_site" : "东角头站",
		"alight_site" : "桃源村站",
		"ab_lng" : 113.931149,
		"ab_lat" : 22.486325,
		"al_lng" : 113.981962,
		"al_lat" : 22.5599,
		"cnt" : 439
	},
	{
		"abroad_site" : "大学城站",
		"alight_site" : "怡景站",
		"ab_lng" : 113.965307,
		"ab_lat" : 22.581946,
		"al_lng" : 114.140115,
		"al_lat" : 22.555856,
		"cnt" : 433
	},
	{
		"abroad_site" : "兴东站",
		"alight_site" : "海上世界站",
		"ab_lng" : 113.919013,
		"ab_lat" : 22.581822,
		"al_lng" : 113.915111,
		"al_lat" : 22.485101,
		"cnt" : 433
	},
	{
		"abroad_site" : "太安站",
		"alight_site" : "东门市场",
		"ab_lng" : 114.137018,
		"ab_lat" : 22.572496,
		"al_lng" : 114.122368,
		"al_lat" : 22.545446,
		"cnt" : 425
	},
	{
		"abroad_site" : "六约站",
		"alight_site" : "布吉站",
		"ab_lng" : 114.180646,
		"ab_lat" : 22.634322,
		"al_lng" : 114.123749,
		"al_lat" : 22.617382,
		"cnt" : 413
	},
	{
		"abroad_site" : "下梅林站",
		"alight_site" : "下梅林站",
		"ab_lng" : 114.041768,
		"ab_lat" : 22.565672,
		"al_lng" : 114.041768,
		"al_lat" : 22.565672,
		"cnt" : 411
	},
	{
		"abroad_site" : "莲花北站",
		"alight_site" : "皇岗口岸站",
		"ab_lng" : 114.059402,
		"ab_lat" : 22.560538,
		"al_lng" : 114.073972,
		"al_lat" : 22.521799,
		"cnt" : 405
	},
	{
		"abroad_site" : "龙城广场站",
		"alight_site" : "华强路站",
		"ab_lng" : 114.252541,
		"ab_lat" : 22.718138,
		"al_lng" : 114.085133,
		"al_lat" : 22.540459,
		"cnt" : 399
	},
	{
		"abroad_site" : "泥岗站",
		"alight_site" : "皇岗村站",
		"ab_lng" : 114.097634,
		"ab_lat" : 22.567804,
		"al_lng" : 114.038514,
		"al_lat" : 22.560759,
		"cnt" : 398
	},
	{
		"abroad_site" : "湖贝站",
		"alight_site" : "布心站",
		"ab_lng" : 114.125437,
		"ab_lat" : 22.544287,
		"al_lng" : 114.138045,
		"al_lat" : 22.580986,
		"cnt" : 394
	},
	{
		"abroad_site" : "科学馆站",
		"alight_site" : "罗湖站",
		"ab_lng" : 114.094946,
		"ab_lat" : 22.540618,
		"al_lng" : 114.116746,
		"al_lat" : 22.560244,
		"cnt" : 392
	},
	{
		"abroad_site" : "南联站",
		"alight_site" : "侨城东站",
		"ab_lng" : 114.265531,
		"ab_lat" : 22.721967,
		"al_lng" : 113.996651,
		"al_lat" : 22.532406,
		"cnt" : 392
	},
	{
		"abroad_site" : "通新岭站",
		"alight_site" : "丹竹头站",
		"ab_lng" : 114.096273,
		"ab_lat" : 22.549126,
		"al_lng" : 114.147644,
		"al_lat" : 22.61989,
		"cnt" : 390
	},
	{
		"abroad_site" : "华强路站",
		"alight_site" : "龙胜地铁站",
		"ab_lng" : 114.085133,
		"ab_lat" : 22.540459,
		"al_lng" : 114.012154,
		"al_lat" : 22.644657,
		"cnt" : 385
	},
	{
		"abroad_site" : "马鞍山站",
		"alight_site" : "机场站",
		"ab_lng" : 113.817039,
		"ab_lat" : 22.713516,
		"al_lng" : 113.813663,
		"al_lat" : 22.624026,
		"cnt" : 379
	},
	{
		"abroad_site" : "机场东站",
		"alight_site" : "西乡站",
		"ab_lng" : 113.823677,
		"ab_lat" : 22.646675,
		"al_lng" : 113.882703,
		"al_lat" : 22.577428,
		"cnt" : 377
	},
	{
		"abroad_site" : "宝体站",
		"alight_site" : "桃园站",
		"ab_lng" : 113.880641,
		"ab_lat" : 22.560741,
		"al_lng" : 113.924857,
		"al_lat" : 22.532357,
		"cnt" : 375
	},
	{
		"abroad_site" : "鲤鱼门站",
		"alight_site" : "鲤鱼门站",
		"ab_lng" : 113.903079,
		"ab_lat" : 22.532005,
		"al_lng" : 113.903079,
		"al_lat" : 22.532005,
		"cnt" : 373
	},
	{
		"abroad_site" : "梅景站",
		"alight_site" : "翠竹站",
		"ab_lng" : 114.037934,
		"ab_lat" : 22.561028,
		"al_lng" : 114.129883,
		"al_lat" : 22.556188,
		"cnt" : 372
	},
	{
		"abroad_site" : "田贝站",
		"alight_site" : "莲花村站",
		"ab_lng" : 114.130052,
		"ab_lat" : 22.56728,
		"al_lng" : 114.067829,
		"al_lat" : 22.548646,
		"cnt" : 363
	},
	{
		"abroad_site" : "车公庙站",
		"alight_site" : "门诊部①",
		"ab_lng" : 114.02583,
		"ab_lat" : 22.536247,
		"al_lng" : 114.119713,
		"al_lat" : 22.543337,
		"cnt" : 363
	},
	{
		"abroad_site" : "塘尾站",
		"alight_site" : "深圳湾公园站",
		"ab_lng" : 113.908073,
		"ab_lat" : 22.749704,
		"al_lng" : 113.993114,
		"al_lat" : 22.521591,
		"cnt" : 356
	},
	{
		"abroad_site" : "珠光站",
		"alight_site" : "侨城东站",
		"ab_lng" : 113.960559,
		"ab_lat" : 22.56827,
		"al_lng" : 113.996651,
		"al_lat" : 22.532406,
		"cnt" : 352
	},
	{
		"abroad_site" : "笋岗站",
		"alight_site" : "沙井站",
		"ab_lng" : 114.116746,
		"ab_lat" : 22.560244,
		"al_lng" : 113.809759,
		"al_lat" : 22.732605,
		"cnt" : 349
	},
	{
		"abroad_site" : "深圳大学站",
		"alight_site" : "桃园站",
		"ab_lng" : 113.931847,
		"ab_lat" : 22.533911,
		"al_lng" : 113.924857,
		"al_lat" : 22.532357,
		"cnt" : 347
	},
	{
		"abroad_site" : "竹子林站",
		"alight_site" : "塘朗站",
		"ab_lng" : 114.013917,
		"ab_lat" : 22.533357,
		"al_lng" : 113.999666,
		"al_lat" : 22.590097,
		"cnt" : 342
	},
	{
		"abroad_site" : "红岭站",
		"alight_site" : "华强南站",
		"ab_lng" : 114.104584,
		"ab_lat" : 22.54838,
		"al_lng" : 114.086825,
		"al_lat" : 22.537214,
		"cnt" : 337
	},
	{
		"abroad_site" : "桃源村站",
		"alight_site" : "甘坑村委",
		"ab_lng" : 113.981962,
		"ab_lat" : 22.5599,
		"al_lng" : 114.108012,
		"al_lat" : 22.656628,
		"cnt" : 330
	},
	{
		"abroad_site" : "国贸站",
		"alight_site" : "华强路站",
		"ab_lng" : 114.118909,
		"ab_lat" : 22.53968,
		"al_lng" : 114.085133,
		"al_lat" : 22.540459,
		"cnt" : 329
	},
	{
		"abroad_site" : "荷坳站",
		"alight_site" : "南联站",
		"ab_lng" : 114.22431,
		"ab_lat" : 22.673079,
		"al_lng" : 114.265531,
		"al_lat" : 22.721967,
		"cnt" : 328
	},
	{
		"abroad_site" : "上水径站",
		"alight_site" : "湖贝站",
		"ab_lng" : 114.105337,
		"ab_lat" : 22.622046,
		"al_lng" : 114.125437,
		"al_lat" : 22.544287,
		"cnt" : 308
	},
	{
		"abroad_site" : "永湖站",
		"alight_site" : "双龙站",
		"ab_lng" : 114.218042,
		"ab_lat" : 22.658995,
		"al_lng" : 114.277422,
		"al_lat" : 22.728806,
		"cnt" : 297
	},
	{
		"abroad_site" : "后亭站",
		"alight_site" : "宝安站",
		"ab_lng" : 113.826874,
		"ab_lat" : 22.752625,
		"al_lng" : 113.899146,
		"al_lat" : 22.563762,
		"cnt" : 293
	},
	{
		"abroad_site" : "高新园站",
		"alight_site" : "红树湾站",
		"ab_lng" : 113.953842,
		"ab_lat" : 22.540236,
		"al_lng" : 113.968432,
		"al_lat" : 22.525142,
		"cnt" : 290
	},
	{
		"abroad_site" : "梅村站",
		"alight_site" : "红岭南站",
		"ab_lng" : 114.038514,
		"ab_lat" : 22.560759,
		"al_lng" : 114.104749,
		"al_lat" : 22.539943,
		"cnt" : 286
	},
	{
		"abroad_site" : "百鸽笼站",
		"alight_site" : "燕南站",
		"ab_lng" : 114.13038,
		"ab_lat" : 22.595442,
		"al_lng" : 114.092561,
		"al_lat" : 22.544541,
		"cnt" : 283
	},
	{
		"abroad_site" : "吉祥站",
		"alight_site" : "华新站",
		"ab_lng" : 114.244318,
		"ab_lat" : 22.709488,
		"al_lng" : 114.086654,
		"al_lat" : 22.548981,
		"cnt" : 281
	},
	{
		"abroad_site" : "布吉街",
		"alight_site" : "双龙地铁站①",
		"ab_lng" : 114.1185,
		"ab_lat" : 22.600864,
		"al_lng" : 114.277405,
		"al_lat" : 22.728924,
		"cnt" : 280
	},
	{
		"abroad_site" : "深康站",
		"alight_site" : "深康站",
		"ab_lng" : 113.998846,
		"ab_lat" : 22.546456,
		"al_lng" : 113.998846,
		"al_lat" : 22.546456,
		"cnt" : 279
	},
	{
		"abroad_site" : "怡景站",
		"alight_site" : "湖贝站",
		"ab_lng" : 114.140115,
		"ab_lat" : 22.555856,
		"al_lng" : 114.125437,
		"al_lat" : 22.544287,
		"cnt" : 277
	}
]
