[
	{
		"abroad_site" : "平湖派出所",
		"ab_lng" : 114.13163,
		"ab_lat" : 22.692379,
		"alight_site" : "福永站",
		"al_lng" : 113.82758,
		"al_lat" : 22.671302
	},
	{
		"abroad_site" : "罗湖站",
		"ab_lng" : 114.116746,
		"ab_lat" : 22.560244,
		"alight_site" : "岗厦站",
		"al_lng" : 114.063591,
		"al_lat" : 22.547375
	},
	{
		"abroad_site" : "福田口岸站",
		"ab_lng" : 114.069273,
		"ab_lat" : 22.515737,
		"alight_site" : "清湖站",
		"al_lng" : 114.037033,
		"al_lat" : 22.665243
	},
	{
		"abroad_site" : "观澜汽车站②",
		"ab_lng" : 114.065758,
		"ab_lat" : 22.719809,
		"alight_site" : "大剧院站",
		"al_lng" : 114.107811,
		"al_lat" : 22.5418
	},
	{
		"abroad_site" : "老街站",
		"ab_lng" : 114.116939,
		"ab_lat" : 22.544232,
		"alight_site" : "罗湖站",
		"al_lng" : 114.116746,
		"al_lat" : 22.560244
	},
	{
		"abroad_site" : "景田站",
		"ab_lng" : 114.043343,
		"ab_lat" : 22.553419,
		"alight_site" : "燕南站",
		"al_lng" : 114.092561,
		"al_lat" : 22.544541
	},
	{
		"abroad_site" : "燕南站",
		"ab_lng" : 114.092561,
		"ab_lat" : 22.544541,
		"alight_site" : "景田站",
		"al_lng" : 114.043343,
		"al_lat" : 22.553419
	},
	{
		"abroad_site" : "笋岗桥",
		"ab_lng" : 114.117287,
		"ab_lat" : 22.555998,
		"alight_site" : "仙湖植物园总站",
		"al_lng" : 114.167847,
		"al_lat" : 22.567627
	},
	{
		"abroad_site" : "聚宝路口",
		"ab_lng" : 114.169128,
		"ab_lat" : 22.559774,
		"alight_site" : "笋岗仓库",
		"al_lng" : 114.109207,
		"al_lat" : 22.557692
	},
	{
		"abroad_site" : "布心站",
		"ab_lng" : 114.138045,
		"ab_lat" : 22.580986,
		"alight_site" : "五和站",
		"al_lng" : 114.060681,
		"al_lat" : 22.626833
	},
	{
		"abroad_site" : "五和站",
		"ab_lng" : 114.060681,
		"ab_lat" : 22.626833,
		"alight_site" : "布心站",
		"al_lng" : 114.138045,
		"al_lat" : 22.580986
	},
	{
		"abroad_site" : "老街站",
		"ab_lng" : 114.116939,
		"ab_lat" : 22.544232,
		"alight_site" : "布吉站",
		"al_lng" : 114.123749,
		"al_lat" : 22.617382
	},
	{
		"abroad_site" : "布心山庄",
		"ab_lng" : 114.132629,
		"ab_lat" : 22.584063,
		"alight_site" : "翠园中学东晓校区",
		"al_lng" : 114.136421,
		"al_lat" : 22.581705
	},
	{
		"abroad_site" : "白石龙站",
		"ab_lng" : 114.042431,
		"ab_lat" : 22.601505,
		"alight_site" : "会展中心站",
		"al_lng" : 114.061101,
		"al_lat" : 22.534769
	},
	{
		"abroad_site" : "石厦站",
		"ab_lng" : 114.053616,
		"ab_lat" : 22.523708,
		"alight_site" : "国贸站",
		"al_lng" : 114.118909,
		"al_lat" : 22.53968
	},
	{
		"abroad_site" : "国贸站",
		"ab_lng" : 114.118909,
		"ab_lat" : 22.53968,
		"alight_site" : "石厦站",
		"al_lng" : 114.053616,
		"al_lat" : 22.523708
	},
	{
		"abroad_site" : "鹏基工业区①",
		"ab_lng" : 114.165192,
		"ab_lat" : 22.561499,
		"alight_site" : "华新站",
		"al_lng" : 114.086654,
		"al_lat" : 22.548981
	},
	{
		"abroad_site" : "侨香站",
		"ab_lng" : 114.014378,
		"ab_lat" : 22.549784,
		"alight_site" : "香梅北站",
		"al_lng" : 114.032716,
		"al_lat" : 22.55386
	},
	{
		"abroad_site" : "香梅北站",
		"ab_lng" : 114.032716,
		"ab_lat" : 22.55386,
		"alight_site" : "侨香站",
		"al_lng" : 114.014378,
		"al_lat" : 22.549784
	},
	{
		"abroad_site" : "会展中心站",
		"ab_lng" : 114.061101,
		"ab_lat" : 22.534769,
		"alight_site" : "少年宫站",
		"al_lng" : 114.06017,
		"al_lat" : 22.548627
	},
	{
		"abroad_site" : "少年宫站",
		"ab_lng" : 114.06017,
		"ab_lat" : 22.548627,
		"alight_site" : "莲花北站",
		"al_lng" : 114.059402,
		"al_lat" : 22.560538
	},
	{
		"abroad_site" : "深圳北站",
		"ab_lng" : 114.029113,
		"ab_lat" : 22.609725,
		"alight_site" : "后瑞站",
		"al_lng" : 113.835449,
		"al_lat" : 22.628835
	},
	{
		"abroad_site" : "金威大厦",
		"ab_lng" : 114.114418,
		"ab_lat" : 22.538925,
		"alight_site" : "火车站",
		"al_lng" : 114.128059,
		"al_lat" : 22.691498
	},
	{
		"abroad_site" : "火车站",
		"ab_lng" : 114.128059,
		"ab_lat" : 22.691498,
		"alight_site" : "上沙村②",
		"al_lng" : 114.013888,
		"al_lat" : 22.533206
	},
	{
		"abroad_site" : "竹子林站",
		"ab_lng" : 114.013917,
		"ab_lat" : 22.533357,
		"alight_site" : "莲花村站",
		"al_lng" : 114.067829,
		"al_lat" : 22.548646
	},
	{
		"abroad_site" : "通新岭站",
		"ab_lng" : 114.096273,
		"ab_lat" : 22.549126,
		"alight_site" : "莲花村站",
		"al_lng" : 114.067829,
		"al_lat" : 22.548646
	},
	{
		"abroad_site" : "上塘站",
		"ab_lng" : 114.012808,
		"ab_lat" : 22.637134,
		"alight_site" : "深圳北站",
		"al_lng" : 114.029113,
		"al_lat" : 22.609725
	},
	{
		"abroad_site" : "华强南站",
		"ab_lng" : 114.086825,
		"ab_lat" : 22.537214,
		"alight_site" : "华新站",
		"al_lng" : 114.086654,
		"al_lat" : 22.548981
	},
	{
		"abroad_site" : "深圳北站",
		"ab_lng" : 114.029113,
		"ab_lat" : 22.609725,
		"alight_site" : "龙华站",
		"al_lng" : 114.030946,
		"al_lat" : 22.671135
	},
	{
		"abroad_site" : "后海站",
		"ab_lng" : 113.942498,
		"ab_lat" : 22.518422,
		"alight_site" : "南山站",
		"al_lng" : 113.912877,
		"al_lat" : 22.542716
	},
	{
		"abroad_site" : "深圳北站",
		"ab_lng" : 114.029113,
		"ab_lat" : 22.609725,
		"alight_site" : "赤尾站",
		"al_lng" : 114.083598,
		"al_lat" : 22.531374
	},
	{
		"abroad_site" : "赤尾站",
		"ab_lng" : 114.083598,
		"ab_lat" : 22.531374,
		"alight_site" : "福民站",
		"al_lng" : 114.065915,
		"al_lat" : 22.523226
	},
	{
		"abroad_site" : "福民站",
		"ab_lng" : 114.065915,
		"ab_lat" : 22.523226,
		"alight_site" : "赤尾站",
		"al_lng" : 114.083598,
		"al_lat" : 22.531374
	},
	{
		"abroad_site" : "信义假日名城",
		"ab_lng" : 114.123055,
		"ab_lat" : 22.596867,
		"alight_site" : "锦绣园",
		"al_lng" : 113.90387,
		"al_lat" : 22.805031
	},
	{
		"abroad_site" : "锦绣园",
		"ab_lng" : 113.90387,
		"ab_lat" : 22.805031,
		"alight_site" : "百鸽笼总站",
		"al_lng" : 114.140549,
		"al_lat" : 22.594097
	},
	{
		"abroad_site" : "百鸽笼站",
		"ab_lng" : 114.13038,
		"ab_lat" : 22.595442,
		"alight_site" : "坪洲站",
		"al_lng" : 113.899146,
		"al_lat" : 22.563762
	},
	{
		"abroad_site" : "宝安站",
		"ab_lng" : 113.899146,
		"ab_lat" : 22.563762,
		"alight_site" : "后海站",
		"al_lng" : 113.942498,
		"al_lat" : 22.518422
	},
	{
		"abroad_site" : "后海站",
		"ab_lng" : 113.942498,
		"ab_lat" : 22.518422,
		"alight_site" : "宝安站",
		"al_lng" : 113.899146,
		"al_lat" : 22.563762
	},
	{
		"abroad_site" : "福田口岸站",
		"ab_lng" : 114.069273,
		"ab_lat" : 22.515737,
		"alight_site" : "会展中心站",
		"al_lng" : 114.061101,
		"al_lat" : 22.534769
	},
	{
		"abroad_site" : "西湖宾馆",
		"ab_lng" : 114.109245,
		"ab_lat" : 22.553858,
		"alight_site" : "中医院",
		"al_lng" : 114.084412,
		"al_lat" : 22.537622
	},
	{
		"abroad_site" : "中医院",
		"ab_lng" : 114.084412,
		"ab_lat" : 22.537622,
		"alight_site" : "天地大厦",
		"al_lng" : 114.109261,
		"al_lat" : 22.551962
	},
	{
		"abroad_site" : "深圳北站",
		"ab_lng" : 114.029113,
		"ab_lat" : 22.609725,
		"alight_site" : "五和站",
		"al_lng" : 114.060681,
		"al_lat" : 22.626833
	},
	{
		"abroad_site" : "人民南站",
		"ab_lng" : 114.118154,
		"ab_lat" : 22.535514,
		"alight_site" : "桃源村站",
		"al_lng" : 113.981962,
		"al_lat" : 22.5599
	},
	{
		"abroad_site" : "桃源村站",
		"ab_lng" : 113.981962,
		"ab_lat" : 22.5599,
		"alight_site" : "人民南站",
		"al_lng" : 114.118154,
		"al_lat" : 22.535514
	},
	{
		"abroad_site" : "白石洲站",
		"ab_lng" : 113.968773,
		"ab_lat" : 22.53944,
		"alight_site" : "会展中心站",
		"al_lng" : 114.061101,
		"al_lat" : 22.534769
	},
	{
		"abroad_site" : "石厦站",
		"ab_lng" : 114.053616,
		"ab_lat" : 22.523708,
		"alight_site" : "五和站",
		"al_lng" : 114.060681,
		"al_lat" : 22.626833
	},
	{
		"abroad_site" : "五和站",
		"ab_lng" : 114.060681,
		"ab_lat" : 22.626833,
		"alight_site" : "会展中心站",
		"al_lng" : 114.061101,
		"al_lat" : 22.534769
	},
	{
		"abroad_site" : "福民站",
		"ab_lng" : 114.065915,
		"ab_lat" : 22.523226,
		"alight_site" : "皇岗口岸站",
		"al_lng" : 114.073972,
		"al_lat" : 22.521799
	},
	{
		"abroad_site" : "前海兴海路口",
		"ab_lng" : 113.892532,
		"ab_lat" : 22.496025,
		"alight_site" : "南门一坊",
		"al_lng" : 113.927414,
		"al_lat" : 22.504717
	},
	{
		"abroad_site" : "南山邮局",
		"ab_lng" : 113.926804,
		"ab_lat" : 22.513716,
		"alight_site" : "深大附中",
		"al_lng" : 113.898369,
		"al_lat" : 22.504023
	},
	{
		"abroad_site" : "坂田路口西",
		"ab_lng" : 114.067017,
		"ab_lat" : 22.63615,
		"alight_site" : "坂田站",
		"al_lng" : 114.053191,
		"al_lat" : 22.624917
	},
	{
		"abroad_site" : "市救助站",
		"ab_lng" : 114.082497,
		"ab_lat" : 22.569536,
		"alight_site" : "荷花市场",
		"al_lng" : 114.139061,
		"al_lat" : 22.554449
	},
	{
		"abroad_site" : "怡景花园",
		"ab_lng" : 114.138206,
		"ab_lat" : 22.557821,
		"alight_site" : "笔架山水厂",
		"al_lng" : 114.077171,
		"al_lat" : 22.566797
	},
	{
		"abroad_site" : "景田站",
		"ab_lng" : 114.043343,
		"ab_lat" : 22.553419,
		"alight_site" : "下沙站",
		"al_lng" : 114.272293,
		"al_lat" : 22.700365
	},
	{
		"abroad_site" : "上沙站",
		"ab_lng" : 114.028282,
		"ab_lat" : 22.529348,
		"alight_site" : "景田站",
		"al_lng" : 114.043343,
		"al_lat" : 22.553419
	},
	{
		"abroad_site" : "水湾站",
		"ab_lng" : 113.924844,
		"ab_lat" : 22.485098,
		"alight_site" : "后海站",
		"al_lng" : 113.942498,
		"al_lat" : 22.518422
	},
	{
		"abroad_site" : "后海站",
		"ab_lng" : 113.942498,
		"ab_lat" : 22.518422,
		"alight_site" : "水湾站",
		"al_lng" : 113.924844,
		"al_lat" : 22.485098
	},
	{
		"abroad_site" : "东角头站",
		"ab_lng" : 113.931149,
		"ab_lat" : 22.486325,
		"alight_site" : "海上世界站",
		"al_lng" : 113.915111,
		"al_lat" : 22.485101
	},
	{
		"abroad_site" : "海上世界站",
		"ab_lng" : 113.915111,
		"ab_lat" : 22.485101,
		"alight_site" : "东角头站",
		"al_lng" : 113.931149,
		"al_lat" : 22.486325
	},
	{
		"abroad_site" : "南山站",
		"ab_lng" : 113.912877,
		"ab_lat" : 22.542716,
		"alight_site" : "南山站",
		"al_lng" : 113.912877,
		"al_lat" : 22.542716
	},
	{
		"abroad_site" : "海上世界站",
		"ab_lng" : 113.915111,
		"ab_lat" : 22.485101,
		"alight_site" : "后海站",
		"al_lng" : 113.942498,
		"al_lat" : 22.518422
	},
	{
		"abroad_site" : "后海站",
		"ab_lng" : 113.942498,
		"ab_lat" : 22.518422,
		"alight_site" : "东角头站",
		"al_lng" : 113.931149,
		"al_lat" : 22.486325
	},
	{
		"abroad_site" : "海月站",
		"ab_lng" : 113.937715,
		"ab_lat" : 22.500409,
		"alight_site" : "东角头站",
		"al_lng" : 113.931149,
		"al_lat" : 22.486325
	},
	{
		"abroad_site" : "布吉长龙新村",
		"ab_lng" : 114.113159,
		"ab_lat" : 22.613758,
		"alight_site" : "岗边村②",
		"al_lng" : 114.086243,
		"al_lat" : 22.544244
	},
	{
		"abroad_site" : "岗边村②",
		"ab_lng" : 114.086243,
		"ab_lat" : 22.544244,
		"alight_site" : "布吉阳光花园",
		"al_lng" : 114.113897,
		"al_lat" : 22.616505
	},
	{
		"abroad_site" : "东角头站",
		"ab_lng" : 113.931149,
		"ab_lat" : 22.486325,
		"alight_site" : "后海站",
		"al_lng" : 113.942498,
		"al_lat" : 22.518422
	},
	{
		"abroad_site" : "后海站",
		"ab_lng" : 113.942498,
		"ab_lat" : 22.518422,
		"alight_site" : "湾厦站",
		"al_lng" : 113.938604,
		"al_lat" : 22.493353
	},
	{
		"abroad_site" : "后海站",
		"ab_lng" : 113.942498,
		"ab_lat" : 22.518422,
		"alight_site" : "海月站",
		"al_lng" : 113.937715,
		"al_lat" : 22.500409
	},
	{
		"abroad_site" : "松坪学校小学部",
		"ab_lng" : 113.952194,
		"ab_lat" : 22.560863,
		"alight_site" : "大新站",
		"al_lng" : 113.915072,
		"al_lat" : 22.532232
	},
	{
		"abroad_site" : "大新站",
		"ab_lng" : 113.915072,
		"ab_lat" : 22.532232,
		"alight_site" : "大新站",
		"al_lng" : 113.915072,
		"al_lat" : 22.532232
	},
	{
		"abroad_site" : "桃园站",
		"ab_lng" : 113.924857,
		"ab_lat" : 22.532357,
		"alight_site" : "竹子林站",
		"al_lng" : 114.013917,
		"al_lat" : 22.533357
	},
	{
		"abroad_site" : "竹子林站",
		"ab_lng" : 114.013917,
		"ab_lat" : 22.533357,
		"alight_site" : "侨城东站",
		"al_lng" : 113.996651,
		"al_lat" : 22.532406
	},
	{
		"abroad_site" : "西湖宾馆",
		"ab_lng" : 114.109245,
		"ab_lat" : 22.553858,
		"alight_site" : "南山妇幼保健院",
		"al_lng" : 113.930782,
		"al_lat" : 22.487019
	},
	{
		"abroad_site" : "东角头站",
		"ab_lng" : 113.931149,
		"ab_lat" : 22.486325,
		"alight_site" : "海上世界站",
		"al_lng" : 113.915111,
		"al_lat" : 22.485101
	},
	{
		"abroad_site" : "罗湖站",
		"ab_lng" : 114.116746,
		"ab_lat" : 22.560244,
		"alight_site" : "科学馆站",
		"al_lng" : 114.094946,
		"al_lat" : 22.540618
	},
	{
		"abroad_site" : "科学馆站",
		"ab_lng" : 114.094946,
		"ab_lat" : 22.540618,
		"alight_site" : "西丽法庭②",
		"al_lng" : 113.954353,
		"al_lat" : 22.578091
	},
	{
		"abroad_site" : "西丽站",
		"ab_lng" : 113.954396,
		"ab_lat" : 22.580677,
		"alight_site" : "福田口岸站",
		"al_lng" : 114.069273,
		"al_lat" : 22.515737
	},
	{
		"abroad_site" : "招商供电公司",
		"ab_lng" : 113.918121,
		"ab_lat" : 22.50149,
		"alight_site" : "高科技中心",
		"al_lng" : 113.945389,
		"al_lat" : 22.537769
	},
	{
		"abroad_site" : "深大地铁站",
		"ab_lng" : 113.944173,
		"ab_lat" : 22.538667,
		"alight_site" : "深大南区宿舍楼",
		"al_lng" : 113.942741,
		"al_lat" : 22.53079
	},
	{
		"abroad_site" : "南山站",
		"ab_lng" : 113.912877,
		"ab_lat" : 22.542716,
		"alight_site" : "双龙站",
		"al_lng" : 114.277422,
		"al_lat" : 22.728806
	},
	{
		"abroad_site" : "罗湖站",
		"ab_lng" : 114.116746,
		"ab_lat" : 22.560244,
		"alight_site" : "水湾站",
		"al_lng" : 113.924844,
		"al_lat" : 22.485098
	},
	{
		"abroad_site" : "爱榕园",
		"ab_lng" : 113.929138,
		"ab_lat" : 22.500687,
		"alight_site" : "海上世界地铁站",
		"al_lng" : 113.915111,
		"al_lat" : 22.485101
	},
	{
		"abroad_site" : "海上世界地铁站",
		"ab_lng" : 113.915111,
		"ab_lat" : 22.485101,
		"alight_site" : "爱榕园",
		"al_lng" : 113.929138,
		"al_lat" : 22.500687
	},
	{
		"abroad_site" : "科学馆站",
		"ab_lng" : 114.094946,
		"ab_lat" : 22.540618,
		"alight_site" : "侨香站",
		"al_lng" : 114.014378,
		"al_lat" : 22.549784
	},
	{
		"abroad_site" : "白石洲站",
		"ab_lng" : 113.968773,
		"ab_lat" : 22.53944,
		"alight_site" : "老街站",
		"al_lng" : 114.116939,
		"al_lat" : 22.544232
	},
	{
		"abroad_site" : "益田站",
		"ab_lng" : 114.050987,
		"ab_lat" : 22.516287,
		"alight_site" : "少年宫站",
		"al_lng" : 114.06017,
		"al_lat" : 22.548627
	},
	{
		"abroad_site" : "车公庙站",
		"ab_lng" : 114.02583,
		"ab_lat" : 22.536247,
		"alight_site" : "泥岗站",
		"al_lng" : 114.097634,
		"al_lat" : 22.567804
	},
	{
		"abroad_site" : "泥岗站",
		"ab_lng" : 114.097634,
		"ab_lat" : 22.567804,
		"alight_site" : "车公庙站",
		"al_lng" : 114.02583,
		"al_lat" : 22.536247
	},
	{
		"abroad_site" : "福田口岸站",
		"ab_lng" : 114.069273,
		"ab_lat" : 22.515737,
		"alight_site" : "莲花村站",
		"al_lng" : 114.067829,
		"al_lat" : 22.548646
	},
	{
		"abroad_site" : "景亿山庄",
		"ab_lng" : 114.14183,
		"ab_lat" : 22.579353,
		"alight_site" : "东湖宾馆",
		"al_lng" : 114.144463,
		"al_lat" : 22.573784
	},
	{
		"abroad_site" : "彩世界家园",
		"ab_lng" : 114.143715,
		"ab_lat" : 22.577114,
		"alight_site" : "翠园中学东晓校区",
		"al_lng" : 114.136421,
		"al_lat" : 22.581705
	},
	{
		"abroad_site" : "罗湖妇幼保健院",
		"ab_lng" : 114.137405,
		"ab_lat" : 22.576866,
		"alight_site" : "体育馆②",
		"al_lng" : 114.093468,
		"al_lat" : 22.555624
	},
	{
		"abroad_site" : "黄木岗站",
		"ab_lng" : 114.08728,
		"ab_lat" : 22.555843,
		"alight_site" : "太安站",
		"al_lng" : 114.137018,
		"al_lat" : 22.572496
	},
	{
		"abroad_site" : "莲塘街道办",
		"ab_lng" : 114.169632,
		"ab_lat" : 22.564072,
		"alight_site" : "深圳书城",
		"al_lng" : 114.108482,
		"al_lat" : 22.541466
	},
	{
		"abroad_site" : "深圳书城",
		"ab_lng" : 114.108482,
		"ab_lat" : 22.541466,
		"alight_site" : "仙湖路口",
		"al_lng" : 114.165688,
		"al_lat" : 22.559832
	},
	{
		"abroad_site" : "径肚",
		"ab_lng" : 114.193987,
		"ab_lat" : 22.553962,
		"alight_site" : "聚宝路口",
		"al_lng" : 114.169128,
		"al_lat" : 22.559774
	},
	{
		"abroad_site" : "罗湖站",
		"ab_lng" : 114.116746,
		"ab_lat" : 22.560244,
		"alight_site" : "布心站",
		"al_lng" : 114.138045,
		"al_lat" : 22.580986
	},
	{
		"abroad_site" : "莲塘",
		"ab_lng" : 114.172119,
		"ab_lat" : 22.560308,
		"alight_site" : "布心站",
		"al_lng" : 114.138045,
		"al_lat" : 22.580986
	},
	{
		"abroad_site" : "大芬站",
		"ab_lng" : 114.110773,
		"ab_lat" : 22.613581,
		"alight_site" : "吉祥站",
		"al_lng" : 114.244318,
		"al_lat" : 22.709488
	},
	{
		"abroad_site" : "莲塘",
		"ab_lng" : 114.172119,
		"ab_lat" : 22.560308,
		"alight_site" : "盐港医院",
		"al_lng" : 114.253021,
		"al_lat" : 22.590534
	},
	{
		"abroad_site" : "盐港医院",
		"ab_lng" : 114.253021,
		"ab_lat" : 22.590534,
		"alight_site" : "莲塘",
		"al_lng" : 114.172119,
		"al_lat" : 22.560308
	},
	{
		"abroad_site" : "莲塘",
		"ab_lng" : 114.172119,
		"ab_lat" : 22.560308,
		"alight_site" : "火车站",
		"al_lng" : 114.128059,
		"al_lat" : 22.691498
	},
	{
		"abroad_site" : "火车站",
		"ab_lng" : 114.128059,
		"ab_lat" : 22.691498,
		"alight_site" : "聚宝路口",
		"al_lng" : 114.169128,
		"al_lat" : 22.559774
	},
	{
		"abroad_site" : "晒布站",
		"ab_lng" : 114.122664,
		"ab_lat" : 22.549238,
		"alight_site" : "坪洲站",
		"al_lng" : 113.899146,
		"al_lat" : 22.563762
	},
	{
		"abroad_site" : "太安站",
		"ab_lng" : 114.137018,
		"ab_lat" : 22.572496,
		"alight_site" : "长龙站",
		"al_lng" : 114.113825,
		"al_lat" : 22.608053
	},
	{
		"abroad_site" : "长龙站",
		"ab_lng" : 114.113825,
		"ab_lat" : 22.608053,
		"alight_site" : "太安站",
		"al_lng" : 114.137018,
		"al_lat" : 22.572496
	},
	{
		"abroad_site" : "少儿图书馆",
		"ab_lng" : 114.099007,
		"ab_lat" : 22.549145,
		"alight_site" : "群星广场",
		"al_lng" : 114.088066,
		"al_lat" : 22.548975
	},
	{
		"abroad_site" : "华强北站",
		"ab_lng" : 114.086243,
		"ab_lat" : 22.544244,
		"alight_site" : "大剧院站",
		"al_lng" : 114.107811,
		"al_lat" : 22.5418
	},
	{
		"abroad_site" : "大剧院站",
		"ab_lng" : 114.107811,
		"ab_lat" : 22.5418,
		"alight_site" : "笋岗站",
		"al_lng" : 114.116746,
		"al_lat" : 22.560244
	},
	{
		"abroad_site" : "福民站",
		"ab_lng" : 114.065915,
		"ab_lat" : 22.523226,
		"alight_site" : "福田口岸站",
		"al_lng" : 114.069273,
		"al_lat" : 22.515737
	},
	{
		"abroad_site" : "华丰工业区北",
		"ab_lng" : 113.843933,
		"ab_lat" : 22.603437,
		"alight_site" : "后海站",
		"al_lng" : 113.942498,
		"al_lat" : 22.518422
	},
	{
		"abroad_site" : "后海站",
		"ab_lng" : 113.942498,
		"ab_lat" : 22.518422,
		"alight_site" : "固戍站",
		"al_lng" : 113.846792,
		"al_lat" : 22.601363
	},
	{
		"abroad_site" : "钟屋",
		"ab_lng" : 113.845061,
		"ab_lat" : 22.630904,
		"alight_site" : "科苑北环立交",
		"al_lng" : 113.945435,
		"al_lat" : 22.553671
	},
	{
		"abroad_site" : "深圳北站",
		"ab_lng" : 114.029113,
		"ab_lat" : 22.609725,
		"alight_site" : "洪浪北站",
		"al_lng" : 113.910585,
		"al_lat" : 22.574543
	},
	{
		"abroad_site" : "荣超花园①",
		"ab_lng" : 114.116425,
		"ab_lat" : 22.594116,
		"alight_site" : "水库",
		"al_lng" : 114.142723,
		"al_lat" : 22.569313
	},
	{
		"abroad_site" : "水库",
		"ab_lng" : 114.142723,
		"ab_lat" : 22.569313,
		"alight_site" : "草埔地铁站①",
		"al_lng" : 114.117393,
		"al_lat" : 22.583862
	},
	{
		"abroad_site" : "福田口岸站",
		"ab_lng" : 114.069273,
		"ab_lat" : 22.515737,
		"alight_site" : "红山站",
		"al_lng" : 114.023465,
		"al_lat" : 22.621886
	},
	{
		"abroad_site" : "红山站",
		"ab_lng" : 114.023465,
		"ab_lat" : 22.621886,
		"alight_site" : "少年宫站",
		"al_lng" : 114.06017,
		"al_lat" : 22.548627
	},
	{
		"abroad_site" : "少年宫站",
		"ab_lng" : 114.06017,
		"ab_lat" : 22.548627,
		"alight_site" : "福田口岸站",
		"al_lng" : 114.069273,
		"al_lat" : 22.515737
	},
	{
		"abroad_site" : "福田口岸站",
		"ab_lng" : 114.069273,
		"ab_lat" : 22.515737,
		"alight_site" : "深圳北站",
		"al_lng" : 114.029113,
		"al_lat" : 22.609725
	},
	{
		"abroad_site" : "莲塘①",
		"ab_lng" : 114.174612,
		"ab_lat" : 22.564187,
		"alight_site" : "罗湖公安分局",
		"al_lng" : 114.180504,
		"al_lat" : 22.558998
	},
	{
		"abroad_site" : "笋岗站",
		"ab_lng" : 114.116746,
		"ab_lat" : 22.560244,
		"alight_site" : "莲花村站",
		"al_lng" : 114.067829,
		"al_lat" : 22.548646
	},
	{
		"abroad_site" : "少年宫站",
		"ab_lng" : 114.06017,
		"ab_lat" : 22.548627,
		"alight_site" : "笋岗站",
		"al_lng" : 114.116746,
		"al_lat" : 22.560244
	},
	{
		"abroad_site" : "宝安站",
		"ab_lng" : 113.899146,
		"ab_lat" : 22.563762,
		"alight_site" : "景田站",
		"al_lng" : 114.043343,
		"al_lat" : 22.553419
	},
	{
		"abroad_site" : "少年宫站",
		"ab_lng" : 114.06017,
		"ab_lat" : 22.548627,
		"alight_site" : "宝安站",
		"al_lng" : 113.899146,
		"al_lat" : 22.563762
	},
	{
		"abroad_site" : "笋岗站",
		"ab_lng" : 114.116746,
		"ab_lat" : 22.560244,
		"alight_site" : "太安站",
		"al_lng" : 114.137018,
		"al_lat" : 22.572496
	},
	{
		"abroad_site" : "田贝四路",
		"ab_lng" : 114.126091,
		"ab_lat" : 22.566216,
		"alight_site" : "田贝地铁站",
		"al_lng" : 114.129875,
		"al_lat" : 22.568356
	},
	{
		"abroad_site" : "田贝地铁站",
		"ab_lng" : 114.129875,
		"ab_lat" : 22.568356,
		"alight_site" : "笋岗村牌坊",
		"al_lng" : 114.112846,
		"al_lat" : 22.565283
	},
	{
		"abroad_site" : "翠竹站",
		"ab_lng" : 114.129883,
		"ab_lat" : 22.556188,
		"alight_site" : "梅景站",
		"al_lng" : 114.037934,
		"al_lat" : 22.561028
	},
	{
		"abroad_site" : "梅景站",
		"ab_lng" : 114.037934,
		"ab_lat" : 22.561028,
		"alight_site" : "翠竹站",
		"al_lng" : 114.129883,
		"al_lat" : 22.556188
	},
	{
		"abroad_site" : "武警医院②",
		"ab_lng" : 114.103722,
		"ab_lat" : 22.572727,
		"alight_site" : "德福花园",
		"al_lng" : 114.107208,
		"al_lat" : 22.594297
	},
	{
		"abroad_site" : "德福花园",
		"ab_lng" : 114.107208,
		"ab_lat" : 22.594297,
		"alight_site" : "布吉天虹",
		"al_lng" : 114.12394,
		"al_lat" : 22.608009
	},
	{
		"abroad_site" : "东升学校",
		"ab_lng" : 114.104828,
		"ab_lat" : 22.603825,
		"alight_site" : "武警医院②",
		"al_lng" : 114.103722,
		"al_lat" : 22.572727
	},
	{
		"abroad_site" : "海滨中学",
		"ab_lng" : 113.896667,
		"ab_lat" : 22.558638,
		"alight_site" : "岗厦站",
		"al_lng" : 114.063591,
		"al_lat" : 22.547375
	},
	{
		"abroad_site" : "水贝站",
		"ab_lng" : 114.124974,
		"ab_lat" : 22.573988,
		"alight_site" : "笋岗站",
		"al_lng" : 114.116746,
		"al_lat" : 22.560244
	},
	{
		"abroad_site" : "田贝站",
		"ab_lng" : 114.130052,
		"ab_lat" : 22.56728,
		"alight_site" : "老街站",
		"al_lng" : 114.116939,
		"al_lat" : 22.544232
	},
	{
		"abroad_site" : "布心站",
		"ab_lng" : 114.138045,
		"ab_lat" : 22.580986,
		"alight_site" : "龙城广场站",
		"al_lng" : 114.252541,
		"al_lat" : 22.718138
	},
	{
		"abroad_site" : "龙城广场站",
		"ab_lng" : 114.252541,
		"ab_lat" : 22.718138,
		"alight_site" : "布心站",
		"al_lng" : 114.138045,
		"al_lat" : 22.580986
	},
	{
		"abroad_site" : "坪洲站",
		"ab_lng" : 113.899146,
		"ab_lat" : 22.563762,
		"alight_site" : "临海站",
		"al_lng" : 113.899146,
		"al_lat" : 22.563762
	},
	{
		"abroad_site" : "临海站",
		"ab_lng" : 113.899146,
		"ab_lat" : 22.563762,
		"alight_site" : "坪洲站",
		"al_lng" : 113.899146,
		"al_lat" : 22.563762
	},
	{
		"abroad_site" : "皇岗口岸站",
		"ab_lng" : 114.073972,
		"ab_lat" : 22.521799,
		"alight_site" : "西丽站",
		"al_lng" : 113.954396,
		"al_lat" : 22.580677
	},
	{
		"abroad_site" : "西丽站",
		"ab_lng" : 113.954396,
		"ab_lat" : 22.580677,
		"alight_site" : "皇岗口岸站",
		"al_lng" : 114.073972,
		"al_lat" : 22.521799
	},
	{
		"abroad_site" : "莲花北站",
		"ab_lng" : 114.059402,
		"ab_lat" : 22.560538,
		"alight_site" : "莲花北站",
		"al_lng" : 114.059402,
		"al_lat" : 22.560538
	},
	{
		"abroad_site" : "深圳北站",
		"ab_lng" : 114.029113,
		"ab_lat" : 22.609725,
		"alight_site" : "莲花村站",
		"al_lng" : 114.067829,
		"al_lat" : 22.548646
	},
	{
		"abroad_site" : "侨香站",
		"ab_lng" : 114.014378,
		"ab_lat" : 22.549784,
		"alight_site" : "景田站",
		"al_lng" : 114.043343,
		"al_lat" : 22.553419
	},
	{
		"abroad_site" : "香梅北站",
		"ab_lng" : 114.032716,
		"ab_lat" : 22.55386,
		"alight_site" : "侨香站",
		"al_lng" : 114.014378,
		"al_lat" : 22.549784
	},
	{
		"abroad_site" : "大新站",
		"ab_lng" : 113.915072,
		"ab_lat" : 22.532232,
		"alight_site" : "车公庙站",
		"al_lng" : 114.02583,
		"al_lat" : 22.536247
	},
	{
		"abroad_site" : "蛇口港站",
		"ab_lng" : 113.912331,
		"ab_lat" : 22.476626,
		"alight_site" : "大新站",
		"al_lng" : 113.915072,
		"al_lat" : 22.532232
	},
	{
		"abroad_site" : "沙尾站",
		"ab_lng" : 114.042579,
		"ab_lat" : 22.520798,
		"alight_site" : "福田口岸站",
		"al_lng" : 114.069273,
		"al_lat" : 22.515737
	},
	{
		"abroad_site" : "福田口岸站",
		"ab_lng" : 114.069273,
		"ab_lat" : 22.515737,
		"alight_site" : "福民站",
		"al_lng" : 114.065915,
		"al_lat" : 22.523226
	},
	{
		"abroad_site" : "福民站",
		"ab_lng" : 114.065915,
		"ab_lat" : 22.523226,
		"alight_site" : "沙尾站",
		"al_lng" : 114.042579,
		"al_lat" : 22.520798
	},
	{
		"abroad_site" : "香梅站",
		"ab_lng" : 114.039683,
		"ab_lat" : 22.545356,
		"alight_site" : "赤湾站",
		"al_lng" : 113.924844,
		"al_lat" : 22.485098
	},
	{
		"abroad_site" : "海上世界站",
		"ab_lng" : 113.915111,
		"ab_lat" : 22.485101,
		"alight_site" : "东角头站",
		"al_lng" : 113.931149,
		"al_lat" : 22.486325
	},
	{
		"abroad_site" : "东角头站",
		"ab_lng" : 113.931149,
		"ab_lat" : 22.486325,
		"alight_site" : "香梅站",
		"al_lng" : 114.039683,
		"al_lat" : 22.545356
	},
	{
		"abroad_site" : "赤尾站",
		"ab_lng" : 114.083598,
		"ab_lat" : 22.531374,
		"alight_site" : "翠竹站",
		"al_lng" : 114.129883,
		"al_lat" : 22.556188
	},
	{
		"abroad_site" : "莲花北站",
		"ab_lng" : 114.059402,
		"ab_lat" : 22.560538,
		"alight_site" : "皇岗口岸站",
		"al_lng" : 114.073972,
		"al_lat" : 22.521799
	},
	{
		"abroad_site" : "福田口岸站",
		"ab_lng" : 114.069273,
		"ab_lat" : 22.515737,
		"alight_site" : "莲花北站",
		"al_lng" : 114.059402,
		"al_lat" : 22.560538
	},
	{
		"abroad_site" : "莲花北站",
		"ab_lng" : 114.059402,
		"ab_lat" : 22.560538,
		"alight_site" : "深圳北站",
		"al_lng" : 114.029113,
		"al_lat" : 22.609725
	},
	{
		"abroad_site" : "鼎胜山邻",
		"ab_lng" : 113.973152,
		"ab_lat" : 22.564814,
		"alight_site" : "洪湖公园①",
		"al_lng" : 114.122932,
		"al_lat" : 22.569027
	},
	{
		"abroad_site" : "洪湖公园①",
		"ab_lng" : 114.122932,
		"ab_lat" : 22.569027,
		"alight_site" : "新屋村",
		"al_lng" : 113.968338,
		"al_lat" : 22.566797
	},
	{
		"abroad_site" : "市检察院①",
		"ab_lng" : 114.104324,
		"ab_lat" : 22.558077,
		"alight_site" : "长岭",
		"al_lng" : 114.183243,
		"al_lat" : 22.556715
	},
	{
		"abroad_site" : "梧桐山总站",
		"ab_lng" : 114.190887,
		"ab_lat" : 22.593035,
		"alight_site" : "大望桥",
		"al_lng" : 114.168144,
		"al_lat" : 22.602926
	},
	{
		"abroad_site" : "大望桥",
		"ab_lng" : 114.168144,
		"ab_lat" : 22.602926,
		"alight_site" : "红岭北站",
		"al_lng" : 114.104315,
		"al_lat" : 22.56203
	},
	{
		"abroad_site" : "草埔站",
		"ab_lng" : 114.1165,
		"ab_lat" : 22.584447,
		"alight_site" : "通新岭站",
		"al_lng" : 114.096273,
		"al_lat" : 22.549126
	},
	{
		"abroad_site" : "通新岭站",
		"ab_lng" : 114.096273,
		"ab_lat" : 22.549126,
		"alight_site" : "草埔站",
		"al_lng" : 114.1165,
		"al_lat" : 22.584447
	},
	{
		"abroad_site" : "草埔站",
		"ab_lng" : 114.1165,
		"ab_lat" : 22.584447,
		"alight_site" : "黄贝岭站",
		"al_lng" : 114.142136,
		"al_lat" : 22.54862
	},
	{
		"abroad_site" : "黄贝岭站",
		"ab_lng" : 114.142136,
		"ab_lat" : 22.54862,
		"alight_site" : "通新岭站",
		"al_lng" : 114.096273,
		"al_lat" : 22.549126
	},
	{
		"abroad_site" : "通新岭站",
		"ab_lng" : 114.096273,
		"ab_lat" : 22.549126,
		"alight_site" : "草埔站",
		"al_lng" : 114.1165,
		"al_lat" : 22.584447
	},
	{
		"abroad_site" : "侨香站",
		"ab_lng" : 114.014378,
		"ab_lat" : 22.549784,
		"alight_site" : "少年宫站",
		"al_lng" : 114.06017,
		"al_lat" : 22.548627
	},
	{
		"abroad_site" : "少年宫站",
		"ab_lng" : 114.06017,
		"ab_lat" : 22.548627,
		"alight_site" : "侨香站",
		"al_lng" : 114.014378,
		"al_lat" : 22.549784
	},
	{
		"abroad_site" : "香蜜湖站",
		"ab_lng" : 114.038637,
		"ab_lat" : 22.538887,
		"alight_site" : "购物公园站",
		"al_lng" : 114.052948,
		"al_lat" : 22.53632
	},
	{
		"abroad_site" : "会展中心站",
		"ab_lng" : 114.061101,
		"ab_lat" : 22.534769,
		"alight_site" : "香蜜湖站",
		"al_lng" : 114.038637,
		"al_lat" : 22.538887
	},
	{
		"abroad_site" : "宝安站",
		"ab_lng" : 113.899146,
		"ab_lat" : 22.563762,
		"alight_site" : "岗厦北站",
		"al_lng" : 114.06924,
		"al_lat" : 22.540937
	},
	{
		"abroad_site" : "深圳湾公园站",
		"ab_lng" : 113.993114,
		"ab_lat" : 22.521591,
		"alight_site" : "车公庙站",
		"al_lng" : 114.02583,
		"al_lat" : 22.536247
	},
	{
		"abroad_site" : "草埔站",
		"ab_lng" : 114.1165,
		"ab_lat" : 22.584447,
		"alight_site" : "益田站",
		"al_lng" : 114.050987,
		"al_lat" : 22.516287
	},
	{
		"abroad_site" : "深圳北站",
		"ab_lng" : 114.029113,
		"ab_lat" : 22.609725,
		"alight_site" : "少年宫站",
		"al_lng" : 114.06017,
		"al_lat" : 22.548627
	},
	{
		"abroad_site" : "福田站",
		"ab_lng" : 114.057241,
		"ab_lat" : 22.53815,
		"alight_site" : "深圳北站",
		"al_lng" : 114.029113,
		"al_lat" : 22.609725
	},
	{
		"abroad_site" : "石厦站",
		"ab_lng" : 114.053616,
		"ab_lat" : 22.523708,
		"alight_site" : "福田站",
		"al_lng" : 114.057241,
		"al_lat" : 22.53815
	},
	{
		"abroad_site" : "深康站",
		"ab_lng" : 113.998846,
		"ab_lat" : 22.546456,
		"alight_site" : "莲花西站",
		"al_lng" : 114.050034,
		"al_lat" : 22.546668
	},
	{
		"abroad_site" : "农林站",
		"ab_lng" : 114.018135,
		"ab_lat" : 22.540411,
		"alight_site" : "世界之窗站",
		"al_lng" : 113.974216,
		"al_lat" : 22.5369
	},
	{
		"abroad_site" : "世界之窗站",
		"ab_lng" : 113.974216,
		"ab_lat" : 22.5369,
		"alight_site" : "农林站",
		"al_lng" : 114.018135,
		"al_lat" : 22.540411
	},
	{
		"abroad_site" : "世界之窗站",
		"ab_lng" : 113.974216,
		"ab_lat" : 22.5369,
		"alight_site" : "会展中心站",
		"al_lng" : 114.061101,
		"al_lat" : 22.534769
	},
	{
		"abroad_site" : "会展中心站",
		"ab_lng" : 114.061101,
		"ab_lat" : 22.534769,
		"alight_site" : "世界之窗站",
		"al_lng" : 113.974216,
		"al_lat" : 22.5369
	},
	{
		"abroad_site" : "孖岭站",
		"ab_lng" : 114.067778,
		"ab_lat" : 22.568458,
		"alight_site" : "红岭南站",
		"al_lng" : 114.104749,
		"al_lat" : 22.539943
	},
	{
		"abroad_site" : "都市名苑",
		"ab_lng" : 114.110977,
		"ab_lat" : 22.538507,
		"alight_site" : "京鹏大厦",
		"al_lng" : 114.129127,
		"al_lat" : 22.545246
	},
	{
		"abroad_site" : "桃源村站",
		"ab_lng" : 113.981962,
		"ab_lat" : 22.5599,
		"alight_site" : "晒布站",
		"al_lng" : 114.122664,
		"al_lat" : 22.549238
	},
	{
		"abroad_site" : "晒布站",
		"ab_lng" : 114.122664,
		"ab_lat" : 22.549238,
		"alight_site" : "桃源村站",
		"al_lng" : 113.981962,
		"al_lat" : 22.5599
	},
	{
		"abroad_site" : "桃源村站",
		"ab_lng" : 113.981962,
		"ab_lat" : 22.5599,
		"alight_site" : "大剧院站",
		"al_lng" : 114.107811,
		"al_lat" : 22.5418
	},
	{
		"abroad_site" : "大剧院站",
		"ab_lng" : 114.107811,
		"ab_lat" : 22.5418,
		"alight_site" : "侨香站",
		"al_lng" : 114.014378,
		"al_lat" : 22.549784
	},
	{
		"abroad_site" : "市儿童乐园",
		"ab_lng" : 114.015884,
		"ab_lat" : 22.543261,
		"alight_site" : "桃源村",
		"al_lng" : 113.981962,
		"al_lat" : 22.5599
	},
	{
		"abroad_site" : "赤尾站",
		"ab_lng" : 114.083598,
		"ab_lat" : 22.531374,
		"alight_site" : "黄木岗站",
		"al_lng" : 114.08728,
		"al_lat" : 22.555843
	},
	{
		"abroad_site" : "莲花北站",
		"ab_lng" : 114.059402,
		"ab_lat" : 22.560538,
		"alight_site" : "老街站",
		"al_lng" : 114.116939,
		"al_lat" : 22.544232
	},
	{
		"abroad_site" : "老街站",
		"ab_lng" : 114.116939,
		"ab_lat" : 22.544232,
		"alight_site" : "莲花北站",
		"al_lng" : 114.059402,
		"al_lat" : 22.560538
	},
	{
		"abroad_site" : "侨城东站",
		"ab_lng" : 113.996651,
		"ab_lat" : 22.532406,
		"alight_site" : "福民站",
		"al_lng" : 114.065915,
		"al_lat" : 22.523226
	},
	{
		"abroad_site" : "沙尾",
		"ab_lng" : 114.042579,
		"ab_lat" : 22.520798,
		"alight_site" : "中医院",
		"al_lng" : 114.084412,
		"al_lat" : 22.537622
	},
	{
		"abroad_site" : "赤尾站",
		"ab_lng" : 114.083598,
		"ab_lat" : 22.531374,
		"alight_site" : "沙尾站",
		"al_lng" : 114.042579,
		"al_lat" : 22.520798
	},
	{
		"abroad_site" : "岗厦站",
		"ab_lng" : 114.063591,
		"ab_lat" : 22.547375,
		"alight_site" : "会展中心站",
		"al_lng" : 114.061101,
		"al_lat" : 22.534769
	},
	{
		"abroad_site" : "莲花村站",
		"ab_lng" : 114.067829,
		"ab_lat" : 22.548646,
		"alight_site" : "白石龙站",
		"al_lng" : 114.042431,
		"al_lat" : 22.601505
	},
	{
		"abroad_site" : "白石龙站",
		"ab_lng" : 114.042431,
		"ab_lat" : 22.601505,
		"alight_site" : "莲花村站",
		"al_lng" : 114.067829,
		"al_lat" : 22.548646
	},
	{
		"abroad_site" : "机场站",
		"ab_lng" : 113.813663,
		"ab_lat" : 22.624026,
		"alight_site" : "丹竹头站",
		"al_lng" : 114.147644,
		"al_lat" : 22.61989
	},
	{
		"abroad_site" : "双龙站",
		"ab_lng" : 114.277422,
		"ab_lat" : 22.728806,
		"alight_site" : "大芬站",
		"al_lng" : 114.110773,
		"al_lat" : 22.613581
	},
	{
		"abroad_site" : "大芬站",
		"ab_lng" : 114.110773,
		"ab_lat" : 22.613581,
		"alight_site" : "双龙站",
		"al_lng" : 114.277422,
		"al_lat" : 22.728806
	},
	{
		"abroad_site" : "龙城广场站",
		"ab_lng" : 114.252541,
		"ab_lat" : 22.718138,
		"alight_site" : "布心站",
		"al_lng" : 114.138045,
		"al_lat" : 22.580986
	},
	{
		"abroad_site" : "白石洲站",
		"ab_lng" : 113.968773,
		"ab_lat" : 22.53944,
		"alight_site" : "后海站",
		"al_lng" : 113.942498,
		"al_lat" : 22.518422
	},
	{
		"abroad_site" : "后海站",
		"ab_lng" : 113.942498,
		"ab_lat" : 22.518422,
		"alight_site" : "白石洲站",
		"al_lng" : 113.968773,
		"al_lat" : 22.53944
	},
	{
		"abroad_site" : "福田党校",
		"ab_lng" : 114.066185,
		"ab_lat" : 22.571871,
		"alight_site" : "武警支队",
		"al_lng" : 114.067963,
		"al_lat" : 22.545874
	},
	{
		"abroad_site" : "武警支队",
		"ab_lng" : 114.067963,
		"ab_lat" : 22.545874,
		"alight_site" : "民乐地铁站⑤",
		"al_lng" : 114.024132,
		"al_lat" : 22.619011
	},
	{
		"abroad_site" : "草埔站",
		"ab_lng" : 114.1165,
		"ab_lat" : 22.584447,
		"alight_site" : "丹竹头站",
		"al_lng" : 114.147644,
		"al_lat" : 22.61989
	},
	{
		"abroad_site" : "中海怡翠",
		"ab_lng" : 114.109261,
		"ab_lat" : 22.622526,
		"alight_site" : "东门⑥",
		"al_lng" : 113.94906,
		"al_lat" : 22.52948
	},
	{
		"abroad_site" : "东门⑥",
		"ab_lng" : 113.94906,
		"ab_lat" : 22.52948,
		"alight_site" : "中海怡翠",
		"al_lng" : 114.109261,
		"al_lat" : 22.622526
	},
	{
		"abroad_site" : "景田站",
		"ab_lng" : 114.043343,
		"ab_lat" : 22.553419,
		"alight_site" : "后海站",
		"al_lng" : 113.942498,
		"al_lat" : 22.518422
	},
	{
		"abroad_site" : "后海站",
		"ab_lng" : 113.942498,
		"ab_lat" : 22.518422,
		"alight_site" : "景田站",
		"al_lng" : 114.043343,
		"al_lat" : 22.553419
	},
	{
		"abroad_site" : "蛇口港站",
		"ab_lng" : 113.912331,
		"ab_lat" : 22.476626,
		"alight_site" : "莲花西站",
		"al_lng" : 114.050034,
		"al_lat" : 22.546668
	},
	{
		"abroad_site" : "机场站",
		"ab_lng" : 113.813663,
		"ab_lat" : 22.624026,
		"alight_site" : "皇岗村站",
		"al_lng" : 114.038514,
		"al_lat" : 22.560759
	},
	{
		"abroad_site" : "通新岭站",
		"ab_lng" : 114.096273,
		"ab_lat" : 22.549126,
		"alight_site" : "景田站",
		"al_lng" : 114.043343,
		"al_lat" : 22.553419
	},
	{
		"abroad_site" : "岗厦北站",
		"ab_lng" : 114.06924,
		"ab_lat" : 22.540937,
		"alight_site" : "东角头站",
		"al_lng" : 113.931149,
		"al_lat" : 22.486325
	},
	{
		"abroad_site" : "东角头站",
		"ab_lng" : 113.931149,
		"ab_lat" : 22.486325,
		"alight_site" : "岗厦北站",
		"al_lng" : 114.06924,
		"al_lat" : 22.540937
	},
	{
		"abroad_site" : "金地网球中心",
		"ab_lng" : 114.019127,
		"ab_lat" : 22.552378,
		"alight_site" : "南头①",
		"al_lng" : 113.922516,
		"al_lat" : 22.540352
	},
	{
		"abroad_site" : "新安古城",
		"ab_lng" : 113.92099,
		"ab_lat" : 22.54043,
		"alight_site" : "世界之窗②",
		"al_lng" : 113.976463,
		"al_lat" : 22.53754
	},
	{
		"abroad_site" : "世界之窗站",
		"ab_lng" : 113.974216,
		"ab_lat" : 22.5369,
		"alight_site" : "科苑站",
		"al_lng" : 113.946195,
		"al_lat" : 22.527019
	},
	{
		"abroad_site" : "永湖站",
		"ab_lng" : 114.218042,
		"ab_lat" : 22.658995,
		"alight_site" : "大芬站",
		"al_lng" : 114.110773,
		"al_lat" : 22.613581
	},
	{
		"abroad_site" : "大芬站",
		"ab_lng" : 114.110773,
		"ab_lat" : 22.613581,
		"alight_site" : "永湖站",
		"al_lng" : 114.218042,
		"al_lat" : 22.658995
	},
	{
		"abroad_site" : "公交大厦",
		"ab_lng" : 114.064125,
		"ab_lat" : 22.558775,
		"alight_site" : "笔架山公园",
		"al_lng" : 114.076088,
		"al_lat" : 22.555351
	},
	{
		"abroad_site" : "笔架山公园",
		"ab_lng" : 114.076088,
		"ab_lat" : 22.555351,
		"alight_site" : "公交大厦",
		"al_lng" : 114.064125,
		"al_lat" : 22.558775
	},
	{
		"abroad_site" : "宝深路",
		"ab_lng" : 113.947998,
		"ab_lat" : 22.561197,
		"alight_site" : "白石洲①",
		"al_lng" : 113.967048,
		"al_lat" : 22.539604
	},
	{
		"abroad_site" : "白石洲①",
		"ab_lng" : 113.967048,
		"ab_lat" : 22.539604,
		"alight_site" : "松坪村",
		"al_lng" : 113.951714,
		"al_lat" : 22.55678
	},
	{
		"abroad_site" : "益田花园",
		"ab_lng" : 114.057014,
		"ab_lat" : 22.515505,
		"alight_site" : "莲花中学",
		"al_lng" : 114.067825,
		"al_lat" : 22.552614
	},
	{
		"abroad_site" : "笔架山公园",
		"ab_lng" : 114.076088,
		"ab_lat" : 22.555351,
		"alight_site" : "福田水围村",
		"al_lng" : 114.065384,
		"al_lat" : 22.518051
	},
	{
		"abroad_site" : "中级法院",
		"ab_lng" : 114.067825,
		"ab_lat" : 22.56098,
		"alight_site" : "振华路中",
		"al_lng" : 114.090347,
		"al_lat" : 22.538065
	},
	{
		"abroad_site" : "岗厦站",
		"ab_lng" : 114.063591,
		"ab_lat" : 22.547375,
		"alight_site" : "罗湖站",
		"al_lng" : 114.116746,
		"al_lat" : 22.560244
	},
	{
		"abroad_site" : "益田站",
		"ab_lng" : 114.050987,
		"ab_lat" : 22.516287,
		"alight_site" : "福田口岸站",
		"al_lng" : 114.069273,
		"al_lat" : 22.515737
	},
	{
		"abroad_site" : "鲤鱼门站",
		"ab_lng" : 113.903079,
		"ab_lat" : 22.532005,
		"alight_site" : "桃园站",
		"al_lng" : 113.924857,
		"al_lat" : 22.532357
	},
	{
		"abroad_site" : "桃园站",
		"ab_lng" : 113.924857,
		"ab_lat" : 22.532357,
		"alight_site" : "鲤鱼门站",
		"al_lng" : 113.903079,
		"al_lat" : 22.532005
	},
	{
		"abroad_site" : "岗厦站",
		"ab_lng" : 114.063591,
		"ab_lat" : 22.547375,
		"alight_site" : "罗湖站",
		"al_lng" : 114.116746,
		"al_lat" : 22.560244
	},
	{
		"abroad_site" : "侨香站",
		"ab_lng" : 114.014378,
		"ab_lat" : 22.549784,
		"alight_site" : "深圳北站",
		"al_lng" : 114.029113,
		"al_lat" : 22.609725
	},
	{
		"abroad_site" : "深圳北站",
		"ab_lng" : 114.029113,
		"ab_lat" : 22.609725,
		"alight_site" : "工业八路西",
		"al_lng" : 113.920616,
		"al_lat" : 22.500729
	},
	{
		"abroad_site" : "农林站",
		"ab_lng" : 114.018135,
		"ab_lat" : 22.540411,
		"alight_site" : "华强北站",
		"al_lng" : 114.086243,
		"al_lat" : 22.544244
	},
	{
		"abroad_site" : "华强北站",
		"ab_lng" : 114.086243,
		"ab_lat" : 22.544244,
		"alight_site" : "莲花西站",
		"al_lng" : 114.050034,
		"al_lat" : 22.546668
	},
	{
		"abroad_site" : "莲花西站",
		"ab_lng" : 114.050034,
		"ab_lat" : 22.546668,
		"alight_site" : "农林站",
		"al_lng" : 114.018135,
		"al_lat" : 22.540411
	},
	{
		"abroad_site" : "梅村站",
		"ab_lng" : 114.038514,
		"ab_lat" : 22.560759,
		"alight_site" : "上梅林站",
		"al_lng" : 114.05944,
		"al_lat" : 22.570462
	},
	{
		"abroad_site" : "上梅林站",
		"ab_lng" : 114.05944,
		"ab_lat" : 22.570462,
		"alight_site" : "梅村站",
		"al_lng" : 114.038514,
		"al_lat" : 22.560759
	},
	{
		"abroad_site" : "福田农批市场",
		"ab_lng" : 114.038132,
		"ab_lat" : 22.562832,
		"alight_site" : "上梅林市场",
		"al_lng" : 114.058136,
		"al_lat" : 22.564514
	},
	{
		"abroad_site" : "上梅林市场",
		"ab_lng" : 114.058136,
		"ab_lat" : 22.564514,
		"alight_site" : "梅林一村",
		"al_lng" : 114.041451,
		"al_lat" : 22.565483
	},
	{
		"abroad_site" : "樟树布社区",
		"ab_lng" : 114.15461,
		"ab_lat" : 22.605537,
		"alight_site" : "福民公安小区",
		"al_lng" : 114.067299,
		"al_lat" : 22.519394
	},
	{
		"abroad_site" : "沙吓",
		"ab_lng" : 114.03727,
		"ab_lat" : 22.629015,
		"alight_site" : "少年宫",
		"al_lng" : 114.06017,
		"al_lat" : 22.548627
	},
	{
		"abroad_site" : "太安站",
		"ab_lng" : 114.137018,
		"ab_lat" : 22.572496,
		"alight_site" : "甘坑村委",
		"al_lng" : 114.108012,
		"al_lat" : 22.656628
	},
	{
		"abroad_site" : "甘坑村委",
		"ab_lng" : 114.108012,
		"ab_lat" : 22.656628,
		"alight_site" : "太安站",
		"al_lng" : 114.137018,
		"al_lat" : 22.572496
	},
	{
		"abroad_site" : "深圳北站",
		"ab_lng" : 114.029113,
		"ab_lat" : 22.609725,
		"alight_site" : "布吉站",
		"al_lng" : 114.123749,
		"al_lat" : 22.617382
	},
	{
		"abroad_site" : "香梅站",
		"ab_lng" : 114.039683,
		"ab_lat" : 22.545356,
		"alight_site" : "下梅林站",
		"al_lng" : 114.041768,
		"al_lat" : 22.565672
	},
	{
		"abroad_site" : "下梅林站",
		"ab_lng" : 114.041768,
		"ab_lat" : 22.565672,
		"alight_site" : "香梅站",
		"al_lng" : 114.039683,
		"al_lat" : 22.545356
	},
	{
		"abroad_site" : "岗厦地铁站",
		"ab_lng" : 114.06649,
		"ab_lat" : 22.534813,
		"alight_site" : "华强路口",
		"al_lng" : 114.085297,
		"al_lat" : 22.54645
	},
	{
		"abroad_site" : "华强路口",
		"ab_lng" : 114.085297,
		"ab_lat" : 22.54645,
		"alight_site" : "福华三路口",
		"al_lng" : 114.063316,
		"al_lat" : 22.533602
	},
	{
		"abroad_site" : "吉祥站",
		"ab_lng" : 114.244318,
		"ab_lat" : 22.709488,
		"alight_site" : "华新站",
		"al_lng" : 114.086654,
		"al_lat" : 22.548981
	},
	{
		"abroad_site" : "华新站",
		"ab_lng" : 114.086654,
		"ab_lat" : 22.548981,
		"alight_site" : "吉祥站",
		"al_lng" : 114.244318,
		"al_lat" : 22.709488
	},
	{
		"abroad_site" : "华新站",
		"ab_lng" : 114.086654,
		"ab_lat" : 22.548981,
		"alight_site" : "益田村",
		"al_lng" : 114.052231,
		"al_lat" : 22.516085
	},
	{
		"abroad_site" : "益田站",
		"ab_lng" : 114.050987,
		"ab_lat" : 22.516287,
		"alight_site" : "华新站",
		"al_lng" : 114.086654,
		"al_lat" : 22.548981
	},
	{
		"abroad_site" : "深圳北站",
		"ab_lng" : 114.029113,
		"ab_lat" : 22.609725,
		"alight_site" : "上沙站",
		"al_lng" : 114.028282,
		"al_lat" : 22.529348
	},
	{
		"abroad_site" : "景田站",
		"ab_lng" : 114.043343,
		"ab_lat" : 22.553419,
		"alight_site" : "机场站",
		"al_lng" : 113.813663,
		"al_lat" : 22.624026
	},
	{
		"abroad_site" : "景田站",
		"ab_lng" : 114.043343,
		"ab_lat" : 22.553419,
		"alight_site" : "银湖站",
		"al_lng" : 114.089157,
		"al_lat" : 22.568182
	},
	{
		"abroad_site" : "罗湖站",
		"ab_lng" : 114.116746,
		"ab_lat" : 22.560244,
		"alight_site" : "五和站",
		"al_lng" : 114.060681,
		"al_lat" : 22.626833
	},
	{
		"abroad_site" : "水贝站",
		"ab_lng" : 114.124974,
		"ab_lat" : 22.573988,
		"alight_site" : "横岗站",
		"al_lng" : 114.208994,
		"al_lat" : 22.648442
	},
	{
		"abroad_site" : "梅景站",
		"ab_lng" : 114.037934,
		"ab_lat" : 22.561028,
		"alight_site" : "固戍站",
		"al_lng" : 113.846792,
		"al_lat" : 22.601363
	},
	{
		"abroad_site" : "固戍站",
		"ab_lng" : 113.846792,
		"ab_lat" : 22.601363,
		"alight_site" : "梅景站",
		"al_lng" : 114.037934,
		"al_lat" : 22.561028
	},
	{
		"abroad_site" : "市边检站基地",
		"ab_lng" : 114.072723,
		"ab_lat" : 22.682079,
		"alight_site" : "深圳北站",
		"al_lng" : 114.029113,
		"al_lat" : 22.609725
	},
	{
		"abroad_site" : "岗厦北站",
		"ab_lng" : 114.06924,
		"ab_lat" : 22.540937,
		"alight_site" : "湖贝站",
		"al_lng" : 114.125437,
		"al_lat" : 22.544287
	},
	{
		"abroad_site" : "湖贝站",
		"ab_lng" : 114.125437,
		"ab_lat" : 22.544287,
		"alight_site" : "岗厦北站",
		"al_lng" : 114.06924,
		"al_lat" : 22.540937
	},
	{
		"abroad_site" : "竹园宾馆②",
		"ab_lng" : 114.133713,
		"ab_lat" : 22.558325,
		"alight_site" : "东门老街",
		"al_lng" : 114.120552,
		"al_lat" : 22.544222
	},
	{
		"abroad_site" : "下梅林市场②",
		"ab_lng" : 114.042572,
		"ab_lat" : 22.563034,
		"alight_site" : "人民桥",
		"al_lng" : 114.112717,
		"al_lat" : 22.542286
	},
	{
		"abroad_site" : "人民桥",
		"ab_lng" : 114.112717,
		"ab_lat" : 22.542286,
		"alight_site" : "会展中心地铁站",
		"al_lng" : 114.060165,
		"al_lat" : 22.534687
	},
	{
		"abroad_site" : "会展中心站",
		"ab_lng" : 114.061101,
		"ab_lat" : 22.534769,
		"alight_site" : "下梅林站",
		"al_lng" : 114.041768,
		"al_lat" : 22.565672
	},
	{
		"abroad_site" : "下梅林市场②",
		"ab_lng" : 114.042572,
		"ab_lat" : 22.563034,
		"alight_site" : "人民桥",
		"al_lng" : 114.112717,
		"al_lat" : 22.542286
	},
	{
		"abroad_site" : "人民桥",
		"ab_lng" : 114.112717,
		"ab_lat" : 22.542286,
		"alight_site" : "会展中心地铁站",
		"al_lng" : 114.060165,
		"al_lat" : 22.534687
	},
	{
		"abroad_site" : "会展中心站",
		"ab_lng" : 114.061101,
		"ab_lat" : 22.534769,
		"alight_site" : "下梅林站",
		"al_lng" : 114.041768,
		"al_lat" : 22.565672
	},
	{
		"abroad_site" : "竹子林站",
		"ab_lng" : 114.013917,
		"ab_lat" : 22.533357,
		"alight_site" : "布吉站",
		"al_lng" : 114.123749,
		"al_lat" : 22.617382
	},
	{
		"abroad_site" : "上沙村",
		"ab_lng" : 114.035332,
		"ab_lat" : 22.524635,
		"alight_site" : "北环香梅北天桥",
		"al_lng" : 114.03112,
		"al_lat" : 22.557865
	},
	{
		"abroad_site" : "北环香梅北天桥",
		"ab_lng" : 114.03112,
		"ab_lat" : 22.557865,
		"alight_site" : "新洲村",
		"al_lng" : 114.04393,
		"al_lat" : 22.520126
	},
	{
		"abroad_site" : "后海站",
		"ab_lng" : 113.942498,
		"ab_lat" : 22.518422,
		"alight_site" : "泥岗站",
		"al_lng" : 114.097634,
		"al_lat" : 22.567804
	},
	{
		"abroad_site" : "燕南站",
		"ab_lng" : 114.092561,
		"ab_lat" : 22.544541,
		"alight_site" : "下梅林站",
		"al_lng" : 114.041768,
		"al_lat" : 22.565672
	},
	{
		"abroad_site" : "车公庙站",
		"ab_lng" : 114.02583,
		"ab_lat" : 22.536247,
		"alight_site" : "宝安中心站",
		"al_lng" : 113.886589,
		"al_lat" : 22.555304
	},
	{
		"abroad_site" : "购物公园站",
		"ab_lng" : 114.052948,
		"ab_lat" : 22.53632,
		"alight_site" : "少年宫站",
		"al_lng" : 114.06017,
		"al_lat" : 22.548627
	},
	{
		"abroad_site" : "少年宫站",
		"ab_lng" : 114.06017,
		"ab_lat" : 22.548627,
		"alight_site" : "购物公园站",
		"al_lng" : 114.052948,
		"al_lat" : 22.53632
	},
	{
		"abroad_site" : "下梅林站",
		"ab_lng" : 114.041768,
		"ab_lat" : 22.565672,
		"alight_site" : "老街站",
		"al_lng" : 114.116939,
		"al_lat" : 22.544232
	},
	{
		"abroad_site" : "老街站",
		"ab_lng" : 114.116939,
		"ab_lat" : 22.544232,
		"alight_site" : "下梅林站",
		"al_lng" : 114.041768,
		"al_lat" : 22.565672
	},
	{
		"abroad_site" : "香梅北站",
		"ab_lng" : 114.032716,
		"ab_lat" : 22.55386,
		"alight_site" : "大剧院站",
		"al_lng" : 114.107811,
		"al_lat" : 22.5418
	},
	{
		"abroad_site" : "七支队宿舍",
		"ab_lng" : 114.045219,
		"ab_lat" : 22.571796,
		"alight_site" : "梅林阁",
		"al_lng" : 114.054756,
		"al_lat" : 22.568352
	},
	{
		"abroad_site" : "梅林阁",
		"ab_lng" : 114.054756,
		"ab_lat" : 22.568352,
		"alight_site" : "下梅林文体公园",
		"al_lng" : 114.043007,
		"al_lat" : 22.567678
	},
	{
		"abroad_site" : "宝安站",
		"ab_lng" : 113.899146,
		"ab_lat" : 22.563762,
		"alight_site" : "福田站",
		"al_lng" : 114.057241,
		"al_lat" : 22.53815
	},
	{
		"abroad_site" : "福田站",
		"ab_lng" : 114.057241,
		"ab_lat" : 22.53815,
		"alight_site" : "宝安站",
		"al_lng" : 113.899146,
		"al_lat" : 22.563762
	},
	{
		"abroad_site" : "梅景站",
		"ab_lng" : 114.037934,
		"ab_lat" : 22.561028,
		"alight_site" : "翠竹站",
		"al_lng" : 114.129883,
		"al_lat" : 22.556188
	},
	{
		"abroad_site" : "翠竹站",
		"ab_lng" : 114.129883,
		"ab_lat" : 22.556188,
		"alight_site" : "梅景站",
		"al_lng" : 114.037934,
		"al_lat" : 22.561028
	},
	{
		"abroad_site" : "梅景站",
		"ab_lng" : 114.037934,
		"ab_lat" : 22.561028,
		"alight_site" : "机场站",
		"al_lng" : 113.813663,
		"al_lat" : 22.624026
	},
	{
		"abroad_site" : "莲花北站",
		"ab_lng" : 114.059402,
		"ab_lat" : 22.560538,
		"alight_site" : "深圳北站",
		"al_lng" : 114.029113,
		"al_lat" : 22.609725
	},
	{
		"abroad_site" : "龙胜站",
		"ab_lng" : 114.030946,
		"ab_lat" : 22.671135,
		"alight_site" : "欧洲城东",
		"al_lng" : 113.96888,
		"al_lat" : 22.556871
	},
	{
		"abroad_site" : "欧洲城东",
		"ab_lng" : 113.96888,
		"ab_lat" : 22.556871,
		"alight_site" : "龙胜站",
		"al_lng" : 114.030946,
		"al_lat" : 22.671135
	},
	{
		"abroad_site" : "深云村南",
		"ab_lng" : 113.992043,
		"ab_lat" : 22.553612,
		"alight_site" : "桃源村东",
		"al_lng" : 113.985397,
		"al_lat" : 22.558538
	},
	{
		"abroad_site" : "深圳北站",
		"ab_lng" : 114.029113,
		"ab_lat" : 22.609725,
		"alight_site" : "新安站",
		"al_lng" : 113.894625,
		"al_lat" : 22.547468
	},
	{
		"abroad_site" : "益田站",
		"ab_lng" : 114.050987,
		"ab_lat" : 22.516287,
		"alight_site" : "大剧院站",
		"al_lng" : 114.107811,
		"al_lat" : 22.5418
	},
	{
		"abroad_site" : "大剧院站",
		"ab_lng" : 114.107811,
		"ab_lat" : 22.5418,
		"alight_site" : "益田站",
		"al_lng" : 114.050987,
		"al_lat" : 22.516287
	},
	{
		"abroad_site" : "桃园站",
		"ab_lng" : 113.924857,
		"ab_lat" : 22.532357,
		"alight_site" : "罗湖站",
		"al_lng" : 114.116746,
		"al_lat" : 22.560244
	},
	{
		"abroad_site" : "民乐地铁站",
		"ab_lng" : 114.050385,
		"ab_lat" : 22.594336,
		"alight_site" : "园岭新村",
		"al_lng" : 114.101852,
		"al_lat" : 22.555885
	},
	{
		"abroad_site" : "旭飞花园",
		"ab_lng" : 114.103577,
		"ab_lat" : 22.558863,
		"alight_site" : "民乐地铁站①",
		"al_lng" : 114.050385,
		"al_lat" : 22.594336
	},
	{
		"abroad_site" : "莲塘枫景",
		"ab_lng" : 114.170433,
		"ab_lat" : 22.566429,
		"alight_site" : "牛栏前",
		"al_lng" : 114.036812,
		"al_lat" : 22.634527
	},
	{
		"abroad_site" : "牛栏前",
		"ab_lng" : 114.036812,
		"ab_lat" : 22.634527,
		"alight_site" : "长岭总站",
		"al_lng" : 114.186684,
		"al_lat" : 22.55398
	},
	{
		"abroad_site" : "笋岗桥",
		"ab_lng" : 114.117287,
		"ab_lat" : 22.555998,
		"alight_site" : "市政大厦②",
		"al_lng" : 114.040329,
		"al_lat" : 22.545473
	},
	{
		"abroad_site" : "香蜜二村",
		"ab_lng" : 114.039825,
		"ab_lat" : 22.544035,
		"alight_site" : "洪湖公园①",
		"al_lng" : 114.122932,
		"al_lat" : 22.569027
	},
	{
		"abroad_site" : "田贝地铁站",
		"ab_lng" : 114.129875,
		"ab_lat" : 22.568356,
		"alight_site" : "翠竹苑",
		"al_lng" : 114.13002,
		"al_lat" : 22.557833
	},
	{
		"abroad_site" : "竹园宾馆②",
		"ab_lng" : 114.133713,
		"ab_lat" : 22.558325,
		"alight_site" : "留医部②",
		"al_lng" : 114.132149,
		"al_lat" : 22.557644
	},
	{
		"abroad_site" : "田贝地铁站",
		"ab_lng" : 114.129875,
		"ab_lat" : 22.568356,
		"alight_site" : "康宁医院",
		"al_lng" : 114.130325,
		"al_lat" : 22.563681
	},
	{
		"abroad_site" : "桃源村站",
		"ab_lng" : 113.981962,
		"ab_lat" : 22.5599,
		"alight_site" : "西丽湖站",
		"al_lng" : 113.965648,
		"al_lat" : 22.593567
	},
	{
		"abroad_site" : "西丽湖站",
		"ab_lng" : 113.965648,
		"ab_lat" : 22.593567,
		"alight_site" : "桃源村站",
		"al_lng" : 113.981962,
		"al_lat" : 22.5599
	},
	{
		"abroad_site" : "黄贝岭地铁站②",
		"ab_lng" : 114.136332,
		"ab_lat" : 22.546095,
		"alight_site" : "金稻田路口",
		"al_lng" : 114.133713,
		"al_lat" : 22.583038
	},
	{
		"abroad_site" : "金威啤酒街",
		"ab_lng" : 114.133823,
		"ab_lat" : 22.57675,
		"alight_site" : "深圳东站",
		"al_lng" : 114.118698,
		"al_lat" : 22.532539
	},
	{
		"abroad_site" : "尚峰花园",
		"ab_lng" : 114.140488,
		"ab_lat" : 22.623779,
		"alight_site" : "洪湖公园①",
		"al_lng" : 114.122932,
		"al_lat" : 22.569027
	},
	{
		"abroad_site" : "洪湖公园②",
		"ab_lng" : 114.122932,
		"ab_lat" : 22.569027,
		"alight_site" : "桂芳园",
		"al_lng" : 114.140495,
		"al_lat" : 22.616913
	},
	{
		"abroad_site" : "上雪市场",
		"ab_lng" : 114.082253,
		"ab_lat" : 22.64547,
		"alight_site" : "东方半岛",
		"al_lng" : 114.130798,
		"al_lat" : 22.610729
	},
	{
		"abroad_site" : "东方半岛",
		"ab_lng" : 114.130798,
		"ab_lat" : 22.610729,
		"alight_site" : "雪象新村",
		"al_lng" : 114.077461,
		"al_lat" : 22.651884
	},
	{
		"abroad_site" : "沙尾站",
		"ab_lng" : 114.042579,
		"ab_lat" : 22.520798,
		"alight_site" : "车公庙站",
		"al_lng" : 114.02583,
		"al_lat" : 22.536247
	},
	{
		"abroad_site" : "泰然九路",
		"ab_lng" : 114.024872,
		"ab_lat" : 22.530787,
		"alight_site" : "益田花园西①",
		"al_lng" : 114.055679,
		"al_lat" : 22.513668
	},
	{
		"abroad_site" : "益田花园西①",
		"ab_lng" : 114.055679,
		"ab_lat" : 22.513668,
		"alight_site" : "新洲村",
		"al_lng" : 114.04393,
		"al_lat" : 22.520126
	},
	{
		"abroad_site" : "鸿新花园①",
		"ab_lng" : 114.005257,
		"ab_lat" : 22.543295,
		"alight_site" : "上川路口①",
		"al_lng" : 113.890404,
		"al_lat" : 22.571358
	},
	{
		"abroad_site" : "弘雅小学",
		"ab_lng" : 113.891953,
		"ab_lat" : 22.575884,
		"alight_site" : "鸿新花园",
		"al_lng" : 114.005257,
		"al_lat" : 22.543295
	},
	{
		"abroad_site" : "布吉汽车站",
		"ab_lng" : 114.123749,
		"ab_lat" : 22.617382,
		"alight_site" : "东门中①",
		"al_lng" : 114.123421,
		"al_lat" : 22.550236
	},
	{
		"abroad_site" : "太安站",
		"ab_lng" : 114.137018,
		"ab_lat" : 22.572496,
		"alight_site" : "福民站",
		"al_lng" : 114.065915,
		"al_lat" : 22.523226
	},
	{
		"abroad_site" : "福民站",
		"ab_lng" : 114.065915,
		"ab_lat" : 22.523226,
		"alight_site" : "太安站",
		"al_lng" : 114.137018,
		"al_lat" : 22.572496
	},
	{
		"abroad_site" : "太安站",
		"ab_lng" : 114.137018,
		"ab_lat" : 22.572496,
		"alight_site" : "黄贝岭站",
		"al_lng" : 114.142136,
		"al_lat" : 22.54862
	},
	{
		"abroad_site" : "冶金大厦",
		"ab_lng" : 114.133469,
		"ab_lat" : 22.545555,
		"alight_site" : "上海宾馆",
		"al_lng" : 114.083359,
		"al_lat" : 22.540424
	},
	{
		"abroad_site" : "华新站",
		"ab_lng" : 114.086654,
		"ab_lat" : 22.548981,
		"alight_site" : "太安站",
		"al_lng" : 114.137018,
		"al_lat" : 22.572496
	},
	{
		"abroad_site" : "福田口岸站",
		"ab_lng" : 114.069273,
		"ab_lat" : 22.515737,
		"alight_site" : "龙城广场站",
		"al_lng" : 114.252541,
		"al_lat" : 22.718138
	},
	{
		"abroad_site" : "上塘站",
		"ab_lng" : 114.012808,
		"ab_lat" : 22.637134,
		"alight_site" : "布吉站",
		"al_lng" : 114.123749,
		"al_lat" : 22.617382
	},
	{
		"abroad_site" : "深云站",
		"ab_lng" : 113.993727,
		"ab_lat" : 22.556537,
		"alight_site" : "罗湖站",
		"al_lng" : 114.116746,
		"al_lat" : 22.560244
	},
	{
		"abroad_site" : "景鹏大厦",
		"ab_lng" : 114.04702,
		"ab_lat" : 22.557253,
		"alight_site" : "螺岭",
		"al_lng" : 114.12989,
		"al_lat" : 22.551302
	},
	{
		"abroad_site" : "螺岭",
		"ab_lng" : 114.12989,
		"ab_lat" : 22.551302,
		"alight_site" : "莲花山西②",
		"al_lng" : 114.051346,
		"al_lat" : 22.548004
	},
	{
		"abroad_site" : "双龙站",
		"ab_lng" : 114.277422,
		"ab_lat" : 22.728806,
		"alight_site" : "文化广场北",
		"al_lng" : 114.041298,
		"al_lat" : 22.656206
	},
	{
		"abroad_site" : "罗湖站",
		"ab_lng" : 114.116746,
		"ab_lat" : 22.560244,
		"alight_site" : "红岭站",
		"al_lng" : 114.104584,
		"al_lat" : 22.54838
	},
	{
		"abroad_site" : "莲花山西②",
		"ab_lng" : 114.051346,
		"ab_lat" : 22.548004,
		"alight_site" : "怡景地铁站①",
		"al_lng" : 114.140976,
		"al_lat" : 22.555035
	},
	{
		"abroad_site" : "怡景站",
		"ab_lng" : 114.140115,
		"ab_lat" : 22.555856,
		"alight_site" : "景田站",
		"al_lng" : 114.043343,
		"al_lat" : 22.553419
	},
	{
		"abroad_site" : "蛇口港站",
		"ab_lng" : 113.912331,
		"ab_lat" : 22.476626,
		"alight_site" : "后海站",
		"al_lng" : 113.942498,
		"al_lat" : 22.518422
	},
	{
		"abroad_site" : "黄木岗站",
		"ab_lng" : 114.08728,
		"ab_lat" : 22.555843,
		"alight_site" : "西丽站",
		"al_lng" : 113.954396,
		"al_lat" : 22.580677
	},
	{
		"abroad_site" : "深圳北站",
		"ab_lng" : 114.029113,
		"ab_lat" : 22.609725,
		"alight_site" : "莲花北站",
		"al_lng" : 114.059402,
		"al_lat" : 22.560538
	},
	{
		"abroad_site" : "桂园中学",
		"ab_lng" : 114.112701,
		"ab_lat" : 22.555929,
		"alight_site" : "恒通工业区",
		"al_lng" : 114.101196,
		"al_lat" : 22.630865
	},
	{
		"abroad_site" : "恒通工业区",
		"ab_lng" : 114.101196,
		"ab_lat" : 22.630865,
		"alight_site" : "中海怡翠",
		"al_lng" : 114.109261,
		"al_lat" : 22.622526
	},
	{
		"abroad_site" : "上水径站",
		"ab_lng" : 114.105337,
		"ab_lat" : 22.622046,
		"alight_site" : "洪湖站",
		"al_lng" : 114.116746,
		"al_lat" : 22.560244
	},
	{
		"abroad_site" : "北大医院②",
		"ab_lng" : 114.05117,
		"ab_lat" : 22.555855,
		"alight_site" : "花卉世界①",
		"al_lng" : 114.076401,
		"al_lat" : 22.548433
	},
	{
		"abroad_site" : "花卉世界②",
		"ab_lng" : 114.076401,
		"ab_lat" : 22.548433,
		"alight_site" : "上塘公交站",
		"al_lng" : 114.012619,
		"al_lat" : 22.636992
	},
	{
		"abroad_site" : "上塘站",
		"ab_lng" : 114.012808,
		"ab_lat" : 22.637134,
		"alight_site" : "景田站",
		"al_lng" : 114.043343,
		"al_lat" : 22.553419
	},
	{
		"abroad_site" : "tcl国际e城",
		"ab_lng" : 113.930519,
		"ab_lat" : 22.568584,
		"alight_site" : "中山园",
		"al_lng" : 113.92379,
		"al_lat" : 22.558975
	},
	{
		"abroad_site" : "中山园",
		"ab_lng" : 113.92379,
		"ab_lat" : 22.558975,
		"alight_site" : "研祥科技大厦",
		"al_lng" : 113.93293,
		"al_lat" : 22.544394
	},
	{
		"abroad_site" : "香蜜湖站",
		"ab_lng" : 114.038637,
		"ab_lat" : 22.538887,
		"alight_site" : "福田口岸站",
		"al_lng" : 114.069273,
		"al_lat" : 22.515737
	},
	{
		"abroad_site" : "福田口岸站",
		"ab_lng" : 114.069273,
		"ab_lat" : 22.515737,
		"alight_site" : "香蜜湖站",
		"al_lng" : 114.038637,
		"al_lat" : 22.538887
	},
	{
		"abroad_site" : "福田口岸站",
		"ab_lng" : 114.069273,
		"ab_lat" : 22.515737,
		"alight_site" : "香蜜湖站",
		"al_lng" : 114.038637,
		"al_lat" : 22.538887
	},
	{
		"abroad_site" : "景田站",
		"ab_lng" : 114.043343,
		"ab_lat" : 22.553419,
		"alight_site" : "碧海湾站",
		"al_lng" : 113.856093,
		"al_lat" : 22.575073
	},
	{
		"abroad_site" : "华丽环岛",
		"ab_lng" : 114.135002,
		"ab_lat" : 22.552454,
		"alight_site" : "南头火车西站",
		"al_lng" : 113.908208,
		"al_lat" : 22.527251
	},
	{
		"abroad_site" : "后海立交",
		"ab_lng" : 113.932465,
		"ab_lat" : 22.521618,
		"alight_site" : "联合广场",
		"al_lng" : 114.069466,
		"al_lat" : 22.529181
	},
	{
		"abroad_site" : "田贝站",
		"ab_lng" : 114.130052,
		"ab_lat" : 22.56728,
		"alight_site" : "梅景站",
		"al_lng" : 114.037934,
		"al_lat" : 22.561028
	},
	{
		"abroad_site" : "益田站",
		"ab_lng" : 114.050987,
		"ab_lat" : 22.516287,
		"alight_site" : "沙尾站",
		"al_lng" : 114.042579,
		"al_lat" : 22.520798
	},
	{
		"abroad_site" : "景田站",
		"ab_lng" : 114.043343,
		"ab_lat" : 22.553419,
		"alight_site" : "深圳湾公园站",
		"al_lng" : 113.993114,
		"al_lat" : 22.521591
	},
	{
		"abroad_site" : "深圳湾公园站",
		"ab_lng" : 113.993114,
		"ab_lat" : 22.521591,
		"alight_site" : "景田站",
		"al_lng" : 114.043343,
		"al_lat" : 22.553419
	},
	{
		"abroad_site" : "福田实验学校①",
		"ab_lng" : 114.045036,
		"ab_lat" : 22.528402,
		"alight_site" : "花果山",
		"al_lng" : 113.924896,
		"al_lat" : 22.491762
	},
	{
		"abroad_site" : "东角头站",
		"ab_lng" : 113.931149,
		"ab_lat" : 22.486325,
		"alight_site" : "科苑站",
		"al_lng" : 113.946195,
		"al_lat" : 22.527019
	},
	{
		"abroad_site" : "科技南路",
		"ab_lng" : 113.950027,
		"ab_lat" : 22.530313,
		"alight_site" : "科苑南路口",
		"al_lng" : 113.94738,
		"al_lat" : 22.527058
	},
	{
		"abroad_site" : "机场站",
		"ab_lng" : 113.813663,
		"ab_lat" : 22.624026,
		"alight_site" : "上梅林站",
		"al_lng" : 114.05944,
		"al_lat" : 22.570462
	},
	{
		"abroad_site" : "深圳湾公园站",
		"ab_lng" : 113.993114,
		"ab_lat" : 22.521591,
		"alight_site" : "景田站",
		"al_lng" : 114.043343,
		"al_lat" : 22.553419
	},
	{
		"abroad_site" : "龙华站",
		"ab_lng" : 114.030946,
		"ab_lat" : 22.671135,
		"alight_site" : "少年宫站",
		"al_lng" : 114.06017,
		"al_lat" : 22.548627
	},
	{
		"abroad_site" : "少年宫站",
		"ab_lng" : 114.06017,
		"ab_lat" : 22.548627,
		"alight_site" : "华新站",
		"al_lng" : 114.086654,
		"al_lat" : 22.548981
	},
	{
		"abroad_site" : "华强北站",
		"ab_lng" : 114.086243,
		"ab_lat" : 22.544244,
		"alight_site" : "龙华站",
		"al_lng" : 114.030946,
		"al_lat" : 22.671135
	},
	{
		"abroad_site" : "丽都酒店②",
		"ab_lng" : 114.12384,
		"ab_lat" : 22.540049,
		"alight_site" : "罗湖区委",
		"al_lng" : 114.131012,
		"al_lat" : 22.547848
	},
	{
		"abroad_site" : "罗湖区委",
		"ab_lng" : 114.131012,
		"ab_lat" : 22.547848,
		"alight_site" : "丽都酒店②",
		"al_lng" : 114.12384,
		"al_lat" : 22.540049
	},
	{
		"abroad_site" : "太安站",
		"ab_lng" : 114.137018,
		"ab_lat" : 22.572496,
		"alight_site" : "东门市场",
		"al_lng" : 114.122368,
		"al_lat" : 22.545446
	},
	{
		"abroad_site" : "老街站",
		"ab_lng" : 114.116939,
		"ab_lat" : 22.544232,
		"alight_site" : "少年宫站",
		"al_lng" : 114.06017,
		"al_lat" : 22.548627
	},
	{
		"abroad_site" : "少年宫站",
		"ab_lng" : 114.06017,
		"ab_lat" : 22.548627,
		"alight_site" : "太安站",
		"al_lng" : 114.137018,
		"al_lat" : 22.572496
	},
	{
		"abroad_site" : "罗湖站",
		"ab_lng" : 114.116746,
		"ab_lat" : 22.560244,
		"alight_site" : "科学馆站",
		"al_lng" : 114.094946,
		"al_lat" : 22.540618
	},
	{
		"abroad_site" : "科学馆站",
		"ab_lng" : 114.094946,
		"ab_lat" : 22.540618,
		"alight_site" : "罗湖站",
		"al_lng" : 114.116746,
		"al_lat" : 22.560244
	},
	{
		"abroad_site" : "深圳北站",
		"ab_lng" : 114.029113,
		"ab_lat" : 22.609725,
		"alight_site" : "横岗站",
		"al_lng" : 114.208994,
		"al_lat" : 22.648442
	},
	{
		"abroad_site" : "横岗站",
		"ab_lng" : 114.208994,
		"ab_lat" : 22.648442,
		"alight_site" : "深圳北站",
		"al_lng" : 114.029113,
		"al_lat" : 22.609725
	},
	{
		"abroad_site" : "深圳书城",
		"ab_lng" : 114.108482,
		"ab_lat" : 22.541466,
		"alight_site" : "福民公安小区",
		"al_lng" : 114.067299,
		"al_lat" : 22.519394
	},
	{
		"abroad_site" : "福民公安小区",
		"ab_lng" : 114.067299,
		"ab_lat" : 22.519394,
		"alight_site" : "深圳书城",
		"al_lng" : 114.108482,
		"al_lat" : 22.541466
	},
	{
		"abroad_site" : "沙尾站",
		"ab_lng" : 114.042579,
		"ab_lat" : 22.520798,
		"alight_site" : "少年宫站",
		"al_lng" : 114.06017,
		"al_lat" : 22.548627
	},
	{
		"abroad_site" : "少年宫站",
		"ab_lng" : 114.06017,
		"ab_lat" : 22.548627,
		"alight_site" : "沙尾站",
		"al_lng" : 114.042579,
		"al_lat" : 22.520798
	},
	{
		"abroad_site" : "福民站",
		"ab_lng" : 114.065915,
		"ab_lat" : 22.523226,
		"alight_site" : "华强南站",
		"al_lng" : 114.086825,
		"al_lat" : 22.537214
	},
	{
		"abroad_site" : "华强南站",
		"ab_lng" : 114.086825,
		"ab_lat" : 22.537214,
		"alight_site" : "福民站",
		"al_lng" : 114.065915,
		"al_lat" : 22.523226
	},
	{
		"abroad_site" : "市民中心",
		"ab_lng" : 114.061192,
		"ab_lat" : 22.541744,
		"alight_site" : "皇岗中学",
		"al_lng" : 114.064079,
		"al_lat" : 22.525707
	},
	{
		"abroad_site" : "皇岗中学",
		"ab_lng" : 114.064079,
		"ab_lat" : 22.525707,
		"alight_site" : "儿童医院",
		"al_lng" : 114.056229,
		"al_lat" : 22.547354
	},
	{
		"abroad_site" : "市民中心西",
		"ab_lng" : 114.056305,
		"ab_lat" : 22.543657,
		"alight_site" : "东方雅苑",
		"al_lng" : 114.056648,
		"al_lat" : 22.52389
	},
	{
		"abroad_site" : "石厦站",
		"ab_lng" : 114.053616,
		"ab_lat" : 22.523708,
		"alight_site" : "福民站",
		"al_lng" : 114.065915,
		"al_lat" : 22.523226
	},
	{
		"abroad_site" : "福民公安小区",
		"ab_lng" : 114.067299,
		"ab_lat" : 22.519394,
		"alight_site" : "莲塘",
		"al_lng" : 114.172119,
		"al_lat" : 22.560308
	},
	{
		"abroad_site" : "深云站",
		"ab_lng" : 113.993727,
		"ab_lat" : 22.556537,
		"alight_site" : "大剧院站",
		"al_lng" : 114.107811,
		"al_lat" : 22.5418
	},
	{
		"abroad_site" : "大剧院站",
		"ab_lng" : 114.107811,
		"ab_lat" : 22.5418,
		"alight_site" : "深云站",
		"al_lng" : 113.993727,
		"al_lat" : 22.556537
	},
	{
		"abroad_site" : "石厦站",
		"ab_lng" : 114.053616,
		"ab_lat" : 22.523708,
		"alight_site" : "大剧院站",
		"al_lng" : 114.107811,
		"al_lat" : 22.5418
	},
	{
		"abroad_site" : "深圳书城",
		"ab_lng" : 114.108482,
		"ab_lat" : 22.541466,
		"alight_site" : "福田区委",
		"al_lng" : 114.054169,
		"al_lat" : 22.523005
	},
	{
		"abroad_site" : "赤尾站",
		"ab_lng" : 114.083598,
		"ab_lat" : 22.531374,
		"alight_site" : "草埔站",
		"al_lng" : 114.1165,
		"al_lat" : 22.584447
	},
	{
		"abroad_site" : "草埔站",
		"ab_lng" : 114.1165,
		"ab_lat" : 22.584447,
		"alight_site" : "赤尾站",
		"al_lng" : 114.083598,
		"al_lat" : 22.531374
	},
	{
		"abroad_site" : "老街站",
		"ab_lng" : 114.116939,
		"ab_lat" : 22.544232,
		"alight_site" : "罗湖站",
		"al_lng" : 114.116746,
		"al_lat" : 22.560244
	},
	{
		"abroad_site" : "机场站",
		"ab_lng" : 113.813663,
		"ab_lat" : 22.624026,
		"alight_site" : "华新站",
		"al_lng" : 114.086654,
		"al_lat" : 22.548981
	},
	{
		"abroad_site" : "银湖站",
		"ab_lng" : 114.089157,
		"ab_lat" : 22.568182,
		"alight_site" : "景田站",
		"al_lng" : 114.043343,
		"al_lat" : 22.553419
	},
	{
		"abroad_site" : "桃园站",
		"ab_lng" : 113.924857,
		"ab_lat" : 22.532357,
		"alight_site" : "莲花北站",
		"al_lng" : 114.059402,
		"al_lat" : 22.560538
	},
	{
		"abroad_site" : "上水径站",
		"ab_lng" : 114.105337,
		"ab_lat" : 22.622046,
		"alight_site" : "福田口岸站",
		"al_lng" : 114.069273,
		"al_lat" : 22.515737
	},
	{
		"abroad_site" : "岗厦村",
		"ab_lng" : 114.068161,
		"ab_lat" : 22.534035,
		"alight_site" : "茵悦之生",
		"al_lng" : 114.111389,
		"al_lat" : 22.626827
	},
	{
		"abroad_site" : "梅村站",
		"ab_lng" : 114.038514,
		"ab_lat" : 22.560759,
		"alight_site" : "怡景站",
		"al_lng" : 114.140115,
		"al_lat" : 22.555856
	},
	{
		"abroad_site" : "蛇口港站",
		"ab_lng" : 113.912331,
		"ab_lat" : 22.476626,
		"alight_site" : "香梅北站",
		"al_lng" : 114.032716,
		"al_lat" : 22.55386
	},
	{
		"abroad_site" : "南玻大厦",
		"ab_lng" : 113.918976,
		"ab_lat" : 22.492804,
		"alight_site" : "蛇口人民医院",
		"al_lng" : 113.92083,
		"al_lat" : 22.49744
	},
	{
		"abroad_site" : "蛇口人民医院",
		"ab_lng" : 113.92083,
		"ab_lat" : 22.49744,
		"alight_site" : "水湾头",
		"al_lng" : 113.917572,
		"al_lat" : 22.490051
	},
	{
		"abroad_site" : "独树村③",
		"ab_lng" : 114.119621,
		"ab_lat" : 22.578421,
		"alight_site" : "华茂苑",
		"al_lng" : 114.058327,
		"al_lat" : 22.562586
	},
	{
		"abroad_site" : "公交大厦",
		"ab_lng" : 114.064125,
		"ab_lat" : 22.558775,
		"alight_site" : "田贝①",
		"al_lng" : 114.128052,
		"al_lat" : 22.559996
	},
	{
		"abroad_site" : "康宁医院",
		"ab_lng" : 114.130325,
		"ab_lat" : 22.563681,
		"alight_site" : "文锦南路",
		"al_lng" : 114.131096,
		"al_lat" : 22.543442
	},
	{
		"abroad_site" : "上梅林站",
		"ab_lng" : 114.05944,
		"ab_lat" : 22.570462,
		"alight_site" : "下沙站",
		"al_lng" : 114.272293,
		"al_lat" : 22.700365
	},
	{
		"abroad_site" : "红桂大厦",
		"ab_lng" : 114.108246,
		"ab_lat" : 22.550173,
		"alight_site" : "水库新村",
		"al_lng" : 114.139297,
		"al_lat" : 22.561897
	},
	{
		"abroad_site" : "农林站",
		"ab_lng" : 114.018135,
		"ab_lat" : 22.540411,
		"alight_site" : "下沙站",
		"al_lng" : 114.272293,
		"al_lat" : 22.700365
	},
	{
		"abroad_site" : "下沙站",
		"ab_lng" : 114.272293,
		"ab_lat" : 22.700365,
		"alight_site" : "车公庙站",
		"al_lng" : 114.02583,
		"al_lat" : 22.536247
	},
	{
		"abroad_site" : "车公庙站",
		"ab_lng" : 114.02583,
		"ab_lat" : 22.536247,
		"alight_site" : "农林站",
		"al_lng" : 114.018135,
		"al_lat" : 22.540411
	},
	{
		"abroad_site" : "香梅北站",
		"ab_lng" : 114.032716,
		"ab_lat" : 22.55386,
		"alight_site" : "深圳湾公园站",
		"al_lng" : 113.993114,
		"al_lat" : 22.521591
	},
	{
		"abroad_site" : "深圳湾公园站",
		"ab_lng" : 113.993114,
		"ab_lat" : 22.521591,
		"alight_site" : "香梅北站",
		"al_lng" : 114.032716,
		"al_lat" : 22.55386
	},
	{
		"abroad_site" : "桃源村东",
		"ab_lng" : 113.985397,
		"ab_lat" : 22.558538,
		"alight_site" : "官龙村",
		"al_lng" : 113.949234,
		"al_lat" : 22.591606
	},
	{
		"abroad_site" : "官龙村",
		"ab_lng" : 113.949234,
		"ab_lat" : 22.591606,
		"alight_site" : "鼎胜山邻",
		"al_lng" : 113.973152,
		"al_lat" : 22.564814
	},
	{
		"abroad_site" : "香蜜湖站",
		"ab_lng" : 114.038637,
		"ab_lat" : 22.538887,
		"alight_site" : "海月站",
		"al_lng" : 113.937715,
		"al_lat" : 22.500409
	},
	{
		"abroad_site" : "海月站",
		"ab_lng" : 113.937715,
		"ab_lat" : 22.500409,
		"alight_site" : "香蜜湖站",
		"al_lng" : 114.038637,
		"al_lat" : 22.538887
	},
	{
		"abroad_site" : "益田站",
		"ab_lng" : 114.050987,
		"ab_lat" : 22.516287,
		"alight_site" : "莲花村站",
		"al_lng" : 114.067829,
		"al_lat" : 22.548646
	},
	{
		"abroad_site" : "少年宫站",
		"ab_lng" : 114.06017,
		"ab_lat" : 22.548627,
		"alight_site" : "益田站",
		"al_lng" : 114.050987,
		"al_lat" : 22.516287
	},
	{
		"abroad_site" : "湖贝站",
		"ab_lng" : 114.125437,
		"ab_lat" : 22.544287,
		"alight_site" : "华强北站",
		"al_lng" : 114.086243,
		"al_lat" : 22.544244
	},
	{
		"abroad_site" : "华强北站",
		"ab_lng" : 114.086243,
		"ab_lat" : 22.544244,
		"alight_site" : "湖贝站",
		"al_lng" : 114.125437,
		"al_lat" : 22.544287
	},
	{
		"abroad_site" : "世界之窗站",
		"ab_lng" : 113.974216,
		"ab_lat" : 22.5369,
		"alight_site" : "安托山站",
		"al_lng" : 114.006236,
		"al_lat" : 22.548785
	},
	{
		"abroad_site" : "沙井中心客运站",
		"ab_lng" : 113.842491,
		"ab_lat" : 22.727747,
		"alight_site" : "福田交通枢纽",
		"al_lng" : 114.011592,
		"al_lat" : 22.532144
	},
	{
		"abroad_site" : "竹子林站",
		"ab_lng" : 114.013917,
		"ab_lat" : 22.533357,
		"alight_site" : "塘尾站",
		"al_lng" : 113.908073,
		"al_lat" : 22.749704
	},
	{
		"abroad_site" : "侨城北站",
		"ab_lng" : 113.989148,
		"ab_lat" : 22.543992,
		"alight_site" : "莲花西站",
		"al_lng" : 114.050034,
		"al_lat" : 22.546668
	},
	{
		"abroad_site" : "莲花西站",
		"ab_lng" : 114.050034,
		"ab_lat" : 22.546668,
		"alight_site" : "侨香站",
		"al_lng" : 114.014378,
		"al_lat" : 22.549784
	},
	{
		"abroad_site" : "侨香站",
		"ab_lng" : 114.014378,
		"ab_lat" : 22.549784,
		"alight_site" : "侨城北站",
		"al_lng" : 113.989148,
		"al_lat" : 22.543992
	},
	{
		"abroad_site" : "滨江新村②",
		"ab_lng" : 114.098412,
		"ab_lat" : 22.535156,
		"alight_site" : "海上田园",
		"al_lng" : 113.781248,
		"al_lat" : 22.731201
	},
	{
		"abroad_site" : "桃源村站",
		"ab_lng" : 113.981962,
		"ab_lat" : 22.5599,
		"alight_site" : "科苑站",
		"al_lng" : 113.946195,
		"al_lat" : 22.527019
	},
	{
		"abroad_site" : "晒布站",
		"ab_lng" : 114.122664,
		"ab_lat" : 22.549238,
		"alight_site" : "翠竹站",
		"al_lng" : 114.129883,
		"al_lat" : 22.556188
	},
	{
		"abroad_site" : "晒布站",
		"ab_lng" : 114.122664,
		"ab_lat" : 22.549238,
		"alight_site" : "翠竹站",
		"al_lng" : 114.129883,
		"al_lat" : 22.556188
	},
	{
		"abroad_site" : "晒布站",
		"ab_lng" : 114.122664,
		"ab_lat" : 22.549238,
		"alight_site" : "晒布站",
		"al_lng" : 114.122664,
		"al_lat" : 22.549238
	},
	{
		"abroad_site" : "竹子林站",
		"ab_lng" : 114.013917,
		"ab_lat" : 22.533357,
		"alight_site" : "华新站",
		"al_lng" : 114.086654,
		"al_lat" : 22.548981
	},
	{
		"abroad_site" : "华新站",
		"ab_lng" : 114.086654,
		"ab_lat" : 22.548981,
		"alight_site" : "莲花村站",
		"al_lng" : 114.067829,
		"al_lat" : 22.548646
	},
	{
		"abroad_site" : "会展中心站",
		"ab_lng" : 114.061101,
		"ab_lat" : 22.534769,
		"alight_site" : "深圳大学站",
		"al_lng" : 113.931847,
		"al_lat" : 22.533911
	},
	{
		"abroad_site" : "宝安中心站",
		"ab_lng" : 113.886589,
		"ab_lat" : 22.555304,
		"alight_site" : "莲花山庄",
		"al_lng" : 114.106079,
		"al_lat" : 22.597986
	},
	{
		"abroad_site" : "梅村站",
		"ab_lng" : 114.038514,
		"ab_lat" : 22.560759,
		"alight_site" : "红岭北站",
		"al_lng" : 114.104315,
		"al_lat" : 22.56203
	},
	{
		"abroad_site" : "田贝站",
		"ab_lng" : 114.130052,
		"ab_lat" : 22.56728,
		"alight_site" : "田贝站",
		"al_lng" : 114.130052,
		"al_lat" : 22.56728
	},
	{
		"abroad_site" : "莲花一村",
		"ab_lng" : 114.07077,
		"ab_lat" : 22.55525,
		"alight_site" : "福田外语学校东",
		"al_lng" : 114.035301,
		"al_lat" : 22.554718
	},
	{
		"abroad_site" : "宏浩花园",
		"ab_lng" : 114.037743,
		"ab_lat" : 22.551424,
		"alight_site" : "公交大厦",
		"al_lng" : 114.064125,
		"al_lat" : 22.558775
	},
	{
		"abroad_site" : "通新岭站",
		"ab_lng" : 114.096273,
		"ab_lat" : 22.549126,
		"alight_site" : "少年宫站",
		"al_lng" : 114.06017,
		"al_lat" : 22.548627
	},
	{
		"abroad_site" : "少年宫站",
		"ab_lng" : 114.06017,
		"ab_lat" : 22.548627,
		"alight_site" : "购物公园站",
		"al_lng" : 114.052948,
		"al_lat" : 22.53632
	},
	{
		"abroad_site" : "购物公园站",
		"ab_lng" : 114.052948,
		"ab_lat" : 22.53632,
		"alight_site" : "通新岭站",
		"al_lng" : 114.096273,
		"al_lat" : 22.549126
	},
	{
		"abroad_site" : "深圳大学",
		"ab_lng" : 113.931847,
		"ab_lat" : 22.533911,
		"alight_site" : "海上世界公交接驳站",
		"al_lng" : 113.916687,
		"al_lat" : 22.485865
	},
	{
		"abroad_site" : "海上世界公交接驳站",
		"ab_lng" : 113.916687,
		"ab_lat" : 22.485865,
		"alight_site" : "豪方现代豪园",
		"al_lng" : 113.933296,
		"al_lat" : 22.545174
	},
	{
		"abroad_site" : "流花山公园",
		"ab_lng" : 113.953163,
		"ab_lat" : 22.515543,
		"alight_site" : "深圳湾口岸",
		"al_lng" : 113.951416,
		"al_lat" : 22.505091
	},
	{
		"abroad_site" : "深圳湾口岸",
		"ab_lng" : 113.951416,
		"ab_lat" : 22.505091,
		"alight_site" : "阳光带海滨城北",
		"al_lng" : 113.952682,
		"al_lat" : 22.527071
	},
	{
		"abroad_site" : "皇岗口岸站",
		"ab_lng" : 114.073972,
		"ab_lat" : 22.521799,
		"alight_site" : "华强北站",
		"al_lng" : 114.086243,
		"al_lat" : 22.544244
	},
	{
		"abroad_site" : "华强北站",
		"ab_lng" : 114.086243,
		"ab_lat" : 22.544244,
		"alight_site" : "皇岗口岸站",
		"al_lng" : 114.073972,
		"al_lat" : 22.521799
	},
	{
		"abroad_site" : "白石洲站",
		"ab_lng" : 113.968773,
		"ab_lat" : 22.53944,
		"alight_site" : "灵芝站",
		"al_lng" : 113.904158,
		"al_lat" : 22.568964
	},
	{
		"abroad_site" : "灵芝站",
		"ab_lng" : 113.904158,
		"ab_lat" : 22.568964,
		"alight_site" : "白石洲站",
		"al_lng" : 113.968773,
		"al_lat" : 22.53944
	},
	{
		"abroad_site" : "益田花园",
		"ab_lng" : 114.057014,
		"ab_lat" : 22.515505,
		"alight_site" : "上海宾馆东",
		"al_lng" : 114.084961,
		"al_lat" : 22.540464
	},
	{
		"abroad_site" : "华新站",
		"ab_lng" : 114.086654,
		"ab_lat" : 22.548981,
		"alight_site" : "益田站",
		"al_lng" : 114.050987,
		"al_lat" : 22.516287
	},
	{
		"abroad_site" : "高新园站",
		"ab_lng" : 113.953842,
		"ab_lat" : 22.540236,
		"alight_site" : "深圳北站",
		"al_lng" : 114.029113,
		"al_lat" : 22.609725
	},
	{
		"abroad_site" : "华强北站",
		"ab_lng" : 114.086243,
		"ab_lat" : 22.544244,
		"alight_site" : "南山站",
		"al_lng" : 113.912877,
		"al_lat" : 22.542716
	},
	{
		"abroad_site" : "后海站",
		"ab_lng" : 113.942498,
		"ab_lat" : 22.518422,
		"alight_site" : "岗厦北站",
		"al_lng" : 114.06924,
		"al_lat" : 22.540937
	},
	{
		"abroad_site" : "百鸽笼站",
		"ab_lng" : 114.13038,
		"ab_lat" : 22.595442,
		"alight_site" : "新秀站",
		"al_lng" : 114.148765,
		"al_lat" : 22.547688
	},
	{
		"abroad_site" : "黄贝岭站",
		"ab_lng" : 114.142136,
		"ab_lat" : 22.54862,
		"alight_site" : "大剧院站",
		"al_lng" : 114.107811,
		"al_lat" : 22.5418
	},
	{
		"abroad_site" : "大剧院站",
		"ab_lng" : 114.107811,
		"ab_lat" : 22.5418,
		"alight_site" : "百鸽笼站",
		"al_lng" : 114.13038,
		"al_lat" : 22.595442
	},
	{
		"abroad_site" : "梅景站",
		"ab_lng" : 114.037934,
		"ab_lat" : 22.561028,
		"alight_site" : "坪洲站",
		"al_lng" : 113.899146,
		"al_lat" : 22.563762
	},
	{
		"abroad_site" : "坪洲站",
		"ab_lng" : 113.899146,
		"ab_lat" : 22.563762,
		"alight_site" : "梅景站",
		"al_lng" : 114.037934,
		"al_lat" : 22.561028
	},
	{
		"abroad_site" : "皇岗口岸站",
		"ab_lng" : 114.073972,
		"ab_lat" : 22.521799,
		"alight_site" : "太安站",
		"al_lng" : 114.137018,
		"al_lat" : 22.572496
	},
	{
		"abroad_site" : "彩福大厦",
		"ab_lng" : 114.068092,
		"ab_lat" : 22.53688,
		"alight_site" : "福民新村",
		"al_lng" : 114.068344,
		"al_lat" : 22.5228
	},
	{
		"abroad_site" : "福民站",
		"ab_lng" : 114.065915,
		"ab_lat" : 22.523226,
		"alight_site" : "会展中心站",
		"al_lng" : 114.061101,
		"al_lat" : 22.534769
	},
	{
		"abroad_site" : "会展中心站",
		"ab_lng" : 114.061101,
		"ab_lat" : 22.534769,
		"alight_site" : "岗厦北站",
		"al_lng" : 114.06924,
		"al_lat" : 22.540937
	},
	{
		"abroad_site" : "侨城北站",
		"ab_lng" : 113.989148,
		"ab_lat" : 22.543992,
		"alight_site" : "东角头站",
		"al_lng" : 113.931149,
		"al_lat" : 22.486325
	},
	{
		"abroad_site" : "佳嘉豪苑",
		"ab_lng" : 113.930061,
		"ab_lat" : 22.514818,
		"alight_site" : "桃源村",
		"al_lng" : 113.981962,
		"al_lat" : 22.5599
	},
	{
		"abroad_site" : "长岭",
		"ab_lng" : 114.183243,
		"ab_lat" : 22.556715,
		"alight_site" : "聚宝路口",
		"al_lng" : 114.169128,
		"al_lat" : 22.559774
	},
	{
		"abroad_site" : "莲塘街道办",
		"ab_lng" : 114.169632,
		"ab_lat" : 22.564072,
		"alight_site" : "深圳东站",
		"al_lng" : 114.118698,
		"al_lat" : 22.532539
	},
	{
		"abroad_site" : "牛湖车队总站",
		"ab_lng" : 114.088293,
		"ab_lat" : 22.730142,
		"alight_site" : "沙井站",
		"al_lng" : 113.809759,
		"al_lat" : 22.732605
	},
	{
		"abroad_site" : "宝安站",
		"ab_lng" : 113.899146,
		"ab_lat" : 22.563762,
		"alight_site" : "皇岗口岸站",
		"al_lng" : 114.073972,
		"al_lat" : 22.521799
	},
	{
		"abroad_site" : "皇岗口岸站",
		"ab_lng" : 114.073972,
		"ab_lat" : 22.521799,
		"alight_site" : "宝安站",
		"al_lng" : 113.899146,
		"al_lat" : 22.563762
	},
	{
		"abroad_site" : "沙尾站",
		"ab_lng" : 114.042579,
		"ab_lat" : 22.520798,
		"alight_site" : "少年宫站",
		"al_lng" : 114.06017,
		"al_lat" : 22.548627
	},
	{
		"abroad_site" : "少年宫站",
		"ab_lng" : 114.06017,
		"ab_lat" : 22.548627,
		"alight_site" : "沙尾站",
		"al_lng" : 114.042579,
		"al_lat" : 22.520798
	},
	{
		"abroad_site" : "侨香站",
		"ab_lng" : 114.014378,
		"ab_lat" : 22.549784,
		"alight_site" : "湖贝站",
		"al_lng" : 114.125437,
		"al_lat" : 22.544287
	},
	{
		"abroad_site" : "长安桥",
		"ab_lng" : 114.054428,
		"ab_lat" : 22.731348,
		"alight_site" : "荔园小学",
		"al_lng" : 114.096291,
		"al_lat" : 22.545929
	},
	{
		"abroad_site" : "湖贝站",
		"ab_lng" : 114.125437,
		"ab_lat" : 22.544287,
		"alight_site" : "百鸽笼站",
		"al_lng" : 114.13038,
		"al_lat" : 22.595442
	},
	{
		"abroad_site" : "百鸽笼站",
		"ab_lng" : 114.13038,
		"ab_lat" : 22.595442,
		"alight_site" : "湖贝站",
		"al_lng" : 114.125437,
		"al_lat" : 22.544287
	},
	{
		"abroad_site" : "通新岭站",
		"ab_lng" : 114.096273,
		"ab_lat" : 22.549126,
		"alight_site" : "赤尾站",
		"al_lng" : 114.083598,
		"al_lat" : 22.531374
	},
	{
		"abroad_site" : "黄木岗站",
		"ab_lng" : 114.08728,
		"ab_lat" : 22.555843,
		"alight_site" : "通新岭站",
		"al_lng" : 114.096273,
		"al_lat" : 22.549126
	},
	{
		"abroad_site" : "大芬站",
		"ab_lng" : 114.110773,
		"ab_lat" : 22.613581,
		"alight_site" : "长龙站",
		"al_lng" : 114.113825,
		"al_lat" : 22.608053
	},
	{
		"abroad_site" : "笋岗火车站",
		"ab_lng" : 114.117691,
		"ab_lat" : 22.564955,
		"alight_site" : "石芽岭公园",
		"al_lng" : 114.134972,
		"al_lat" : 22.616962
	},
	{
		"abroad_site" : "布吉站",
		"ab_lng" : 114.123749,
		"ab_lat" : 22.617382,
		"alight_site" : "丹竹头站",
		"al_lng" : 114.147644,
		"al_lat" : 22.61989
	},
	{
		"abroad_site" : "翠竹站",
		"ab_lng" : 114.129883,
		"ab_lat" : 22.556188,
		"alight_site" : "华新站",
		"al_lng" : 114.086654,
		"al_lat" : 22.548981
	},
	{
		"abroad_site" : "福田口岸站",
		"ab_lng" : 114.069273,
		"ab_lat" : 22.515737,
		"alight_site" : "车公庙站",
		"al_lng" : 114.02583,
		"al_lat" : 22.536247
	},
	{
		"abroad_site" : "车公庙站",
		"ab_lng" : 114.02583,
		"ab_lat" : 22.536247,
		"alight_site" : "福田口岸站",
		"al_lng" : 114.069273,
		"al_lat" : 22.515737
	},
	{
		"abroad_site" : "福田口岸站",
		"ab_lng" : 114.069273,
		"ab_lat" : 22.515737,
		"alight_site" : "清湖站",
		"al_lng" : 114.037033,
		"al_lat" : 22.665243
	},
	{
		"abroad_site" : "爱华市场",
		"ab_lng" : 114.092567,
		"ab_lat" : 22.538385,
		"alight_site" : "金光华广场",
		"al_lng" : 114.11972,
		"al_lat" : 22.539951
	},
	{
		"abroad_site" : "金光华广场",
		"ab_lng" : 114.11972,
		"ab_lat" : 22.539951,
		"alight_site" : "蔡屋围新七坊",
		"al_lng" : 114.10881,
		"al_lat" : 22.537756
	},
	{
		"abroad_site" : "大剧院站",
		"ab_lng" : 114.107811,
		"ab_lat" : 22.5418,
		"alight_site" : "上梅林站",
		"al_lng" : 114.05944,
		"al_lat" : 22.570462
	},
	{
		"abroad_site" : "上梅林站",
		"ab_lng" : 114.05944,
		"ab_lat" : 22.570462,
		"alight_site" : "大剧院站",
		"al_lng" : 114.107811,
		"al_lat" : 22.5418
	},
	{
		"abroad_site" : "大剧院站",
		"ab_lng" : 114.107811,
		"ab_lat" : 22.5418,
		"alight_site" : "黄贝岭站",
		"al_lng" : 114.142136,
		"al_lat" : 22.54862
	},
	{
		"abroad_site" : "太安站",
		"ab_lng" : 114.137018,
		"ab_lat" : 22.572496,
		"alight_site" : "梅景站",
		"al_lng" : 114.037934,
		"al_lat" : 22.561028
	},
	{
		"abroad_site" : "桃源村东",
		"ab_lng" : 113.985397,
		"ab_lat" : 22.558538,
		"alight_site" : "福田中医院",
		"al_lng" : 114.041023,
		"al_lat" : 22.560101
	},
	{
		"abroad_site" : "梅景站",
		"ab_lng" : 114.037934,
		"ab_lat" : 22.561028,
		"alight_site" : "太安站",
		"al_lng" : 114.137018,
		"al_lat" : 22.572496
	},
	{
		"abroad_site" : "龙胜站",
		"ab_lng" : 114.030946,
		"ab_lat" : 22.671135,
		"alight_site" : "草埔站",
		"al_lng" : 114.1165,
		"al_lat" : 22.584447
	},
	{
		"abroad_site" : "蛇口港站",
		"ab_lng" : 113.912331,
		"ab_lat" : 22.476626,
		"alight_site" : "桃源村站",
		"al_lng" : 113.981962,
		"al_lat" : 22.5599
	},
	{
		"abroad_site" : "福华新村",
		"ab_lng" : 114.070084,
		"ab_lat" : 22.535173,
		"alight_site" : "莲花中学",
		"al_lng" : 114.067825,
		"al_lat" : 22.552614
	},
	{
		"abroad_site" : "莲花村站",
		"ab_lng" : 114.067829,
		"ab_lat" : 22.548646,
		"alight_site" : "赤尾站",
		"al_lng" : 114.083598,
		"al_lat" : 22.531374
	},
	{
		"abroad_site" : "龙华站",
		"ab_lng" : 114.030946,
		"ab_lat" : 22.671135,
		"alight_site" : "燕南站",
		"al_lng" : 114.092561,
		"al_lat" : 22.544541
	},
	{
		"abroad_site" : "燕南站",
		"ab_lng" : 114.092561,
		"ab_lat" : 22.544541,
		"alight_site" : "会展中心站",
		"al_lng" : 114.061101,
		"al_lat" : 22.534769
	},
	{
		"abroad_site" : "会展中心站",
		"ab_lng" : 114.061101,
		"ab_lat" : 22.534769,
		"alight_site" : "科学馆站",
		"al_lng" : 114.094946,
		"al_lat" : 22.540618
	}
]
